# relative_time, cycles_done, cur_item, corpus_count, pending_total, pending_favs, map_size, saved_crashes, saved_hangs, max_depth, execs_per_sec, total_execs, edges_found, total_crashes, servers_count
62, 0, 177, 351, 268, 67, 3.07%, 0, 0, 3, 2365.58, 152502, 2010, 0, 0
67, 0, 280, 362, 234, 23, 3.08%, 0, 0, 4, 2435.29, 165068, 2016, 0, 0
72, 0, 305, 367, 232, 17, 3.08%, 0, 0, 4, 2515.78, 177866, 2016, 0, 0
77, 0, 69, 374, 215, 0, 3.09%, 0, 0, 4, 2501.52, 190707, 2022, 0, 0
83, 0, 334, 387, 226, 0, 3.09%, 0, 0, 4, 2439.44, 203451, 2024, 0, 0
88, 0, 354, 392, 220, 0, 3.10%, 0, 0, 5, 2515.44, 216492, 2034, 0, 0
93, 0, 366, 399, 214, 0, 3.11%, 0, 0, 6, 2581.76, 229599, 2036, 0, 0
98, 0, 392, 415, 230, 0, 3.11%, 0, 0, 6, 2327.78, 241123, 2036, 0, 0
103, 1, 282, 428, 219, 0, 3.19%, 0, 0, 6, 2451.06, 253843, 2093, 0, 0
108, 1, 62, 431, 198, 0, 3.20%, 0, 0, 6, 2541.09, 266657, 2096, 0, 0
113, 1, 4, 433, 187, 0, 3.20%, 0, 0, 7, 2462.47, 279659, 2096, 0, 0
119, 1, 408, 433, 153, 0, 3.20%, 0, 0, 7, 2528.83, 292832, 2096, 0, 0
124, 1, 345, 439, 139, 0, 3.20%, 0, 0, 7, 2474.91, 305124, 2096, 0, 0
129, 1, 94, 442, 125, 0, 3.22%, 0, 0, 7, 2472.55, 317559, 2110, 0, 0
134, 2, 20, 445, 112, 0, 3.22%, 0, 0, 7, 2502.40, 330269, 2110, 0, 0
139, 2, 317, 451, 104, 0, 3.22%, 0, 0, 7, 2507.74, 342811, 2110, 0, 0
144, 2, 456, 458, 89, 0, 3.22%, 0, 0, 7, 2491.71, 355101, 2111, 0, 0
149, 2, 249, 466, 95, 0, 3.22%, 0, 0, 7, 2524.13, 367866, 2111, 0, 0
154, 2, 96, 469, 87, 0, 3.22%, 0, 0, 7, 2477.08, 380493, 2111, 0, 0
159, 2, 391, 472, 83, 0, 3.22%, 0, 0, 7, 2546.35, 393932, 2112, 0, 0
165, 2, 464, 483, 87, 0, 3.23%, 0, 0, 7, 2507.91, 406847, 2117, 0, 0
170, 2, 187, 485, 85, 0, 3.23%, 0, 0, 7, 2538.49, 421864, 2117, 0, 0
176, 3, 358, 487, 77, 0, 3.23%, 0, 0, 7, 2550.43, 434932, 2117, 0, 0
181, 3, 422, 494, 78, 0, 3.23%, 0, 0, 7, 2558.66, 448018, 2117, 0, 0
186, 3, 326, 498, 72, 0, 3.23%, 0, 0, 8, 2518.60, 460141, 2117, 0, 0
191, 3, 467, 500, 62, 0, 3.23%, 0, 0, 8, 2550.43, 473181, 2117, 0, 0
196, 3, 79, 503, 57, 0, 3.23%, 0, 0, 8, 2599.32, 486423, 2117, 0, 0
201, 3, 158, 507, 56, 0, 3.27%, 0, 0, 8, 2447.25, 496178, 2143, 0, 0
206, 4, 393, 507, 52, 0, 3.27%, 0, 0, 8, 2556.42, 509200, 2143, 0, 0
211, 4, 304, 509, 45, 0, 3.27%, 0, 0, 8, 2555.60, 522149, 2143, 0, 0
216, 4, 332, 511, 45, 0, 3.27%, 0, 0, 8, 2520.22, 534330, 2143, 0, 0
221, 4, 157, 513, 39, 0, 3.27%, 0, 0, 8, 2557.88, 547744, 2143, 0, 0
226, 4, 501, 515, 34, 0, 3.27%, 0, 0, 9, 2410.75, 559781, 2143, 0, 0
231, 5, 516, 517, 33, 1, 3.30%, 0, 0, 9, 2558.23, 572850, 2161, 0, 0
236, 5, 516, 519, 32, 0, 3.31%, 0, 0, 9, 2482.95, 584646, 2168, 0, 0
242, 5, 465, 521, 27, 0, 3.31%, 0, 0, 9, 2480.39, 597078, 2172, 0, 0
247, 5, 512, 523, 25, 0, 3.32%, 0, 0, 9, 2513.16, 609756, 2173, 0, 0
252, 5, 393, 524, 22, 0, 3.32%, 0, 0, 9, 2528.01, 622657, 2173, 0, 0
257, 6, 177, 526, 19, 0, 3.32%, 0, 0, 9, 2489.20, 635395, 2173, 0, 0
262, 6, 96, 530, 20, 0, 3.32%, 0, 0, 9, 2582.63, 648768, 2173, 0, 0
267, 6, 508, 532, 17, 0, 3.32%, 0, 0, 9, 2526.19, 661539, 2174, 0, 0
272, 6, 534, 540, 24, 0, 3.33%, 0, 0, 9, 2516.50, 674621, 2180, 0, 0
277, 6, 425, 545, 27, 0, 3.33%, 0, 0, 9, 2557.01, 687810, 2183, 0, 0
282, 6, 90, 547, 24, 0, 3.34%, 0, 0, 9, 2536.98, 700865, 2186, 0, 0
287, 6, 46, 548, 18, 0, 3.34%, 0, 0, 9, 2514.27, 713431, 2186, 0, 0
293, 6, 544, 548, 17, 0, 3.34%, 0, 0, 9, 2511.27, 725896, 2186, 0, 0
298, 7, 225, 549, 15, 0, 3.34%, 0, 0, 9, 2523.23, 738588, 2188, 0, 0
303, 7, 551, 554, 15, 0, 3.36%, 0, 0, 9, 2547.69, 751886, 2199, 0, 0
308, 7, 549, 555, 14, 0, 3.36%, 0, 0, 9, 2538.08, 765036, 2199, 0, 0
314, 7, 523, 558, 16, 0, 3.36%, 0, 0, 9, 2489.58, 779769, 2199, 0, 0
319, 7, 519, 560, 16, 0, 3.36%, 0, 0, 9, 2523.23, 792438, 2201, 0, 0
324, 7, 508, 561, 14, 0, 3.36%, 0, 0, 9, 2490.63, 805453, 2201, 0, 0
329, 8, 324, 566, 16, 0, 3.36%, 0, 0, 9, 2441.47, 817731, 2201, 0, 0
335, 8, 567, 571, 20, 0, 3.36%, 0, 0, 9, 2451.58, 830322, 2201, 0, 0
340, 8, 423, 573, 20, 0, 3.36%, 0, 0, 9, 2490.43, 843148, 2201, 0, 0
345, 8, 150, 573, 17, 0, 3.36%, 0, 0, 9, 2522.32, 856033, 2201, 0, 0
350, 8, 287, 573, 14, 0, 3.36%, 0, 0, 9, 2433.62, 867297, 2201, 0, 0
355, 8, 84, 575, 14, 0, 3.36%, 0, 0, 9, 2485.54, 880011, 2201, 0, 0
360, 8, 508, 576, 12, 0, 3.36%, 0, 0, 9, 2514.44, 892988, 2201, 0, 0
365, 8, 423, 577, 10, 0, 3.36%, 0, 0, 9, 2406.34, 904577, 2201, 0, 0
370, 9, 258, 578, 8, 0, 3.36%, 0, 0, 9, 2515.10, 917430, 2201, 0, 0
375, 9, 90, 578, 8, 0, 3.36%, 0, 0, 9, 2560.69, 930349, 2201, 0, 0
380, 9, 74, 580, 9, 0, 3.36%, 0, 0, 9, 2555.73, 943606, 2204, 0, 0
386, 9, 531, 580, 8, 0, 3.36%, 0, 0, 9, 2558.31, 956803, 2204, 0, 0
391, 9, 327, 583, 8, 0, 3.36%, 0, 0, 9, 2561.07, 969875, 2205, 0, 0
396, 10, 437, 583, 8, 0, 3.36%, 0, 0, 9, 2531.21, 983968, 2205, 0, 0
402, 10, 585, 587, 10, 0, 3.37%, 0, 0, 9, 2505.55, 998023, 2209, 0, 0
407, 10, 248, 589, 10, 0, 3.37%, 0, 0, 9, 2506.80, 1010429, 2209, 0, 0
412, 10, 272, 591, 10, 0, 3.39%, 0, 0, 9, 2532.27, 1023117, 2219, 0, 0
417, 10, 362, 591, 8, 0, 3.39%, 0, 0, 9, 2518.87, 1036173, 2219, 0, 0
423, 10, 161, 593, 8, 0, 3.40%, 0, 0, 9, 2524.06, 1049206, 2225, 0, 0
428, 11, 571, 594, 9, 0, 3.40%, 0, 0, 9, 2544.21, 1062513, 2225, 0, 0
433, 11, 320, 594, 8, 0, 3.40%, 0, 0, 9, 2560.63, 1075680, 2225, 0, 0
438, 11, 545, 595, 8, 0, 3.42%, 0, 0, 9, 2539.52, 1088501, 2239, 0, 0
443, 11, 393, 596, 8, 0, 3.43%, 0, 0, 9, 2575.69, 1101400, 2249, 0, 0
448, 11, 144, 598, 8, 0, 3.43%, 0, 0, 9, 2554.02, 1114661, 2250, 0, 0
453, 11, 234, 598, 8, 0, 3.43%, 0, 0, 9, 2546.14, 1127644, 2250, 0, 0
458, 11, 380, 600, 8, 0, 3.45%, 0, 0, 9, 2498.06, 1139776, 2258, 0, 0
463, 12, 599, 604, 12, 0, 3.45%, 0, 0, 10, 2464.83, 1152382, 2262, 0, 0
468, 12, 247, 609, 12, 0, 3.48%, 0, 0, 10, 2477.63, 1164879, 2278, 0, 0
474, 12, 187, 609, 11, 0, 3.48%, 0, 0, 10, 2502.05, 1177804, 2278, 0, 0
479, 12, 243, 609, 9, 0, 3.48%, 0, 0, 10, 2462.55, 1190067, 2278, 0, 0
484, 12, 46, 610, 8, 0, 3.51%, 0, 0, 10, 2507.71, 1203038, 2298, 0, 0
489, 12, 605, 610, 7, 0, 3.51%, 0, 0, 10, 2506.52, 1215952, 2298, 0, 0
494, 12, 583, 610, 7, 0, 3.51%, 0, 0, 10, 2525.05, 1228848, 2298, 0, 0
499, 13, 545, 612, 8, 0, 3.51%, 0, 0, 10, 2537.77, 1241935, 2298, 0, 0
504, 13, 577, 613, 7, 0, 3.51%, 0, 0, 10, 2513.13, 1254140, 2298, 0, 0
509, 13, 524, 613, 6, 0, 3.51%, 0, 0, 10, 2528.73, 1266865, 2298, 0, 0
514, 13, 594, 615, 7, 0, 3.51%, 0, 0, 11, 2532.71, 1279511, 2298, 0, 0
520, 13, 614, 618, 10, 0, 3.51%, 0, 0, 11, 2559.69, 1292370, 2298, 0, 0
525, 13, 58, 618, 7, 0, 3.51%, 0, 0, 11, 2511.47, 1305292, 2298, 0, 0
530, 13, 295, 619, 6, 0, 3.51%, 0, 0, 12, 2527.64, 1318189, 2298, 0, 0
535, 13, 531, 619, 4, 0, 3.51%, 0, 0, 12, 2549.56, 1331063, 2298, 0, 0
540, 14, 547, 621, 4, 0, 3.52%, 0, 0, 12, 2566.33, 1344422, 2304, 0, 0
545, 14, 623, 631, 12, 1, 3.65%, 0, 0, 12, 2526.32, 1357437, 2392, 0, 0
550, 14, 623, 638, 19, 1, 3.67%, 0, 0, 12, 2572.67, 1370848, 2407, 0, 0
555, 14, 623, 639, 20, 1, 3.67%, 0, 0, 12, 2574.47, 1383809, 2408, 0, 0
560, 14, 623, 639, 20, 1, 3.67%, 0, 0, 12, 2575.17, 1396763, 2408, 0, 0
566, 14, 629, 639, 18, 11, 3.67%, 0, 0, 12, 2593.17, 1409960, 2408, 0, 0
571, 14, 147, 641, 9, 0, 3.67%, 0, 0, 12, 2576.41, 1422719, 2408, 0, 0
576, 14, 527, 643, 9, 0, 3.68%, 0, 0, 12, 2555.10, 1435728, 2410, 0, 0
581, 14, 604, 643, 9, 0, 3.68%, 0, 0, 12, 2508.80, 1448402, 2410, 0, 0
586, 14, 628, 644, 10, 0, 3.68%, 0, 0, 12, 2558.99, 1461275, 2410, 0, 0
591, 14, 645, 646, 9, 0, 3.71%, 0, 0, 12, 2574.68, 1474195, 2432, 0, 0
596, 14, 470, 648, 10, 0, 3.71%, 0, 0, 12, 2572.93, 1487534, 2432, 0, 0
601, 14, 503, 650, 10, 0, 3.71%, 0, 0, 12, 2536.77, 1500387, 2432, 0, 0
606, 15, 652, 655, 12, 0, 3.72%, 0, 0, 12, 2458.01, 1513252, 2441, 0, 0
611, 15, 655, 656, 11, 0, 3.72%, 0, 0, 12, 2447.21, 1525627, 2441, 0, 0
617, 15, 5, 658, 10, 0, 3.72%, 0, 0, 12, 2452.19, 1537934, 2441, 0, 0
622, 15, 537, 663, 14, 0, 3.72%, 0, 0, 12, 2499.74, 1550789, 2441, 0, 0
627, 15, 292, 665, 15, 0, 3.73%, 0, 0, 12, 2482.61, 1563546, 2442, 0, 0
632, 15, 320, 666, 14, 0, 3.75%, 0, 0, 12, 2505.76, 1576401, 2455, 0, 0
637, 15, 666, 667, 14, 0, 3.75%, 0, 0, 12, 2483.74, 1588992, 2455, 0, 0
642, 15, 632, 667, 12, 0, 3.75%, 0, 0, 12, 2527.86, 1601872, 2455, 0, 0
647, 15, 668, 672, 13, 0, 3.76%, 0, 0, 12, 2491.82, 1614551, 2462, 0, 0
652, 15, 668, 676, 17, 0, 3.76%, 0, 0, 12, 2351.91, 1626240, 2464, 0, 0
657, 15, 299, 678, 13, 0, 3.76%, 0, 0, 12, 2456.79, 1639061, 2464, 0, 0
662, 15, 56, 685, 18, 0, 3.77%, 0, 0, 12, 2409.59, 1651120, 2470, 0, 0
667, 15, 679, 688, 20, 0, 3.77%, 0, 0, 12, 2306.52, 1662569, 2470, 0, 0
673, 15, 689, 690, 21, 1, 3.77%, 0, 0, 12, 2342.36, 1676092, 2470, 0, 0
678, 16, 217, 692, 17, 0, 3.77%, 0, 0, 12, 2398.03, 1688291, 2470, 0, 0
683, 16, 423, 693, 15, 0, 3.77%, 0, 0, 12, 2489.77, 1701234, 2470, 0, 0
688, 16, 103, 694, 13, 0, 3.77%, 0, 0, 12, 2532.33, 1714064, 2470, 0, 0
693, 16, 697, 698, 15, 0, 3.77%, 0, 0, 12, 2524.81, 1726653, 2470, 0, 0
699, 16, 672, 698, 13, 0, 3.77%, 0, 0, 12, 2515.17, 1739898, 2470, 0, 0
704, 16, 456, 699, 12, 0, 3.77%, 0, 0, 12, 2515.18, 1752492, 2470, 0, 0
709, 16, 123, 700, 11, 0, 3.77%, 0, 0, 12, 2494.33, 1764669, 2470, 0, 0
714, 16, 529, 700, 10, 0, 3.77%, 0, 0, 12, 2548.76, 1777788, 2470, 0, 0
719, 16, 698, 701, 11, 0, 3.77%, 0, 0, 12, 2494.16, 1790636, 2470, 0, 0
724, 16, 587, 701, 10, 0, 3.77%, 0, 0, 12, 2510.89, 1803455, 2470, 0, 0
730, 17, 173, 702, 11, 0, 3.77%, 0, 0, 12, 2523.02, 1816625, 2470, 0, 0
735, 17, 642, 704, 12, 0, 3.77%, 0, 0, 12, 2519.77, 1829243, 2470, 0, 0
740, 17, 703, 704, 11, 0, 3.77%, 0, 0, 12, 2543.32, 1842488, 2470, 0, 0
745, 17, 705, 710, 16, 0, 3.77%, 0, 0, 12, 2456.52, 1854709, 2470, 0, 0
750, 17, 708, 713, 17, 0, 3.77%, 0, 0, 12, 2435.51, 1867211, 2471, 0, 0
755, 17, 396, 714, 15, 0, 3.77%, 0, 0, 12, 2478.93, 1879967, 2471, 0, 0
760, 17, 145, 714, 11, 0, 3.77%, 0, 0, 12, 2491.21, 1892951, 2471, 0, 0
765, 17, 633, 715, 11, 0, 3.77%, 0, 0, 12, 2515.79, 1905576, 2471, 0, 0
771, 17, 427, 716, 10, 0, 3.77%, 0, 0, 12, 2508.34, 1918527, 2471, 0, 0
776, 17, 33, 716, 9, 0, 3.77%, 0, 0, 12, 2525.26, 1931536, 2471, 0, 0
781, 17, 715, 719, 11, 0, 3.77%, 0, 0, 12, 2544.72, 1944643, 2472, 0, 0
786, 18, 693, 719, 10, 0, 3.77%, 0, 0, 12, 2545.46, 1957596, 2472, 0, 0
791, 18, 237, 720, 10, 0, 3.77%, 0, 0, 12, 2526.02, 1970531, 2472, 0, 0
796, 18, 718, 721, 11, 0, 3.77%, 0, 0, 12, 2537.46, 1983394, 2472, 0, 0
802, 18, 719, 721, 10, 0, 3.77%, 0, 0, 12, 2502.72, 1996391, 2472, 0, 0
807, 18, 214, 722, 10, 0, 3.77%, 0, 0, 12, 2515.30, 2008969, 2472, 0, 0
812, 18, 600, 724, 12, 0, 3.77%, 0, 0, 12, 2493.80, 2021395, 2472, 0, 0
817, 18, 725, 730, 17, 0, 3.77%, 0, 0, 12, 2415.01, 2033714, 2472, 0, 0
822, 18, 145, 732, 17, 0, 3.77%, 0, 0, 12, 2449.41, 2045966, 2472, 0, 0
827, 18, 552, 732, 15, 0, 3.77%, 0, 0, 12, 2516.17, 2059143, 2472, 0, 0
832, 18, 604, 733, 15, 0, 3.78%, 0, 0, 12, 2503.99, 2071122, 2475, 0, 0
837, 18, 567, 734, 16, 0, 3.78%, 0, 0, 12, 2516.69, 2083879, 2475, 0, 0
842, 18, 734, 736, 17, 0, 3.80%, 0, 0, 12, 2501.48, 2096516, 2488, 0, 0
847, 19, 649, 737, 15, 0, 3.80%, 0, 0, 12, 2535.43, 2109316, 2488, 0, 0
852, 19, 167, 737, 13, 0, 3.80%, 0, 0, 12, 2555.33, 2122532, 2488, 0, 0
857, 19, 655, 737, 10, 0, 3.80%, 0, 0, 12, 2457.64, 2134744, 2488, 0, 0
862, 19, 177, 738, 11, 0, 3.80%, 0, 0, 12, 2509.16, 2147566, 2488, 0, 0
867, 19, 46, 738, 9, 0, 3.80%, 0, 0, 12, 2525.68, 2160377, 2488, 0, 0
873, 19, 65, 738, 9, 0, 3.80%, 0, 0, 12, 2515.16, 2173172, 2488, 0, 0
878, 19, 625, 739, 8, 0, 3.80%, 0, 0, 12, 2549.72, 2186437, 2490, 0, 0
883, 19, 402, 743, 10, 0, 3.80%, 0, 0, 12, 2447.29, 2198693, 2490, 0, 0
888, 19, 630, 745, 11, 0, 3.80%, 0, 0, 13, 2450.70, 2211079, 2490, 0, 0
893, 19, 740, 746, 12, 0, 3.80%, 0, 0, 13, 2441.96, 2223456, 2490, 0, 0
898, 19, 190, 746, 9, 0, 3.80%, 0, 0, 13, 2419.10, 2235303, 2490, 0, 0
903, 20, 636, 746, 9, 0, 3.80%, 0, 0, 13, 2513.15, 2248482, 2490, 0, 0
908, 20, 744, 749, 12, 0, 3.80%, 0, 0, 14, 2223.32, 2259989, 2490, 0, 0
913, 20, 745, 750, 12, 0, 3.80%, 0, 0, 14, 2310.76, 2271344, 2490, 0, 0
920, 20, 663, 751, 12, 0, 3.80%, 0, 0, 14, 2374.52, 2286042, 2490, 0, 0
925, 20, 746, 751, 11, 0, 3.80%, 0, 0, 14, 2348.74, 2298600, 2490, 0, 0
930, 20, 96, 751, 9, 0, 3.80%, 0, 0, 14, 2480.47, 2311581, 2490, 0, 0
935, 20, 619, 753, 9, 0, 3.81%, 0, 0, 14, 2521.27, 2324476, 2496, 0, 0
940, 20, 248, 754, 9, 0, 3.81%, 0, 0, 14, 2522.63, 2337408, 2496, 0, 0
945, 20, 299, 755, 9, 0, 3.83%, 0, 0, 14, 2547.11, 2350406, 2511, 0, 0
952, 20, 747, 755, 8, 0, 3.83%, 0, 0, 14, 2488.88, 2365292, 2511, 0, 0
957, 20, 476, 756, 8, 0, 3.83%, 0, 0, 14, 2494.31, 2378248, 2511, 0, 0
962, 21, 714, 757, 6, 0, 3.85%, 0, 0, 14, 2462.43, 2390651, 2520, 0, 0
967, 21, 633, 757, 6, 0, 3.85%, 0, 0, 14, 2516.95, 2403313, 2520, 0, 0
972, 21, 584, 758, 7, 0, 3.85%, 0, 0, 14, 2512.63, 2416134, 2520, 0, 0
977, 21, 666, 758, 7, 0, 3.85%, 0, 0, 14, 2527.89, 2428715, 2520, 0, 0
982, 21, 583, 758, 7, 0, 3.85%, 0, 0, 14, 2516.41, 2440793, 2520, 0, 0
987, 21, 549, 758, 7, 0, 3.85%, 0, 0, 14, 2523.10, 2453419, 2520, 0, 0
992, 21, 504, 758, 5, 0, 3.85%, 0, 0, 14, 2432.61, 2465764, 2520, 0, 0
997, 21, 227, 758, 5, 0, 3.85%, 0, 0, 14, 2500.23, 2478491, 2520, 0, 0
1003, 21, 572, 759, 6, 0, 3.85%, 0, 0, 14, 2528.93, 2491359, 2520, 0, 0
1008, 21, 76, 759, 6, 0, 3.85%, 0, 0, 14, 2520.22, 2504160, 2520, 0, 0
1013, 22, 693, 760, 7, 0, 3.85%, 0, 0, 14, 2548.65, 2517124, 2520, 0, 0
1018, 22, 71, 761, 6, 0, 3.85%, 0, 0, 14, 2510.77, 2529417, 2520, 0, 0
1023, 22, 295, 761, 6, 0, 3.85%, 0, 0, 14, 2508.36, 2541992, 2520, 0, 0
1028, 22, 759, 761, 6, 0, 3.85%, 0, 0, 14, 2536.71, 2554683, 2520, 0, 0
1033, 22, 440, 763, 7, 0, 3.85%, 0, 0, 14, 2503.35, 2567326, 2520, 0, 0
1038, 22, 70, 764, 8, 0, 3.85%, 0, 0, 14, 2561.06, 2580468, 2520, 0, 0
1043, 22, 649, 764, 8, 0, 3.85%, 0, 0, 14, 2564.78, 2593523, 2520, 0, 0
1048, 22, 42, 764, 7, 0, 3.85%, 0, 0, 14, 2530.20, 2606198, 2520, 0, 0
1053, 22, 20, 764, 7, 0, 3.85%, 0, 0, 14, 2532.58, 2619137, 2520, 0, 0
1058, 22, 519, 764, 5, 0, 3.85%, 0, 0, 14, 2492.59, 2631676, 2520, 0, 0
1063, 23, 200, 764, 5, 0, 3.85%, 0, 0, 14, 2534.60, 2644402, 2520, 0, 0
1069, 23, 689, 764, 4, 0, 3.85%, 0, 0, 14, 2485.99, 2656744, 2520, 0, 0
1074, 23, 299, 764, 4, 0, 3.85%, 0, 0, 14, 2521.51, 2669394, 2520, 0, 0
1079, 23, 711, 765, 4, 0, 3.85%, 0, 0, 14, 2520.91, 2682080, 2520, 0, 0
1084, 23, 302, 767, 5, 0, 3.85%, 0, 0, 14, 2521.87, 2694692, 2520, 0, 0
1089, 23, 632, 769, 5, 0, 3.85%, 0, 0, 15, 2475.54, 2707211, 2522, 0, 0
1094, 23, 15, 770, 6, 0, 3.85%, 0, 0, 15, 2523.53, 2720230, 2522, 0, 0
1099, 23, 770, 771, 5, 0, 3.85%, 0, 0, 15, 2469.31, 2732894, 2522, 0, 0
1104, 23, 752, 771, 4, 0, 3.85%, 0, 0, 15, 2487.88, 2745579, 2522, 0, 0
1109, 23, 754, 771, 4, 0, 3.85%, 0, 0, 15, 2521.04, 2758184, 2522, 0, 0
1114, 23, 393, 771, 4, 0, 3.85%, 0, 0, 15, 2511.12, 2770531, 2522, 0, 0
1119, 24, 358, 771, 4, 0, 3.85%, 0, 0, 15, 2550.09, 2783629, 2522, 0, 0
1124, 24, 752, 771, 3, 0, 3.85%, 0, 0, 15, 2530.15, 2796266, 2522, 0, 0
1129, 24, 408, 772, 4, 0, 3.85%, 0, 0, 15, 2491.06, 2808814, 2522, 0, 0
1135, 24, 591, 772, 4, 0, 3.85%, 0, 0, 15, 2513.82, 2821863, 2522, 0, 0
1140, 24, 688, 772, 3, 0, 3.85%, 0, 0, 15, 2514.95, 2834493, 2522, 0, 0
1145, 24, 772, 774, 5, 0, 3.85%, 0, 0, 15, 2542.98, 2847330, 2522, 0, 0
1150, 24, 766, 776, 4, 0, 3.86%, 0, 0, 15, 2534.75, 2860150, 2529, 0, 0
1155, 24, 774, 777, 4, 0, 3.86%, 0, 0, 15, 2510.19, 2873008, 2529, 0, 0
1160, 24, 777, 778, 5, 0, 3.86%, 0, 0, 15, 181.45, 2884533, 2529, 0, 0
1165, 24, 777, 778, 5, 0, 3.86%, 0, 0, 15, 178.99, 2885459, 2529, 0, 0
1171, 24, 777, 779, 6, 0, 3.86%, 0, 0, 15, 226.35, 2887030, 2529, 0, 0
1176, 24, 62, 779, 5, 0, 3.86%, 0, 0, 15, 2531.51, 2898710, 2529, 0, 0
1181, 24, 766, 779, 5, 0, 3.86%, 0, 0, 15, 2537.56, 2911461, 2529, 0, 0
1186, 25, 775, 783, 9, 0, 3.87%, 0, 0, 15, 2520.86, 2923907, 2535, 0, 0
1191, 25, 460, 784, 6, 0, 3.87%, 0, 0, 15, 2590.79, 2936930, 2535, 0, 0
1197, 25, 779, 785, 6, 0, 3.87%, 0, 0, 15, 2533.38, 2949895, 2535, 0, 0
1202, 25, 755, 785, 6, 0, 3.87%, 0, 0, 15, 2519.87, 2962901, 2535, 0, 0
1207, 25, 503, 785, 5, 0, 3.87%, 0, 0, 15, 2521.44, 2975688, 2535, 0, 0
1212, 25, 617, 785, 4, 0, 3.87%, 0, 0, 15, 2497.63, 2988258, 2535, 0, 0
1217, 25, 782, 788, 6, 0, 3.88%, 0, 0, 15, 2519.14, 3000968, 2543, 0, 0
1222, 25, 766, 788, 5, 0, 3.88%, 0, 0, 15, 2522.29, 3013834, 2543, 0, 0
1227, 25, 693, 788, 5, 0, 3.88%, 0, 0, 15, 2528.07, 3026615, 2543, 0, 0
1232, 25, 682, 789, 5, 0, 3.88%, 0, 0, 15, 2485.44, 3039259, 2543, 0, 0
1238, 25, 232, 789, 5, 0, 3.88%, 0, 0, 15, 2516.10, 3052382, 2543, 0, 0
1243, 25, 521, 789, 5, 0, 3.88%, 0, 0, 15, 2539.01, 3065190, 2543, 0, 0
1248, 25, 778, 789, 5, 0, 3.88%, 0, 0, 15, 170.39, 3068343, 2543, 0, 0
1253, 25, 778, 789, 5, 0, 3.88%, 0, 0, 15, 165.14, 3069189, 2543, 0, 0
1258, 25, 513, 789, 3, 0, 3.88%, 0, 0, 15, 2464.84, 3074489, 2543, 0, 0
1263, 26, 787, 790, 4, 0, 3.88%, 0, 0, 15, 2480.84, 3086966, 2543, 0, 0
1268, 26, 787, 791, 5, 0, 3.88%, 0, 0, 15, 2515.50, 3099816, 2543, 0, 0
1273, 26, 781, 792, 5, 0, 3.88%, 0, 0, 15, 2515.00, 3112635, 2543, 0, 0
1278, 26, 605, 792, 4, 0, 3.88%, 0, 0, 15, 2483.35, 3125506, 2543, 0, 0
1283, 26, 785, 792, 3, 0, 3.88%, 0, 0, 15, 2508.63, 3138564, 2543, 0, 0
1288, 26, 215, 792, 3, 0, 3.88%, 0, 0, 15, 2516.39, 3151240, 2543, 0, 0
1294, 26, 736, 793, 3, 0, 3.88%, 0, 0, 15, 2513.09, 3163939, 2543, 0, 0
1299, 26, 781, 793, 2, 0, 3.88%, 0, 0, 15, 2523.58, 3176820, 2543, 0, 0
1304, 26, 69, 793, 2, 0, 3.88%, 0, 0, 15, 2527.57, 3189619, 2543, 0, 0
1309, 26, 125, 793, 2, 0, 3.88%, 0, 0, 15, 2519.04, 3202383, 2543, 0, 0
1314, 26, 232, 793, 1, 0, 3.88%, 0, 0, 15, 2511.24, 3214935, 2543, 0, 0
1319, 26, 735, 793, 1, 0, 3.88%, 0, 0, 15, 2486.21, 3227489, 2543, 0, 0
1324, 27, 747, 793, 0, 0, 3.88%, 0, 0, 15, 2468.74, 3240170, 2543, 0, 0
1329, 27, 67, 793, 0, 0, 3.88%, 0, 0, 15, 2516.03, 3252919, 2543, 0, 0
1335, 27, 748, 793, 0, 0, 3.88%, 0, 0, 15, 2515.55, 3266974, 2543, 0, 0
1340, 27, 604, 794, 0, 0, 3.91%, 0, 0, 15, 2496.52, 3279487, 2560, 0, 0
1345, 27, 785, 794, 0, 0, 3.91%, 0, 0, 15, 2526.61, 3292291, 2560, 0, 0
1350, 27, 622, 794, 0, 0, 3.91%, 0, 0, 15, 2513.56, 3304982, 2560, 0, 0
1355, 27, 785, 794, 0, 0, 3.91%, 0, 0, 15, 2520.30, 3317869, 2560, 0, 0
1360, 27, 377, 794, 0, 0, 3.91%, 0, 0, 15, 2526.38, 3330692, 2560, 0, 0
1365, 27, 779, 794, 0, 0, 3.91%, 0, 0, 15, 2503.76, 3343418, 2560, 0, 0
1371, 27, 662, 794, 0, 0, 3.91%, 0, 0, 15, 2527.13, 3356924, 2560, 0, 0
1376, 28, 762, 794, 0, 0, 3.91%, 0, 0, 15, 2527.24, 3369919, 2560, 0, 0
1381, 28, 387, 794, 0, 0, 3.91%, 0, 0, 15, 2536.61, 3382765, 2560, 0, 0
1386, 28, 783, 794, 0, 0, 3.91%, 0, 0, 15, 2517.31, 3395394, 2560, 0, 0
1391, 28, 508, 795, 0, 0, 3.91%, 0, 0, 15, 2529.87, 3408086, 2560, 0, 0
1396, 28, 787, 796, 1, 0, 3.91%, 0, 0, 15, 2498.82, 3420806, 2560, 0, 0
1401, 28, 342, 798, 2, 0, 3.91%, 0, 0, 15, 2507.11, 3433435, 2560, 0, 0
1406, 28, 398, 798, 2, 0, 3.91%, 0, 0, 15, 2502.96, 3446041, 2560, 0, 0
1411, 28, 398, 798, 2, 0, 3.91%, 0, 0, 15, 2540.34, 3459298, 2560, 0, 0
1416, 28, 426, 798, 1, 0, 3.91%, 0, 0, 15, 2544.46, 3472084, 2560, 0, 0
1422, 28, 103, 798, 0, 0, 3.91%, 0, 0, 15, 2560.70, 3485400, 2560, 0, 0
1427, 28, 42, 799, 1, 0, 3.91%, 0, 0, 15, 2532.42, 3498265, 2560, 0, 0
1432, 29, 782, 799, 1, 0, 3.91%, 0, 0, 15, 2477.52, 3510661, 2560, 0, 0
1437, 29, 631, 799, 1, 0, 3.91%, 0, 0, 15, 2501.09, 3523220, 2560, 0, 0
1442, 29, 780, 801, 3, 0, 3.91%, 0, 0, 15, 2495.82, 3535953, 2560, 0, 0
1447, 29, 600, 802, 4, 0, 3.91%, 0, 0, 15, 2489.09, 3548608, 2560, 0, 0
1452, 29, 197, 803, 3, 0, 3.91%, 0, 0, 15, 2509.30, 3561349, 2561, 0, 0
1457, 29, 36, 803, 2, 0, 3.91%, 0, 0, 15, 2492.79, 3574069, 2561, 0, 0
1462, 29, 780, 803, 2, 0, 3.91%, 0, 0, 15, 2529.91, 3587130, 2561, 0, 0
1467, 29, 622, 803, 2, 0, 3.91%, 0, 0, 15, 2503.21, 3599587, 2561, 0, 0
1472, 29, 550, 803, 2, 0, 3.91%, 0, 0, 15, 2529.28, 3612466, 2561, 0, 0
1477, 29, 654, 805, 3, 0, 3.91%, 0, 0, 15, 2523.37, 3625256, 2561, 0, 0
1483, 29, 689, 807, 3, 0, 3.92%, 0, 0, 15, 2552.65, 3638423, 2567, 0, 0
1488, 29, 396, 807, 2, 0, 3.92%, 0, 0, 15, 2534.12, 3651394, 2567, 0, 0
1493, 30, 54, 807, 2, 0, 3.92%, 0, 0, 15, 2539.03, 3664147, 2567, 0, 0
1498, 30, 45, 807, 2, 0, 3.92%, 0, 0, 15, 2525.28, 3677212, 2567, 0, 0
1503, 30, 754, 807, 2, 0, 3.92%, 0, 0, 15, 2493.47, 3689823, 2567, 0, 0
1508, 30, 35, 808, 3, 0, 3.92%, 0, 0, 15, 2519.05, 3703308, 2567, 0, 0
1514, 30, 467, 809, 3, 0, 3.92%, 0, 0, 15, 2494.75, 3717168, 2567, 0, 0
1519, 30, 155, 809, 2, 0, 3.92%, 0, 0, 15, 2509.04, 3730043, 2567, 0, 0
1524, 30, 96, 811, 2, 0, 3.92%, 0, 0, 15, 2508.78, 3742676, 2568, 0, 0
1530, 30, 808, 813, 4, 0, 3.92%, 0, 0, 15, 2464.09, 3755490, 2568, 0, 0
1535, 30, 813, 816, 6, 0, 3.92%, 0, 0, 15, 2412.56, 3767719, 2568, 0, 0
1540, 30, 304, 816, 5, 0, 3.92%, 0, 0, 15, 2499.22, 3780021, 2568, 0, 0
1545, 30, 736, 816, 5, 0, 3.92%, 0, 0, 15, 2482.64, 3792542, 2568, 0, 0
1550, 30, 762, 816, 4, 0, 3.92%, 0, 0, 15, 2438.86, 3804881, 2568, 0, 0
1555, 30, 810, 816, 3, 0, 3.92%, 0, 0, 15, 2478.02, 3817831, 2568, 0, 0
1560, 30, 33, 816, 2, 0, 3.92%, 0, 0, 15, 2459.82, 3830197, 2568, 0, 0
1565, 31, 58, 816, 2, 0, 3.92%, 0, 0, 15, 2484.16, 3842896, 2568, 0, 0
1570, 31, 631, 816, 2, 0, 3.92%, 0, 0, 15, 2512.96, 3855818, 2568, 0, 0
1575, 31, 537, 816, 2, 0, 3.92%, 0, 0, 15, 2495.52, 3868377, 2568, 0, 0
1580, 31, 711, 816, 2, 0, 3.92%, 0, 0, 15, 2530.18, 3881567, 2568, 0, 0
1586, 31, 454, 816, 2, 0, 3.92%, 0, 0, 15, 2508.32, 3894486, 2568, 0, 0
1591, 31, 316, 816, 2, 0, 3.92%, 0, 0, 15, 2532.97, 3907202, 2568, 0, 0
1596, 31, 611, 816, 2, 0, 3.92%, 0, 0, 15, 2539.10, 3920433, 2568, 0, 0
1601, 31, 672, 816, 1, 0, 3.92%, 0, 0, 15, 2531.14, 3933286, 2568, 0, 0
1606, 31, 248, 816, 1, 0, 3.92%, 0, 0, 15, 2496.77, 3945948, 2568, 0, 0
1611, 31, 779, 817, 1, 0, 3.92%, 0, 0, 15, 2444.98, 3958182, 2568, 0, 0
1616, 31, 288, 817, 1, 0, 3.92%, 0, 0, 15, 2509.53, 3970910, 2568, 0, 0
1621, 31, 693, 817, 1, 0, 3.92%, 0, 0, 15, 2524.90, 3983981, 2568, 0, 0
1626, 32, 232, 817, 0, 0, 3.92%, 0, 0, 15, 2461.15, 3996747, 2568, 0, 0
1632, 32, 583, 817, 0, 0, 3.92%, 0, 0, 15, 2442.98, 4009151, 2568, 0, 0
1637, 32, 225, 817, 0, 0, 3.92%, 0, 0, 15, 2534.66, 4022116, 2568, 0, 0
1642, 32, 672, 817, 0, 0, 3.92%, 0, 0, 15, 2541.93, 4034866, 2568, 0, 0
1647, 32, 693, 817, 0, 0, 3.92%, 0, 0, 15, 2522.78, 4047741, 2568, 0, 0
1652, 32, 628, 817, 0, 0, 3.92%, 0, 0, 15, 2533.42, 4060535, 2568, 0, 0
1657, 32, 712, 817, 0, 0, 3.92%, 0, 0, 15, 2447.37, 4072773, 2568, 0, 0
1662, 32, 762, 817, 0, 0, 3.92%, 0, 0, 15, 2519.61, 4085704, 2568, 0, 0
1667, 32, 810, 817, 0, 0, 3.92%, 0, 0, 15, 2481.37, 4097952, 2568, 0, 0
1672, 32, 531, 817, 0, 0, 3.92%, 0, 0, 15, 2512.34, 4111055, 2568, 0, 0
1677, 32, 547, 817, 0, 0, 3.92%, 0, 0, 15, 2530.87, 4123883, 2568, 0, 0
1683, 33, 373, 817, 0, 0, 3.92%, 0, 0, 15, 2499.74, 4136841, 2568, 0, 0
1688, 33, 633, 817, 0, 0, 3.92%, 0, 0, 15, 2527.45, 4149363, 2568, 0, 0
1693, 33, 762, 817, 0, 0, 3.92%, 0, 0, 15, 2535.60, 4162163, 2568, 0, 0
1698, 33, 600, 817, 0, 0, 3.92%, 0, 0, 15, 2496.94, 4174751, 2568, 0, 0
1703, 33, 750, 817, 0, 0, 3.92%, 0, 0, 15, 2482.80, 4187991, 2568, 0, 0
1708, 33, 120, 817, 0, 0, 3.92%, 0, 0, 15, 2464.39, 4200710, 2568, 0, 0
1713, 33, 667, 818, 1, 0, 3.92%, 0, 0, 15, 2527.09, 4213660, 2568, 0, 0
1719, 33, 672, 819, 2, 0, 3.92%, 0, 0, 15, 2533.13, 4226791, 2568, 0, 0
1724, 33, 689, 819, 2, 0, 3.92%, 0, 0, 15, 2544.44, 4239617, 2568, 0, 0
1729, 33, 12, 820, 3, 0, 3.92%, 0, 0, 15, 2528.67, 4252280, 2568, 0, 0
1734, 33, 572, 820, 3, 0, 3.92%, 0, 0, 15, 2542.25, 4265121, 2568, 0, 0
1739, 34, 689, 820, 3, 0, 3.92%, 0, 0, 15, 2504.18, 4277857, 2568, 0, 0
1744, 34, 42, 820, 2, 0, 3.92%, 0, 0, 15, 2511.38, 4290445, 2568, 0, 0
1749, 34, 573, 820, 2, 0, 3.92%, 0, 0, 15, 2531.74, 4303462, 2568, 0, 0
1754, 34, 691, 821, 3, 0, 3.92%, 0, 0, 15, 2494.77, 4316416, 2568, 0, 0
1759, 34, 667, 824, 3, 0, 3.92%, 0, 0, 15, 2476.49, 4328911, 2569, 0, 0
1764, 34, 775, 824, 2, 0, 3.92%, 0, 0, 15, 2515.31, 4341628, 2569, 0, 0
1769, 34, 649, 824, 2, 0, 3.92%, 0, 0, 15, 2505.93, 4354203, 2569, 0, 0
1775, 34, 161, 825, 1, 0, 3.92%, 0, 0, 15, 2511.79, 4366976, 2569, 0, 0
1780, 34, 738, 825, 1, 0, 3.92%, 0, 0, 15, 2520.37, 4380050, 2569, 0, 0
1785, 34, 766, 827, 2, 0, 3.92%, 0, 0, 15, 2522.47, 4392693, 2569, 0, 0
1790, 34, 782, 827, 2, 0, 3.92%, 0, 0, 15, 2538.34, 4405714, 2569, 0, 0
1796, 34, 348, 827, 2, 0, 3.92%, 0, 0, 15, 2511.95, 4419024, 2569, 0, 0
1801, 34, 754, 827, 2, 0, 3.92%, 0, 0, 15, 2535.47, 4431874, 2569, 0, 0
1806, 35, 779, 827, 1, 0, 3.92%, 0, 0, 15, 2518.21, 4444502, 2569, 0, 0
1811, 35, 735, 827, 1, 0, 3.92%, 0, 0, 15, 2524.58, 4457202, 2569, 0, 0
1816, 35, 229, 827, 1, 0, 3.92%, 0, 0, 15, 2526.51, 4470142, 2569, 0, 0
1821, 35, 358, 829, 2, 0, 3.92%, 0, 0, 15, 2504.65, 4482509, 2569, 0, 0
1826, 35, 762, 829, 2, 0, 3.92%, 0, 0, 15, 2500.39, 4494958, 2569, 0, 0
1831, 35, 612, 829, 2, 0, 3.92%, 0, 0, 15, 2518.56, 4508547, 2569, 0, 0
1836, 35, 223, 830, 2, 0, 3.92%, 0, 0, 15, 2512.70, 4521202, 2569, 0, 0
1841, 35, 735, 830, 1, 0, 3.92%, 0, 0, 15, 2475.07, 4533575, 2569, 0, 0
1846, 35, 689, 830, 1, 0, 3.92%, 0, 0, 15, 2436.86, 4546067, 2569, 0, 0
1852, 35, 667, 830, 1, 0, 3.92%, 0, 0, 15, 2471.72, 4558768, 2569, 0, 0
1857, 35, 236, 830, 1, 0, 3.92%, 0, 0, 15, 2496.42, 4571415, 2569, 0, 0
1862, 36, 649, 830, 1, 0, 3.92%, 0, 0, 15, 2511.09, 4584092, 2569, 0, 0
1867, 36, 588, 831, 1, 0, 3.92%, 0, 0, 15, 2518.91, 4597120, 2569, 0, 0
1872, 36, 689, 831, 1, 0, 3.92%, 0, 0, 15, 2520.20, 4610154, 2569, 0, 0
1878, 36, 829, 831, 1, 0, 3.92%, 0, 0, 15, 2486.26, 4624926, 2569, 0, 0
1883, 36, 830, 832, 2, 0, 3.92%, 0, 0, 15, 2524.32, 4638032, 2569, 0, 0
1888, 36, 578, 832, 1, 0, 3.92%, 0, 0, 15, 2497.67, 4650456, 2569, 0, 0
1893, 36, 682, 832, 0, 0, 3.92%, 0, 0, 15, 2509.10, 4663326, 2569, 0, 0
1899, 36, 729, 832, 0, 0, 3.92%, 0, 0, 15, 2467.44, 4674924, 2569, 0, 0
1904, 36, 782, 832, 0, 0, 3.92%, 0, 0, 15, 2510.34, 4688033, 2569, 0, 0
1909, 36, 512, 832, 0, 0, 3.92%, 0, 0, 15, 2486.17, 4700774, 2569, 0, 0
1914, 36, 766, 832, 0, 0, 3.92%, 0, 0, 15, 2449.36, 4713149, 2569, 0, 0
1919, 36, 467, 832, 0, 0, 3.92%, 0, 0, 15, 2496.27, 4726253, 2569, 0, 0
1924, 37, 760, 832, 0, 0, 3.92%, 0, 0, 15, 2512.35, 4739061, 2569, 0, 0
1929, 37, 649, 832, 0, 0, 3.92%, 0, 0, 15, 2516.82, 4751704, 2569, 0, 0
1934, 37, 682, 832, 0, 0, 3.92%, 0, 0, 15, 2534.57, 4764631, 2569, 0, 0
1939, 37, 654, 832, 0, 0, 3.92%, 0, 0, 15, 2501.10, 4777188, 2569, 0, 0
1945, 37, 832, 837, 5, 0, 3.92%, 0, 0, 15, 2456.87, 4789868, 2569, 0, 0
1950, 37, 622, 838, 5, 0, 3.92%, 0, 0, 15, 2459.58, 4802477, 2569, 0, 0
1955, 37, 752, 840, 6, 0, 3.92%, 0, 0, 15, 2456.96, 4814747, 2569, 0, 0
1960, 37, 823, 840, 5, 0, 3.92%, 0, 0, 15, 2464.97, 4827335, 2569, 0, 0
1965, 37, 765, 840, 5, 0, 3.92%, 0, 0, 15, 2532.56, 4841014, 2569, 0, 0
1970, 37, 833, 841, 5, 0, 3.92%, 0, 0, 15, 2454.72, 4853459, 2569, 0, 0
1975, 37, 405, 841, 4, 0, 3.92%, 0, 0, 15, 2521.04, 4866138, 2569, 0, 0
1981, 37, 780, 841, 4, 0, 3.92%, 0, 0, 15, 2461.89, 4878433, 2569, 0, 0
1986, 37, 422, 841, 3, 0, 3.92%, 0, 0, 15, 2495.00, 4891474, 2569, 0, 0
1991, 38, 760, 841, 3, 0, 3.92%, 0, 0, 15, 2530.27, 4904300, 2569, 0, 0
1996, 38, 581, 841, 3, 0, 3.92%, 0, 0, 15, 2518.34, 4917359, 2569, 0, 0
2001, 38, 738, 842, 3, 0, 3.92%, 0, 0, 15, 2437.16, 4929308, 2569, 0, 0
2006, 38, 548, 842, 3, 0, 3.92%, 0, 0, 15, 2502.97, 4942128, 2569, 0, 0
2011, 38, 349, 842, 3, 0, 3.92%, 0, 0, 15, 2521.40, 4954853, 2569, 0, 0
2016, 38, 779, 842, 3, 0, 3.92%, 0, 0, 15, 2474.49, 4967688, 2569, 0, 0
2021, 38, 456, 842, 2, 0, 3.92%, 0, 0, 15, 2419.76, 4979823, 2569, 0, 0
2026, 38, 672, 842, 2, 0, 3.92%, 0, 0, 15, 2458.35, 4992375, 2569, 0, 0
2032, 38, 177, 843, 2, 0, 3.92%, 0, 0, 15, 2488.72, 5005201, 2571, 0, 0
2037, 38, 12, 843, 2, 0, 3.92%, 0, 0, 15, 2530.74, 5018377, 2571, 0, 0
2042, 38, 24, 843, 2, 0, 3.92%, 0, 0, 15, 2525.07, 5031258, 2571, 0, 0
2047, 38, 619, 843, 2, 0, 3.92%, 0, 0, 15, 2516.40, 5044093, 2571, 0, 0
2052, 39, 14, 843, 2, 0, 3.92%, 0, 0, 15, 2515.72, 5057194, 2571, 0, 0
2057, 39, 358, 843, 2, 0, 3.92%, 0, 0, 15, 2513.89, 5069324, 2571, 0, 0
2062, 39, 780, 843, 2, 0, 3.92%, 0, 0, 15, 2498.31, 5081772, 2571, 0, 0
2067, 39, 736, 844, 2, 0, 3.93%, 0, 0, 15, 2475.65, 5094112, 2573, 0, 0
2073, 39, 329, 844, 2, 0, 3.93%, 0, 0, 15, 2492.12, 5107114, 2573, 0, 0
2078, 39, 842, 844, 2, 0, 3.93%, 0, 0, 15, 2505.45, 5119871, 2573, 0, 0
2083, 39, 780, 844, 2, 0, 3.93%, 0, 0, 15, 2451.47, 5131240, 2573, 0, 0
2088, 39, 288, 846, 3, 0, 3.93%, 0, 0, 15, 2432.04, 5143474, 2573, 0, 0
2093, 39, 736, 846, 3, 0, 3.93%, 0, 0, 15, 2507.98, 5156226, 2573, 0, 0
2098, 39, 711, 846, 3, 0, 3.93%, 0, 0, 15, 2509.47, 5168901, 2573, 0, 0
2103, 39, 605, 847, 4, 0, 3.93%, 0, 0, 15, 2526.01, 5181607, 2573, 0, 0
2108, 39, 729, 847, 4, 0, 3.93%, 0, 0, 15, 2538.06, 5194832, 2573, 0, 0
2113, 39, 103, 848, 4, 0, 3.93%, 0, 0, 15, 2525.79, 5207105, 2573, 0, 0
2118, 39, 214, 851, 6, 0, 3.93%, 0, 0, 15, 2389.45, 5219006, 2573, 0, 0
2123, 40, 711, 851, 6, 0, 3.93%, 0, 0, 15, 2525.78, 5232230, 2573, 0, 0
2128, 40, 635, 851, 6, 0, 3.93%, 0, 0, 15, 2530.20, 5245005, 2573, 0, 0
2134, 40, 139, 851, 6, 0, 3.93%, 0, 0, 15, 2541.60, 5257873, 2573, 0, 0
2139, 40, 672, 851, 6, 0, 3.93%, 0, 0, 15, 2529.90, 5270906, 2573, 0, 0
2144, 40, 617, 851, 6, 0, 3.93%, 0, 0, 15, 2498.34, 5283533, 2573, 0, 0
2149, 40, 737, 851, 6, 0, 3.93%, 0, 0, 15, 2521.32, 5296247, 2573, 0, 0
2154, 40, 711, 851, 5, 0, 3.93%, 0, 0, 15, 2507.41, 5308754, 2573, 0, 0
2159, 40, 606, 853, 5, 0, 3.94%, 0, 0, 15, 2449.48, 5321238, 2582, 0, 0
2164, 40, 848, 854, 6, 0, 3.94%, 0, 0, 15, 2410.58, 5333214, 2585, 0, 0
2169, 40, 144, 855, 5, 0, 3.94%, 0, 0, 15, 2409.17, 5345136, 2585, 0, 0
2174, 40, 842, 855, 5, 0, 3.94%, 0, 0, 15, 2486.23, 5357684, 2585, 0, 0
2179, 40, 327, 855, 4, 0, 3.94%, 0, 0, 15, 2491.77, 5370315, 2585, 0, 0
2185, 40, 853, 855, 4, 0, 3.94%, 0, 0, 15, 2496.84, 5383620, 2585, 0, 0
2190, 40, 695, 855, 4, 0, 3.94%, 0, 0, 15, 2441.03, 5396157, 2585, 0, 0
2195, 41, 699, 855, 4, 0, 3.94%, 0, 0, 15, 2482.37, 5410543, 2585, 0, 0
2201, 41, 231, 855, 4, 0, 3.94%, 0, 0, 15, 2489.95, 5423246, 2585, 0, 0
2206, 41, 729, 855, 4, 0, 3.94%, 0, 0, 15, 2485.99, 5435902, 2585, 0, 0
2211, 41, 358, 856, 5, 0, 3.94%, 0, 0, 15, 2470.49, 5448336, 2585, 0, 0
2216, 41, 387, 856, 5, 0, 3.94%, 0, 0, 15, 2531.56, 5461411, 2585, 0, 0
2221, 41, 84, 856, 5, 0, 3.94%, 0, 0, 15, 2510.76, 5473920, 2585, 0, 0
2226, 41, 732, 856, 4, 0, 3.94%, 0, 0, 15, 2456.57, 5486373, 2585, 0, 0
2231, 41, 101, 856, 4, 0, 3.94%, 0, 0, 15, 2463.81, 5498597, 2585, 0, 0
2236, 41, 624, 856, 4, 0, 3.94%, 0, 0, 15, 2486.22, 5511198, 2585, 0, 0
2241, 41, 775, 856, 3, 0, 3.94%, 0, 0, 15, 2470.13, 5523986, 2585, 0, 0
2246, 41, 816, 856, 3, 0, 3.94%, 0, 0, 15, 2492.27, 5536828, 2585, 0, 0
2252, 41, 54, 856, 3, 0, 3.94%, 0, 0, 15, 2510.89, 5549695, 2585, 0, 0
2257, 42, 177, 856, 3, 0, 3.94%, 0, 0, 15, 2440.56, 5562044, 2585, 0, 0
2262, 42, 638, 858, 4, 0, 3.95%, 0, 0, 15, 2375.63, 5573940, 2586, 0, 0
2267, 42, 105, 858, 4, 0, 3.95%, 0, 0, 15, 2464.90, 5586569, 2586, 0, 0
2272, 42, 853, 858, 4, 0, 3.95%, 0, 0, 15, 2428.21, 5599032, 2586, 0, 0
2277, 42, 842, 858, 4, 0, 3.95%, 0, 0, 15, 2504.82, 5611681, 2586, 0, 0
2282, 42, 597, 858, 4, 0, 3.95%, 0, 0, 15, 2477.56, 5623719, 2586, 0, 0
2287, 42, 734, 858, 4, 0, 3.95%, 0, 0, 15, 2506.10, 5636632, 2586, 0, 0
2292, 42, 244, 858, 4, 0, 3.95%, 0, 0, 15, 2491.25, 5648819, 2586, 0, 0
2297, 42, 54, 858, 4, 0, 3.95%, 0, 0, 15, 2474.53, 5661001, 2586, 0, 0
2302, 42, 682, 858, 4, 0, 3.95%, 0, 0, 15, 2473.52, 5673501, 2586, 0, 0
2307, 42, 782, 858, 4, 0, 3.95%, 0, 0, 15, 2503.68, 5686103, 2586, 0, 0
2313, 42, 456, 858, 4, 0, 3.95%, 0, 0, 15, 2499.35, 5698977, 2586, 0, 0
2318, 42, 779, 858, 4, 0, 3.95%, 0, 0, 15, 2495.50, 5711970, 2586, 0, 0
2324, 43, 701, 858, 4, 0, 3.95%, 0, 0, 15, 2428.56, 5725666, 2586, 0, 0
2329, 43, 853, 858, 4, 0, 3.95%, 0, 0, 15, 2452.28, 5738054, 2586, 0, 0
2334, 43, 139, 858, 4, 0, 3.95%, 0, 0, 15, 2439.95, 5750387, 2586, 0, 0
2339, 43, 674, 858, 4, 0, 3.95%, 0, 0, 15, 2491.71, 5763424, 2586, 0, 0
2344, 43, 580, 859, 5, 0, 3.95%, 0, 0, 15, 2521.72, 5776085, 2586, 0, 0
2349, 43, 519, 859, 5, 0, 3.95%, 0, 0, 15, 2510.49, 5788623, 2586, 0, 0
2354, 43, 842, 859, 5, 0, 3.95%, 0, 0, 15, 2498.69, 5801096, 2586, 0, 0
2359, 43, 625, 859, 5, 0, 3.95%, 0, 0, 15, 2503.24, 5813624, 2586, 0, 0
2364, 43, 239, 859, 4, 0, 3.95%, 0, 0, 15, 2484.70, 5825470, 2586, 0, 0
2369, 43, 736, 860, 5, 0, 3.95%, 0, 0, 15, 2469.42, 5837807, 2586, 0, 0
2374, 43, 689, 860, 5, 0, 3.95%, 0, 0, 15, 2514.52, 5850387, 2586, 0, 0
2379, 43, 782, 860, 5, 0, 3.95%, 0, 0, 15, 2502.79, 5862911, 2586, 0, 0
2384, 43, 666, 860, 4, 0, 3.95%, 0, 0, 15, 2346.27, 5874564, 2586, 0, 0
2389, 44, 719, 860, 4, 0, 3.95%, 0, 0, 15, 2462.52, 5887095, 2586, 0, 0
2394, 44, 378, 860, 4, 0, 3.95%, 0, 0, 15, 2421.53, 5899261, 2586, 0, 0
2400, 44, 395, 860, 4, 0, 3.95%, 0, 0, 15, 2498.47, 5912235, 2586, 0, 0
2405, 44, 711, 860, 4, 0, 3.95%, 0, 0, 15, 2494.18, 5924943, 2586, 0, 0
2410, 44, 666, 860, 4, 0, 3.95%, 0, 0, 15, 2415.26, 5937240, 2586, 0, 0
2415, 44, 782, 860, 4, 0, 3.95%, 0, 0, 15, 2487.54, 5949906, 2586, 0, 0
2420, 44, 469, 860, 4, 0, 3.95%, 0, 0, 15, 2505.95, 5962699, 2586, 0, 0
2425, 44, 682, 860, 4, 0, 3.95%, 0, 0, 15, 2509.61, 5975344, 2586, 0, 0
2430, 44, 232, 860, 4, 0, 3.95%, 0, 0, 15, 2511.69, 5988094, 2586, 0, 0
2435, 44, 793, 860, 4, 0, 3.95%, 0, 0, 15, 2492.00, 6000726, 2586, 0, 0
2440, 44, 327, 860, 3, 0, 3.95%, 0, 0, 15, 2469.02, 6013338, 2586, 0, 0
2445, 44, 754, 862, 4, 0, 3.95%, 0, 0, 15, 2467.58, 6025391, 2586, 0, 0
2450, 44, 785, 862, 4, 0, 3.95%, 0, 0, 15, 2471.35, 6038097, 2586, 0, 0
2456, 45, 453, 862, 4, 0, 3.95%, 0, 0, 15, 2424.88, 6051457, 2586, 0, 0
2461, 45, 84, 862, 3, 0, 3.95%, 0, 0, 15, 2413.15, 6062880, 2586, 0, 0
2466, 45, 268, 862, 3, 0, 3.95%, 0, 0, 15, 2505.57, 6075531, 2586, 0, 0
2471, 45, 589, 862, 3, 0, 3.95%, 0, 0, 15, 2502.19, 6088556, 2586, 0, 0
2476, 45, 537, 862, 3, 0, 3.95%, 0, 0, 15, 2433.29, 6101058, 2586, 0, 0
2481, 45, 649, 862, 3, 0, 3.95%, 0, 0, 15, 2462.11, 6113582, 2586, 0, 0
2486, 45, 619, 862, 3, 0, 3.95%, 0, 0, 15, 2470.87, 6125822, 2586, 0, 0
2492, 45, 600, 862, 3, 0, 3.95%, 0, 0, 15, 2472.62, 6138244, 2586, 0, 0
2497, 45, 54, 862, 3, 0, 3.95%, 0, 0, 15, 2493.73, 6150934, 2586, 0, 0
2502, 45, 654, 863, 4, 0, 3.95%, 0, 0, 15, 2487.63, 6163678, 2586, 0, 0
2507, 45, 588, 863, 3, 0, 3.95%, 0, 0, 15, 2445.02, 6175224, 2586, 0, 0
2512, 45, 630, 864, 4, 0, 3.95%, 0, 0, 15, 2482.73, 6188232, 2586, 0, 0
2517, 46, 481, 864, 4, 0, 3.95%, 0, 0, 15, 2460.09, 6200729, 2586, 0, 0
2522, 46, 569, 864, 3, 0, 3.95%, 0, 0, 15, 2363.83, 6212983, 2586, 0, 0
2527, 46, 853, 864, 3, 0, 3.95%, 0, 0, 15, 2467.07, 6225564, 2586, 0, 0
2532, 46, 68, 864, 3, 0, 3.95%, 0, 0, 15, 2393.19, 6237846, 2586, 0, 0
2537, 46, 856, 864, 3, 0, 3.95%, 0, 0, 15, 2451.38, 6250183, 2586, 0, 0
2542, 46, 510, 864, 3, 0, 3.95%, 0, 0, 15, 2489.87, 6262721, 2586, 0, 0
2548, 46, 663, 864, 3, 0, 3.95%, 0, 0, 15, 2492.14, 6275661, 2586, 0, 0
2553, 46, 625, 864, 3, 0, 3.95%, 0, 0, 15, 2459.18, 6288108, 2586, 0, 0
2558, 46, 257, 864, 2, 0, 3.95%, 0, 0, 15, 2419.18, 6300278, 2586, 0, 0
2563, 46, 779, 864, 2, 0, 3.95%, 0, 0, 15, 2479.85, 6313171, 2586, 0, 0
2568, 46, 689, 864, 2, 0, 3.95%, 0, 0, 15, 2487.66, 6326077, 2586, 0, 0
2573, 46, 605, 864, 2, 0, 3.95%, 0, 0, 15, 2486.98, 6338871, 2586, 0, 0
2578, 47, 552, 864, 2, 0, 3.95%, 0, 0, 15, 2513.06, 6351440, 2586, 0, 0
2583, 47, 843, 867, 5, 0, 3.95%, 0, 0, 15, 2444.44, 6362940, 2586, 0, 0
2590, 47, 866, 868, 6, 0, 3.95%, 0, 0, 15, 2366.94, 6377648, 2586, 0, 0
2595, 47, 842, 868, 5, 0, 3.95%, 0, 0, 15, 2445.36, 6390019, 2586, 0, 0
2600, 47, 251, 868, 5, 0, 3.95%, 0, 0, 15, 2483.98, 6402572, 2586, 0, 0
2605, 47, 738, 868, 5, 0, 3.95%, 0, 0, 15, 2447.71, 6414917, 2586, 0, 0
2612, 47, 867, 868, 5, 0, 3.95%, 0, 0, 15, 2422.95, 6428952, 2586, 0, 0
2617, 47, 851, 868, 4, 0, 3.95%, 0, 0, 15, 2477.12, 6441421, 2586, 0, 0
2622, 47, 504, 868, 4, 0, 3.95%, 0, 0, 15, 2488.43, 6453925, 2586, 0, 0
2629, 47, 864, 868, 4, 0, 3.95%, 0, 0, 15, 2383.36, 6469092, 2586, 0, 0
2634, 47, 787, 868, 3, 0, 3.95%, 0, 0, 15, 2438.94, 6481311, 2586, 0, 0
2639, 47, 760, 868, 3, 0, 3.95%, 0, 0, 15, 2509.07, 6493942, 2586, 0, 0
2644, 48, 396, 868, 3, 0, 3.95%, 0, 0, 15, 2505.09, 6506892, 2586, 0, 0
2649, 48, 232, 868, 3, 0, 3.95%, 0, 0, 15, 2487.08, 6519765, 2586, 0, 0
2654, 48, 570, 868, 3, 0, 3.95%, 0, 0, 15, 2498.19, 6532289, 2586, 0, 0
2659, 48, 201, 868, 3, 0, 3.95%, 0, 0, 15, 2480.04, 6545427, 2586, 0, 0
2665, 48, 811, 869, 3, 0, 3.95%, 0, 0, 15, 2396.02, 6558121, 2586, 0, 0
2670, 48, 508, 869, 3, 0, 3.95%, 0, 0, 15, 2511.88, 6571295, 2586, 0, 0
2675, 48, 719, 869, 3, 0, 3.95%, 0, 0, 15, 2495.76, 6583795, 2586, 0, 0
2680, 48, 736, 869, 3, 0, 3.95%, 0, 0, 15, 2501.99, 6596389, 2586, 0, 0
2685, 48, 56, 869, 3, 0, 3.95%, 0, 0, 15, 2474.20, 6608816, 2586, 0, 0
2690, 48, 591, 869, 3, 0, 3.95%, 0, 0, 15, 2504.86, 6621568, 2586, 0, 0
2696, 48, 681, 869, 3, 0, 3.95%, 0, 0, 15, 2497.99, 6634468, 2586, 0, 0
2701, 48, 240, 880, 12, 0, 3.97%, 0, 0, 15, 2472.19, 6647081, 2602, 0, 0
2706, 48, 868, 881, 13, 0, 3.97%, 0, 0, 15, 2361.64, 6658832, 2602, 0, 0
2711, 49, 49, 881, 11, 0, 3.97%, 0, 0, 15, 2429.63, 6671202, 2602, 0, 0
2716, 49, 780, 881, 11, 0, 3.97%, 0, 0, 15, 2468.36, 6683573, 2602, 0, 0
2721, 49, 736, 881, 10, 0, 3.97%, 0, 0, 15, 2413.42, 6695089, 2602, 0, 0
2726, 49, 878, 884, 13, 0, 3.97%, 0, 0, 15, 2390.70, 6707390, 2602, 0, 0
2731, 49, 884, 892, 19, 1, 3.97%, 0, 0, 15, 2279.15, 6718747, 2603, 0, 0
2736, 49, 892, 902, 26, 1, 3.98%, 0, 0, 16, 2400.85, 6731084, 2608, 0, 0
2741, 49, 900, 905, 27, 1, 3.98%, 0, 0, 17, 2479.56, 6743642, 2608, 0, 0
2746, 49, 766, 908, 29, 0, 3.98%, 0, 0, 17, 2513.23, 6756530, 2608, 0, 0
2751, 49, 161, 908, 28, 0, 3.98%, 0, 0, 17, 2465.25, 6769107, 2608, 0, 0
2757, 49, 905, 908, 26, 0, 3.98%, 0, 0, 17, 2425.96, 6781311, 2608, 0, 0
2762, 49, 630, 908, 23, 0, 3.98%, 0, 0, 17, 2464.91, 6793555, 2608, 0, 0
2767, 49, 908, 927, 41, 1, 4.00%, 0, 0, 17, 2493.80, 6806546, 2619, 0, 0
2772, 49, 922, 937, 48, 1, 4.00%, 0, 0, 17, 2469.96, 6819062, 2620, 0, 0
2777, 49, 779, 940, 49, 0, 4.00%, 0, 0, 18, 2493.37, 6831847, 2620, 0, 0
2782, 49, 364, 942, 49, 0, 4.00%, 0, 0, 18, 2449.11, 6844080, 2620, 0, 0
2787, 49, 936, 946, 52, 0, 4.00%, 0, 0, 18, 2539.14, 6857326, 2620, 0, 0
2793, 49, 936, 946, 51, 0, 4.00%, 0, 0, 18, 2449.66, 6869758, 2620, 0, 0
2798, 49, 879, 946, 49, 0, 4.00%, 0, 0, 18, 2464.68, 6882980, 2620, 0, 0
2803, 49, 816, 946, 45, 0, 4.00%, 0, 0, 18, 2460.32, 6895617, 2620, 0, 0
2808, 49, 519, 946, 39, 0, 4.00%, 0, 0, 18, 2472.12, 6908266, 2620, 0, 0
2813, 49, 231, 946, 37, 0, 4.00%, 0, 0, 18, 2407.15, 6918982, 2620, 0, 0
2819, 49, 481, 946, 34, 0, 4.00%, 0, 0, 18, 2472.03, 6931905, 2620, 0, 0
2824, 49, 943, 946, 32, 0, 4.00%, 0, 0, 18, 1818.69, 6941671, 2620, 0, 0
2829, 49, 77, 946, 29, 0, 4.00%, 0, 0, 18, 2355.13, 6954499, 2620, 0, 0
2834, 49, 882, 946, 27, 0, 4.00%, 0, 0, 18, 2382.40, 6966419, 2620, 0, 0
2839, 49, 711, 946, 27, 0, 4.00%, 0, 0, 18, 2448.87, 6978793, 2620, 0, 0
2844, 50, 263, 946, 27, 0, 4.00%, 0, 0, 18, 2496.07, 6991693, 2620, 0, 0
2849, 50, 853, 946, 23, 0, 4.00%, 0, 0, 18, 2527.88, 7004416, 2620, 0, 0
2856, 50, 865, 946, 23, 0, 4.00%, 0, 0, 18, 2423.88, 7020199, 2620, 0, 0
2861, 50, 886, 946, 21, 0, 4.00%, 0, 0, 18, 2429.49, 7032352, 2620, 0, 0
2866, 50, 42, 946, 19, 0, 4.00%, 0, 0, 18, 2464.80, 7044832, 2620, 0, 0
2871, 50, 851, 946, 17, 0, 4.00%, 0, 0, 18, 2481.45, 7057324, 2620, 0, 0
2876, 50, 342, 946, 15, 0, 4.00%, 0, 0, 18, 2498.99, 7069906, 2620, 0, 0
2881, 50, 547, 946, 14, 0, 4.00%, 0, 0, 18, 2482.94, 7082269, 2620, 0, 0
2886, 50, 326, 946, 14, 0, 4.00%, 0, 0, 18, 2482.21, 7094694, 2620, 0, 0
2892, 50, 770, 946, 13, 0, 4.00%, 0, 0, 18, 2454.28, 7108794, 2620, 0, 0
2897, 50, 682, 946, 13, 0, 4.00%, 0, 0, 18, 2456.27, 7121425, 2620, 0, 0
2902, 50, 604, 946, 13, 0, 4.00%, 0, 0, 18, 2466.79, 7134298, 2620, 0, 0
2907, 50, 917, 946, 13, 0, 4.00%, 0, 0, 18, 2486.80, 7147092, 2620, 0, 0
2913, 51, 547, 946, 12, 0, 4.00%, 0, 0, 18, 2487.23, 7159536, 2620, 0, 0
2918, 51, 402, 946, 12, 0, 4.00%, 0, 0, 18, 2515.28, 7172262, 2620, 0, 0
2923, 51, 512, 946, 12, 0, 4.00%, 0, 0, 18, 2528.43, 7185012, 2620, 0, 0
2928, 51, 842, 947, 12, 0, 4.00%, 0, 0, 18, 2427.79, 7196176, 2620, 0, 0
2933, 51, 288, 947, 12, 0, 4.00%, 0, 0, 18, 2494.13, 7209023, 2620, 0, 0
2938, 51, 896, 947, 12, 0, 4.00%, 0, 0, 18, 2446.02, 7221444, 2620, 0, 0
2943, 51, 856, 947, 11, 0, 4.00%, 0, 0, 18, 2373.19, 7233442, 2620, 0, 0
2948, 51, 429, 947, 10, 0, 4.00%, 0, 0, 18, 2447.25, 7245914, 2620, 0, 0
2953, 51, 622, 947, 9, 0, 4.00%, 0, 0, 18, 2488.06, 7258851, 2620, 0, 0
2958, 51, 621, 949, 11, 0, 4.00%, 0, 0, 18, 2460.22, 7271193, 2620, 0, 0
2963, 51, 239, 949, 9, 0, 4.00%, 0, 0, 18, 2504.33, 7284107, 2620, 0, 0
2968, 51, 628, 949, 9, 0, 4.00%, 0, 0, 18, 2518.34, 7296908, 2620, 0, 0
2973, 51, 940, 949, 8, 0, 4.00%, 0, 0, 18, 2490.54, 7309481, 2620, 0, 0
2979, 51, 635, 949, 7, 0, 4.00%, 0, 0, 18, 2448.76, 7322050, 2620, 0, 0
2984, 51, 697, 949, 6, 0, 4.00%, 0, 0, 18, 2504.23, 7334732, 2620, 0, 0
2989, 51, 946, 952, 9, 0, 4.00%, 0, 0, 18, 2304.19, 7345409, 2620, 0, 0
2994, 51, 54, 955, 11, 0, 4.00%, 0, 0, 18, 2040.35, 7355223, 2620, 0, 0
2999, 52, 833, 955, 11, 0, 4.00%, 0, 0, 18, 2425.05, 7367891, 2620, 0, 0
3004, 52, 158, 956, 12, 0, 4.00%, 0, 0, 18, 2468.75, 7380724, 2620, 0, 0
3009, 52, 950, 956, 11, 0, 4.00%, 0, 0, 18, 2427.65, 7393248, 2620, 0, 0
3014, 52, 121, 957, 11, 0, 4.00%, 0, 0, 18, 2454.80, 7405532, 2620, 0, 0
3019, 52, 155, 957, 11, 0, 4.00%, 0, 0, 18, 2490.82, 7418276, 2620, 0, 0
3024, 52, 316, 957, 11, 0, 4.00%, 0, 0, 18, 2511.35, 7431002, 2620, 0, 0
3029, 52, 956, 957, 11, 0, 4.00%, 0, 0, 18, 2472.06, 7443280, 2620, 0, 0
3035, 52, 676, 957, 10, 0, 4.00%, 0, 0, 18, 2509.24, 7456180, 2620, 0, 0
3040, 52, 326, 957, 10, 0, 4.00%, 0, 0, 18, 2470.36, 7469064, 2620, 0, 0
3045, 52, 766, 957, 10, 0, 4.00%, 0, 0, 18, 2519.04, 7481716, 2620, 0, 0
3050, 52, 953, 957, 10, 0, 4.00%, 0, 0, 18, 2320.01, 7489745, 2620, 0, 0
3055, 52, 116, 957, 9, 0, 4.00%, 0, 0, 18, 2399.32, 7501932, 2620, 0, 0
3061, 52, 746, 957, 9, 0, 4.00%, 0, 0, 18, 2446.61, 7515362, 2620, 0, 0
3066, 52, 886, 958, 10, 0, 4.00%, 0, 0, 18, 2464.30, 7527870, 2620, 0, 0
3072, 53, 957, 959, 11, 0, 4.00%, 0, 0, 18, 2404.64, 7543209, 2620, 0, 0
3078, 53, 843, 961, 11, 0, 4.00%, 0, 0, 18, 2304.47, 7554511, 2620, 0, 0
3083, 53, 258, 961, 11, 0, 4.00%, 0, 0, 18, 2443.21, 7567069, 2620, 0, 0
3088, 53, 537, 961, 9, 0, 4.00%, 0, 0, 18, 2406.22, 7579633, 2620, 0, 0
3093, 53, 779, 961, 9, 0, 4.00%, 0, 0, 18, 2453.87, 7592195, 2620, 0, 0
3098, 53, 462, 961, 7, 0, 4.00%, 0, 0, 18, 2370.66, 7604144, 2620, 0, 0
3103, 53, 952, 961, 7, 0, 4.00%, 0, 0, 18, 2299.07, 7615065, 2620, 0, 0
3109, 53, 816, 962, 7, 0, 4.00%, 0, 0, 18, 2435.78, 7627789, 2620, 0, 0
3114, 53, 21, 962, 6, 0, 4.00%, 0, 0, 18, 2342.55, 7639495, 2620, 0, 0
3119, 53, 630, 962, 6, 0, 4.00%, 0, 0, 18, 2496.80, 7652269, 2620, 0, 0
3124, 53, 631, 962, 6, 0, 4.00%, 0, 0, 18, 2508.67, 7664898, 2620, 0, 0
3129, 53, 959, 962, 6, 0, 4.00%, 0, 0, 18, 2303.96, 7674819, 2620, 0, 0
3134, 53, 56, 962, 6, 0, 4.00%, 0, 0, 18, 2442.55, 7687538, 2620, 0, 0
3139, 53, 116, 962, 5, 0, 4.00%, 0, 0, 18, 2422.30, 7699883, 2620, 0, 0
3144, 53, 792, 962, 5, 0, 4.00%, 0, 0, 18, 2472.68, 7712329, 2620, 0, 0
3149, 53, 762, 962, 5, 0, 4.00%, 0, 0, 18, 2500.38, 7724885, 2620, 0, 0
3154, 54, 537, 962, 5, 0, 4.00%, 0, 0, 18, 2324.75, 7734852, 2620, 0, 0
3159, 54, 630, 962, 5, 0, 4.00%, 0, 0, 18, 2453.65, 7747362, 2620, 0, 0
3164, 54, 856, 962, 5, 0, 4.00%, 0, 0, 18, 2433.02, 7759120, 2620, 0, 0
3169, 54, 949, 962, 4, 0, 4.00%, 0, 0, 18, 2447.29, 7771713, 2620, 0, 0
3174, 54, 909, 962, 2, 0, 4.00%, 0, 0, 18, 2383.51, 7783632, 2620, 0, 0
3180, 54, 855, 962, 2, 0, 4.00%, 0, 0, 18, 2480.32, 7796712, 2620, 0, 0
3185, 54, 62, 962, 2, 0, 4.00%, 0, 0, 18, 2478.20, 7809098, 2620, 0, 0
3190, 54, 785, 962, 2, 0, 4.00%, 0, 0, 18, 2494.82, 7821746, 2620, 0, 0
3195, 54, 142, 962, 2, 0, 4.00%, 0, 0, 18, 2503.86, 7834723, 2620, 0, 0
3200, 54, 944, 962, 2, 0, 4.00%, 0, 0, 18, 2489.80, 7847295, 2620, 0, 0
3205, 54, 177, 962, 2, 0, 4.00%, 0, 0, 18, 2492.80, 7860298, 2620, 0, 0
3210, 54, 232, 963, 2, 0, 4.00%, 0, 0, 18, 2502.49, 7873283, 2620, 0, 0
3216, 54, 735, 963, 1, 0, 4.00%, 0, 0, 18, 2478.18, 7884873, 2620, 0, 0
3221, 54, 732, 963, 1, 0, 4.00%, 0, 0, 18, 2512.45, 7897616, 2620, 0, 0
3226, 54, 666, 963, 1, 0, 4.00%, 0, 0, 18, 2502.22, 7910121, 2620, 0, 0
3231, 55, 584, 964, 2, 0, 4.00%, 0, 0, 18, 2453.27, 7922242, 2620, 0, 0
3236, 55, 625, 964, 2, 0, 4.00%, 0, 0, 18, 2500.36, 7934946, 2620, 0, 0
3241, 55, 829, 964, 2, 0, 4.00%, 0, 0, 18, 2508.95, 7947868, 2620, 0, 0
3246, 55, 962, 964, 2, 0, 4.00%, 0, 0, 18, 2483.21, 7960392, 2620, 0, 0
3251, 55, 682, 964, 2, 0, 4.00%, 0, 0, 18, 2523.32, 7973419, 2620, 0, 0
3256, 55, 537, 964, 2, 0, 4.00%, 0, 0, 18, 2520.75, 7986069, 2620, 0, 0
3261, 55, 774, 964, 2, 0, 4.00%, 0, 0, 18, 2524.71, 7998859, 2620, 0, 0
3266, 55, 662, 964, 2, 0, 4.00%, 0, 0, 18, 2523.96, 8011534, 2620, 0, 0
3271, 55, 729, 964, 2, 0, 4.00%, 0, 0, 18, 2497.16, 8024082, 2620, 0, 0
3276, 55, 663, 964, 2, 0, 4.00%, 0, 0, 18, 2491.22, 8036557, 2620, 0, 0
3281, 55, 514, 964, 2, 0, 4.00%, 0, 0, 18, 2460.37, 8049082, 2620, 0, 0
3287, 55, 918, 964, 2, 0, 4.00%, 0, 0, 18, 2476.06, 8062063, 2620, 0, 0
3292, 55, 896, 964, 2, 0, 4.00%, 0, 0, 18, 2474.38, 8074535, 2620, 0, 0
3297, 56, 161, 964, 2, 0, 4.00%, 0, 0, 18, 2487.78, 8087019, 2620, 0, 0
3302, 56, 606, 964, 2, 0, 4.00%, 0, 0, 18, 2512.62, 8099726, 2620, 0, 0
3307, 56, 647, 964, 2, 0, 4.00%, 0, 0, 18, 2501.03, 8112322, 2620, 0, 0
3312, 56, 732, 965, 3, 0, 4.00%, 0, 0, 18, 2506.29, 8125084, 2620, 0, 0
3317, 56, 105, 966, 3, 0, 4.00%, 0, 0, 18, 2496.63, 8137710, 2620, 0, 0
3322, 56, 102, 967, 4, 0, 4.00%, 0, 0, 18, 2424.39, 8150274, 2620, 0, 0
3327, 56, 62, 968, 4, 0, 4.00%, 0, 0, 18, 2348.31, 8161458, 2620, 0, 0
3332, 56, 257, 968, 4, 0, 4.00%, 0, 0, 18, 2464.27, 8174314, 2620, 0, 0
3338, 56, 775, 968, 4, 0, 4.00%, 0, 0, 18, 2497.93, 8186889, 2620, 0, 0
3343, 56, 519, 969, 5, 0, 4.00%, 0, 0, 18, 2486.95, 8199357, 2620, 0, 0
3348, 56, 588, 969, 4, 0, 4.00%, 0, 0, 18, 2492.32, 8211799, 2620, 0, 0
3353, 56, 649, 969, 3, 0, 4.00%, 0, 0, 18, 2509.74, 8224445, 2620, 0, 0
3359, 56, 171, 970, 4, 0, 4.00%, 0, 0, 18, 2493.37, 8240341, 2620, 0, 0
3364, 56, 486, 970, 4, 0, 4.00%, 0, 0, 18, 2481.72, 8252458, 2620, 0, 0
3370, 56, 735, 970, 3, 0, 4.00%, 0, 0, 18, 2440.01, 8264724, 2620, 0, 0
3375, 56, 240, 970, 3, 0, 4.00%, 0, 0, 18, 2466.59, 8277431, 2620, 0, 0
3380, 57, 970, 971, 4, 0, 4.00%, 0, 0, 18, 2406.09, 8289623, 2620, 0, 0
3385, 57, 672, 971, 3, 0, 4.00%, 0, 0, 18, 2354.22, 8298908, 2620, 0, 0
3390, 57, 810, 971, 3, 0, 4.00%, 0, 0, 18, 2442.48, 8311661, 2620, 0, 0
3395, 57, 766, 971, 3, 0, 4.00%, 0, 0, 18, 2466.62, 8324466, 2620, 0, 0
3400, 57, 606, 971, 3, 0, 4.00%, 0, 0, 18, 2496.58, 8337382, 2620, 0, 0
3405, 57, 666, 972, 4, 0, 4.00%, 0, 0, 18, 2437.66, 8349226, 2620, 0, 0
3410, 57, 604, 972, 4, 0, 4.00%, 0, 0, 18, 2513.46, 8362008, 2620, 0, 0
3415, 57, 632, 972, 4, 0, 4.00%, 0, 0, 18, 2514.61, 8375010, 2620, 0, 0
3420, 57, 766, 972, 4, 0, 4.00%, 0, 0, 18, 2481.20, 8387506, 2620, 0, 0
3426, 57, 320, 972, 4, 0, 4.00%, 0, 0, 18, 2521.58, 8400171, 2620, 0, 0
3431, 57, 107, 972, 4, 0, 4.00%, 0, 0, 18, 2453.19, 8412597, 2620, 0, 0
3436, 57, 971, 972, 4, 0, 4.00%, 0, 0, 18, 2464.05, 8425981, 2620, 0, 0
3441, 57, 936, 972, 3, 0, 4.00%, 0, 0, 18, 2503.45, 8438978, 2620, 0, 0
3446, 57, 829, 972, 3, 0, 4.00%, 0, 0, 18, 2477.28, 8451503, 2620, 0, 0
3452, 58, 667, 973, 4, 0, 4.00%, 0, 0, 18, 2517.38, 8464587, 2620, 0, 0
3457, 58, 657, 973, 3, 0, 4.00%, 0, 0, 18, 2509.47, 8477370, 2620, 0, 0
3462, 58, 769, 973, 3, 0, 4.00%, 0, 0, 18, 2517.16, 8490432, 2620, 0, 0
3467, 58, 909, 973, 3, 0, 4.00%, 0, 0, 18, 2538.07, 8503607, 2620, 0, 0
3472, 58, 42, 973, 3, 0, 4.00%, 0, 0, 18, 2533.16, 8516631, 2620, 0, 0
3477, 58, 700, 974, 4, 0, 4.00%, 0, 0, 18, 2514.35, 8529138, 2620, 0, 0
3482, 58, 633, 974, 4, 0, 4.00%, 0, 0, 18, 2500.68, 8541712, 2620, 0, 0
3487, 58, 622, 974, 4, 0, 4.00%, 0, 0, 18, 2427.89, 8553622, 2620, 0, 0
3492, 58, 501, 974, 4, 0, 4.00%, 0, 0, 18, 2400.22, 8565477, 2620, 0, 0
3497, 58, 155, 974, 4, 0, 4.00%, 0, 0, 18, 2450.85, 8577449, 2620, 0, 0
3504, 58, 967, 975, 5, 0, 4.00%, 0, 0, 18, 2400.02, 8591643, 2620, 0, 0
3509, 58, 525, 975, 3, 0, 4.00%, 0, 0, 18, 2451.40, 8603920, 2620, 0, 0
3514, 58, 604, 976, 4, 0, 4.00%, 0, 0, 18, 2490.03, 8616828, 2620, 0, 0
3519, 58, 547, 976, 4, 0, 4.00%, 0, 0, 18, 2493.79, 8629328, 2620, 0, 0
3524, 59, 108, 976, 4, 0, 4.00%, 0, 0, 18, 2492.13, 8642379, 2620, 0, 0
3529, 59, 213, 976, 4, 0, 4.00%, 0, 0, 18, 2536.74, 8655231, 2620, 0, 0
3534, 59, 969, 976, 3, 0, 4.00%, 0, 0, 18, 2473.75, 8667610, 2620, 0, 0
3539, 59, 139, 976, 3, 0, 4.00%, 0, 0, 18, 2507.05, 8680280, 2620, 0, 0
3544, 59, 158, 976, 3, 0, 4.00%, 0, 0, 18, 2469.70, 8693053, 2620, 0, 0
3550, 59, 212, 976, 3, 0, 4.00%, 0, 0, 18, 2510.79, 8706547, 2620, 0, 0
3555, 59, 666, 976, 3, 0, 4.00%, 0, 0, 18, 2450.32, 8719345, 2620, 0, 0
3560, 59, 624, 976, 3, 0, 4.00%, 0, 0, 18, 2513.50, 8731997, 2620, 0, 0
3565, 59, 606, 976, 3, 0, 4.00%, 0, 0, 18, 2503.88, 8744546, 2620, 0, 0
3570, 59, 635, 976, 3, 0, 4.00%, 0, 0, 18, 2451.46, 8757112, 2620, 0, 0
3575, 59, 689, 976, 3, 0, 4.00%, 0, 0, 18, 2499.68, 8769743, 2620, 0, 0
3580, 59, 823, 976, 3, 0, 4.00%, 0, 0, 18, 2506.50, 8782475, 2620, 0, 0
3585, 59, 972, 976, 3, 0, 4.00%, 0, 0, 18, 2486.97, 8795023, 2620, 0, 0
3590, 59, 499, 976, 3, 0, 4.00%, 0, 0, 18, 2535.20, 8807875, 2620, 0, 0
3595, 60, 754, 976, 3, 0, 4.00%, 0, 0, 18, 2517.41, 8820925, 2620, 0, 0
3601, 60, 785, 976, 3, 0, 4.00%, 0, 0, 18, 2557.56, 8834245, 2620, 0, 0
3606, 60, 120, 976, 3, 0, 4.00%, 0, 0, 18, 2530.77, 8846867, 2620, 0, 0
3611, 60, 108, 976, 3, 0, 4.00%, 0, 0, 18, 2498.16, 8859467, 2620, 0, 0
3616, 60, 638, 976, 3, 0, 4.00%, 0, 0, 18, 2498.39, 8872311, 2620, 0, 0
3621, 60, 508, 976, 3, 0, 4.00%, 0, 0, 18, 2497.21, 8885269, 2620, 0, 0
3626, 60, 936, 976, 2, 0, 4.00%, 0, 0, 18, 2463.01, 8897954, 2620, 0, 0
3631, 60, 155, 976, 2, 0, 4.00%, 0, 0, 18, 2522.94, 8910861, 2620, 0, 0
3636, 60, 547, 977, 3, 0, 4.00%, 0, 0, 18, 2512.48, 8923444, 2620, 0, 0
3641, 60, 773, 977, 3, 0, 4.00%, 0, 0, 18, 2418.80, 8935312, 2620, 0, 0
3646, 60, 549, 977, 3, 0, 4.00%, 0, 0, 18, 2483.67, 8947893, 2620, 0, 0
3651, 60, 422, 977, 3, 0, 4.00%, 0, 0, 18, 2525.39, 8960820, 2620, 0, 0
3657, 60, 775, 977, 3, 0, 4.00%, 0, 0, 18, 2464.15, 8973466, 2620, 0, 0
3662, 60, 583, 977, 3, 0, 4.00%, 0, 0, 18, 2456.30, 8986278, 2620, 0, 0
3667, 61, 106, 977, 3, 0, 4.00%, 0, 0, 18, 2493.19, 8998831, 2620, 0, 0
3672, 61, 547, 977, 3, 0, 4.00%, 0, 0, 18, 2441.79, 9011133, 2620, 0, 0
3677, 61, 840, 977, 3, 0, 4.00%, 0, 0, 18, 2479.39, 9025468, 2620, 0, 0
3683, 61, 108, 977, 3, 0, 4.00%, 0, 0, 18, 2345.90, 9037651, 2620, 0, 0
3688, 61, 77, 977, 3, 0, 4.00%, 0, 0, 18, 2490.41, 9050307, 2620, 0, 0
3693, 61, 236, 977, 2, 0, 4.00%, 0, 0, 18, 2514.31, 9062921, 2620, 0, 0
3698, 61, 158, 977, 2, 0, 4.00%, 0, 0, 18, 2461.50, 9075720, 2620, 0, 0
3703, 61, 537, 977, 2, 0, 4.00%, 0, 0, 18, 2402.31, 9087795, 2620, 0, 0
3708, 61, 184, 977, 2, 0, 4.00%, 0, 0, 18, 2417.38, 9100159, 2620, 0, 0
3713, 61, 689, 977, 2, 0, 4.00%, 0, 0, 18, 2478.95, 9112899, 2620, 0, 0
3718, 61, 853, 977, 2, 0, 4.00%, 0, 0, 18, 2510.75, 9125653, 2620, 0, 0
3723, 61, 972, 977, 2, 0, 4.00%, 0, 0, 18, 2518.17, 9138479, 2620, 0, 0
3728, 61, 93, 977, 2, 0, 4.00%, 0, 0, 18, 2519.76, 9150156, 2620, 0, 0
3733, 61, 853, 978, 2, 0, 4.00%, 0, 0, 18, 2495.51, 9162837, 2621, 0, 0
3738, 62, 693, 978, 2, 0, 4.00%, 0, 0, 18, 2517.73, 9175617, 2621, 0, 0
3743, 62, 816, 978, 2, 0, 4.00%, 0, 0, 18, 2526.27, 9188443, 2621, 0, 0
3748, 62, 682, 978, 2, 0, 4.00%, 0, 0, 18, 2526.15, 9201168, 2621, 0, 0
3754, 62, 689, 979, 3, 0, 4.00%, 0, 0, 18, 2434.16, 9213367, 2621, 0, 0
3759, 62, 936, 979, 3, 0, 4.00%, 0, 0, 18, 2426.78, 9225678, 2621, 0, 0
3764, 62, 768, 979, 3, 0, 4.00%, 0, 0, 18, 2470.85, 9238162, 2621, 0, 0
3769, 62, 286, 979, 3, 0, 4.00%, 0, 0, 18, 2403.76, 9250564, 2621, 0, 0
3774, 62, 33, 979, 3, 0, 4.00%, 0, 0, 18, 2448.61, 9263265, 2621, 0, 0
3779, 62, 96, 979, 3, 0, 4.00%, 0, 0, 18, 2483.87, 9275690, 2621, 0, 0
3784, 62, 638, 979, 3, 0, 4.00%, 0, 0, 18, 2514.39, 9288441, 2621, 0, 0
3789, 62, 283, 979, 3, 0, 4.00%, 0, 0, 18, 2509.63, 9301341, 2621, 0, 0
3794, 62, 605, 980, 4, 0, 4.00%, 0, 0, 18, 2488.78, 9313794, 2621, 0, 0
3801, 62, 980, 981, 4, 0, 4.00%, 0, 0, 18, 2373.49, 9329463, 2621, 0, 0
3806, 62, 42, 981, 3, 0, 4.00%, 0, 0, 18, 2467.72, 9342076, 2621, 0, 0
3811, 62, 882, 981, 3, 0, 4.00%, 0, 0, 18, 2494.37, 9354723, 2621, 0, 0
3817, 63, 512, 981, 2, 0, 4.00%, 0, 0, 18, 2532.67, 9367722, 2621, 0, 0
3822, 63, 55, 981, 2, 0, 4.00%, 0, 0, 18, 2530.77, 9380547, 2621, 0, 0
3827, 63, 624, 981, 2, 0, 4.00%, 0, 0, 18, 2511.12, 9393197, 2621, 0, 0
3832, 63, 527, 982, 3, 0, 4.00%, 0, 0, 18, 2493.95, 9406152, 2621, 0, 0
3837, 63, 396, 982, 3, 0, 4.00%, 0, 0, 18, 2470.59, 9418676, 2621, 0, 0
3842, 63, 625, 982, 3, 0, 4.00%, 0, 0, 18, 2480.64, 9431129, 2621, 0, 0
3847, 63, 548, 982, 3, 0, 4.00%, 0, 0, 18, 2514.63, 9443830, 2621, 0, 0
3852, 63, 835, 982, 3, 0, 4.00%, 0, 0, 18, 2498.19, 9456805, 2621, 0, 0
3857, 63, 689, 982, 3, 0, 4.00%, 0, 0, 18, 2474.01, 9469203, 2621, 0, 0
3862, 63, 604, 982, 3, 0, 4.00%, 0, 0, 18, 2493.51, 9482103, 2621, 0, 0
3868, 63, 388, 982, 3, 0, 4.00%, 0, 0, 18, 2494.65, 9495077, 2621, 0, 0
3873, 63, 628, 982, 3, 0, 4.00%, 0, 0, 18, 2495.91, 9507874, 2621, 0, 0
3878, 63, 802, 982, 3, 0, 4.00%, 0, 0, 18, 2483.83, 9520173, 2621, 0, 0
3883, 64, 645, 982, 3, 0, 4.00%, 0, 0, 18, 2556.70, 9533050, 2621, 0, 0
3888, 64, 103, 982, 3, 0, 4.00%, 0, 0, 18, 2560.01, 9546025, 2621, 0, 0
3893, 64, 882, 982, 3, 0, 4.00%, 0, 0, 18, 2553.20, 9558850, 2621, 0, 0
3898, 64, 77, 982, 3, 0, 4.00%, 0, 0, 18, 2519.49, 9571901, 2621, 0, 0
3903, 64, 600, 982, 3, 0, 4.00%, 0, 0, 18, 2533.39, 9585076, 2621, 0, 0
3908, 64, 578, 982, 3, 0, 4.00%, 0, 0, 18, 2532.73, 9597846, 2621, 0, 0
3913, 64, 102, 982, 3, 0, 4.00%, 0, 0, 18, 2523.46, 9610647, 2621, 0, 0
3919, 64, 638, 982, 3, 0, 4.00%, 0, 0, 18, 2543.96, 9623848, 2621, 0, 0
3924, 64, 886, 982, 3, 0, 4.00%, 0, 0, 18, 2561.38, 9637054, 2621, 0, 0
3929, 64, 736, 982, 3, 0, 4.00%, 0, 0, 18, 2572.08, 9649999, 2621, 0, 0
3934, 64, 628, 982, 3, 0, 4.00%, 0, 0, 18, 2549.31, 9662874, 2621, 0, 0
3939, 64, 774, 982, 3, 0, 4.00%, 0, 0, 18, 2491.85, 9675323, 2621, 0, 0
3944, 64, 633, 982, 3, 0, 4.00%, 0, 0, 18, 2551.31, 9688224, 2621, 0, 0
3949, 65, 953, 982, 3, 0, 4.00%, 0, 0, 18, 2490.72, 9699424, 2621, 0, 0
3955, 65, 982, 984, 5, 0, 4.00%, 0, 0, 18, 2343.35, 9712115, 2621, 0, 0
3960, 65, 402, 984, 4, 0, 4.00%, 0, 0, 18, 2501.78, 9724669, 2621, 0, 0
3965, 65, 704, 984, 4, 0, 4.00%, 0, 0, 18, 2498.19, 9737665, 2621, 0, 0
3970, 65, 766, 984, 4, 0, 4.00%, 0, 0, 18, 2525.57, 9750521, 2621, 0, 0
3975, 65, 936, 984, 4, 0, 4.00%, 0, 0, 18, 2527.53, 9763221, 2621, 0, 0
3981, 65, 974, 984, 4, 0, 4.00%, 0, 0, 18, 2494.71, 9775910, 2621, 0, 0
3986, 65, 983, 986, 5, 0, 4.00%, 0, 0, 18, 2328.19, 9786387, 2621, 0, 0
3991, 65, 823, 987, 5, 0, 4.00%, 0, 0, 18, 2451.70, 9798590, 2621, 0, 0
3997, 65, 847, 987, 5, 0, 4.00%, 0, 0, 18, 2488.27, 9813162, 2621, 0, 0
4002, 65, 578, 987, 4, 0, 4.00%, 0, 0, 18, 2395.07, 9823914, 2621, 0, 0
4007, 65, 550, 987, 3, 0, 4.00%, 0, 0, 18, 2384.09, 9836052, 2621, 0, 0
4013, 65, 986, 988, 4, 0, 4.00%, 0, 0, 18, 2230.30, 9848338, 2621, 0, 0
4018, 65, 583, 988, 3, 0, 4.00%, 0, 0, 18, 2406.11, 9860659, 2621, 0, 0
4023, 65, 236, 988, 2, 0, 4.00%, 0, 0, 18, 2144.13, 9869859, 2621, 0, 0
4028, 65, 232, 989, 3, 0, 4.00%, 0, 0, 18, 2384.95, 9881846, 2621, 0, 0
4033, 65, 589, 989, 3, 0, 4.00%, 0, 0, 18, 2471.14, 9894348, 2621, 0, 0
4039, 65, 988, 989, 3, 0, 4.00%, 0, 0, 18, 2375.25, 9907424, 2621, 0, 0
4044, 66, 672, 989, 2, 0, 4.00%, 0, 0, 18, 2462.79, 9919547, 2621, 0, 0
4049, 66, 591, 989, 2, 0, 4.00%, 0, 0, 18, 2507.47, 9932273, 2621, 0, 0
4054, 66, 969, 989, 2, 0, 4.00%, 0, 0, 18, 2499.98, 9944774, 2621, 0, 0
4059, 66, 512, 989, 2, 0, 4.00%, 0, 0, 18, 2524.66, 9957474, 2621, 0, 0
4065, 66, 588, 989, 2, 0, 4.00%, 0, 0, 18, 2556.24, 9970402, 2621, 0, 0
4070, 66, 593, 989, 2, 0, 4.00%, 0, 0, 18, 2486.64, 9982722, 2621, 0, 0
4075, 66, 984, 989, 2, 0, 4.00%, 0, 0, 18, 2464.67, 9995493, 2621, 0, 0
4080, 66, 663, 989, 1, 0, 4.00%, 0, 0, 18, 2507.60, 10008018, 2621, 0, 0
4085, 66, 609, 989, 1, 0, 4.00%, 0, 0, 18, 2504.94, 10020465, 2621, 0, 0
4090, 66, 632, 989, 1, 0, 4.00%, 0, 0, 18, 2554.14, 10033346, 2621, 0, 0
4095, 66, 666, 989, 1, 0, 4.00%, 0, 0, 18, 2556.34, 10046243, 2621, 0, 0
4100, 66, 479, 989, 1, 0, 4.00%, 0, 0, 18, 2511.38, 10059244, 2621, 0, 0
4105, 66, 935, 989, 1, 0, 4.00%, 0, 0, 18, 2505.21, 10071969, 2621, 0, 0
4111, 66, 989, 990, 2, 1, 4.00%, 0, 0, 18, 2537.50, 10085210, 2621, 0, 0
4116, 67, 630, 990, 1, 0, 4.00%, 0, 0, 18, 2503.82, 10097860, 2621, 0, 0
4121, 67, 158, 990, 1, 0, 4.00%, 0, 0, 18, 2526.33, 10110685, 2621, 0, 0
4126, 67, 900, 990, 1, 0, 4.00%, 0, 0, 18, 2547.03, 10123430, 2621, 0, 0
4131, 67, 672, 990, 1, 0, 4.00%, 0, 0, 18, 2523.45, 10136107, 2621, 0, 0
4136, 67, 486, 990, 1, 0, 4.00%, 0, 0, 18, 2482.21, 10147817, 2621, 0, 0
4141, 67, 555, 990, 1, 0, 4.00%, 0, 0, 18, 2507.70, 10160393, 2621, 0, 0
4146, 67, 719, 990, 1, 0, 4.00%, 0, 0, 18, 2536.81, 10173218, 2621, 0, 0
4151, 67, 632, 990, 1, 0, 4.00%, 0, 0, 18, 2562.68, 10186121, 2621, 0, 0
4156, 67, 823, 990, 1, 0, 4.00%, 0, 0, 18, 2499.02, 10198294, 2621, 0, 0
4161, 67, 578, 990, 1, 0, 4.00%, 0, 0, 18, 2526.68, 10211020, 2621, 0, 0
4166, 67, 605, 990, 1, 0, 4.00%, 0, 0, 18, 2543.78, 10223995, 2621, 0, 0
4172, 67, 735, 990, 0, 0, 4.00%, 0, 0, 18, 2525.11, 10236849, 2621, 0, 0
4177, 67, 110, 990, 0, 0, 4.00%, 0, 0, 18, 2530.82, 10249673, 2621, 0, 0
4182, 67, 77, 990, 0, 0, 4.00%, 0, 0, 18, 2520.68, 10262523, 2621, 0, 0
4187, 68, 842, 990, 0, 0, 4.00%, 0, 0, 18, 2499.71, 10275197, 2621, 0, 0
4192, 68, 537, 990, 0, 0, 4.00%, 0, 0, 18, 2523.07, 10288024, 2621, 0, 0
4197, 68, 569, 991, 1, 0, 4.00%, 0, 0, 18, 2522.73, 10300853, 2621, 0, 0
4202, 68, 843, 991, 1, 0, 4.00%, 0, 0, 18, 2504.09, 10313503, 2621, 0, 0
4207, 68, 851, 991, 0, 0, 4.00%, 0, 0, 18, 2469.86, 10325829, 2621, 0, 0
4212, 68, 638, 991, 0, 0, 4.00%, 0, 0, 18, 2513.33, 10338509, 2621, 0, 0
4217, 68, 882, 991, 0, 0, 4.00%, 0, 0, 18, 2511.70, 10351135, 2621, 0, 0
4222, 68, 53, 991, 0, 0, 4.00%, 0, 0, 18, 2511.14, 10364284, 2621, 0, 0
4227, 68, 622, 991, 0, 0, 4.00%, 0, 0, 18, 2525.57, 10377084, 2621, 0, 0
4232, 68, 638, 991, 0, 0, 4.00%, 0, 0, 18, 2535.39, 10390110, 2621, 0, 0
4238, 68, 216, 991, 0, 0, 4.00%, 0, 0, 18, 2548.74, 10403361, 2621, 0, 0
4243, 68, 969, 991, 0, 0, 4.00%, 0, 0, 18, 2524.51, 10416060, 2621, 0, 0
4248, 68, 630, 991, 0, 0, 4.00%, 0, 0, 18, 2517.77, 10429209, 2621, 0, 0
4253, 68, 989, 992, 1, 0, 4.00%, 0, 0, 18, 2341.59, 10440816, 2621, 0, 0
4258, 69, 969, 992, 1, 0, 4.00%, 0, 0, 18, 2512.59, 10454142, 2621, 0, 0
4263, 69, 766, 992, 1, 0, 4.00%, 0, 0, 18, 2519.50, 10466892, 2621, 0, 0
4268, 69, 481, 992, 1, 0, 4.00%, 0, 0, 18, 2508.29, 10479591, 2621, 0, 0
4273, 69, 645, 992, 1, 0, 4.00%, 0, 0, 18, 2530.36, 10492467, 2621, 0, 0
4278, 69, 993, 994, 2, 1, 4.01%, 0, 0, 18, 2499.27, 10505019, 2626, 0, 0
4284, 69, 771, 995, 2, 0, 4.01%, 0, 0, 18, 2539.76, 10518251, 2626, 0, 0
4289, 69, 995, 996, 2, 1, 4.01%, 0, 0, 18, 2502.79, 10531252, 2626, 0, 0
4294, 69, 226, 997, 1, 0, 4.01%, 0, 0, 18, 2471.63, 10543828, 2626, 0, 0
4299, 69, 527, 997, 1, 0, 4.01%, 0, 0, 18, 2487.71, 10556530, 2626, 0, 0
4304, 69, 781, 997, 1, 0, 4.01%, 0, 0, 18, 2462.36, 10569140, 2626, 0, 0
4309, 69, 697, 997, 1, 0, 4.01%, 0, 0, 18, 2504.26, 10580998, 2626, 0, 0
4314, 69, 619, 997, 1, 0, 4.01%, 0, 0, 18, 2556.80, 10593876, 2626, 0, 0
4319, 69, 304, 997, 1, 0, 4.01%, 0, 0, 18, 2556.77, 10606801, 2626, 0, 0
4324, 69, 956, 997, 1, 0, 4.01%, 0, 0, 18, 2506.45, 10619452, 2626, 0, 0
4329, 69, 552, 998, 1, 0, 4.01%, 0, 0, 18, 2537.47, 10632406, 2626, 0, 0
4334, 70, 793, 998, 0, 0, 4.01%, 0, 0, 18, 2282.08, 10642182, 2626, 0, 0
4339, 70, 697, 998, 0, 0, 4.01%, 0, 0, 18, 2477.26, 10654939, 2626, 0, 0
4344, 70, 552, 998, 0, 0, 4.01%, 0, 0, 18, 2542.97, 10667766, 2626, 0, 0
4349, 70, 689, 998, 0, 0, 4.01%, 0, 0, 18, 2470.74, 10680359, 2626, 0, 0
4355, 70, 747, 998, 0, 0, 4.01%, 0, 0, 18, 2527.84, 10693237, 2626, 0, 0
4360, 70, 524, 998, 0, 0, 4.01%, 0, 0, 18, 2520.74, 10705912, 2626, 0, 0
4365, 70, 800, 998, 0, 0, 4.01%, 0, 0, 18, 2548.37, 10718761, 2626, 0, 0
4370, 70, 86, 998, 0, 0, 4.01%, 0, 0, 18, 2552.67, 10732088, 2626, 0, 0
4375, 70, 936, 998, 0, 0, 4.01%, 0, 0, 18, 2568.54, 10745042, 2626, 0, 0
4380, 70, 8, 998, 0, 0, 4.01%, 0, 0, 18, 2545.77, 10757761, 2626, 0, 0
4385, 70, 525, 998, 0, 0, 4.01%, 0, 0, 18, 2575.56, 10770761, 2626, 0, 0
4390, 70, 853, 998, 0, 0, 4.01%, 0, 0, 18, 2561.69, 10784163, 2626, 0, 0
4395, 70, 56, 998, 0, 0, 4.01%, 0, 0, 18, 2553.71, 10796937, 2626, 0, 0
4400, 70, 524, 998, 0, 0, 4.01%, 0, 0, 18, 2568.33, 10810261, 2626, 0, 0
4405, 71, 762, 998, 0, 0, 4.01%, 0, 0, 18, 2498.26, 10822785, 2626, 0, 0
4410, 71, 729, 998, 0, 0, 4.01%, 0, 0, 18, 2524.35, 10835611, 2626, 0, 0
4415, 71, 537, 998, 0, 0, 4.01%, 0, 0, 18, 2525.92, 10848361, 2626, 0, 0
4420, 71, 823, 998, 0, 0, 4.01%, 0, 0, 18, 2505.11, 10861036, 2626, 0, 0
4425, 71, 936, 998, 0, 0, 4.01%, 0, 0, 18, 2548.84, 10873966, 2626, 0, 0
4431, 71, 588, 998, 0, 0, 4.01%, 0, 0, 18, 2556.36, 10887162, 2626, 0, 0
4436, 71, 936, 998, 0, 0, 4.01%, 0, 0, 18, 2547.17, 10900337, 2626, 0, 0
4441, 71, 729, 998, 0, 0, 4.01%, 0, 0, 18, 2523.24, 10912987, 2626, 0, 0
4446, 71, 499, 998, 0, 0, 4.01%, 0, 0, 18, 2584.49, 10926215, 2626, 0, 0
4451, 71, 969, 998, 0, 0, 4.01%, 0, 0, 18, 2564.16, 10939136, 2626, 0, 0
4456, 71, 736, 998, 0, 0, 4.01%, 0, 0, 18, 2545.98, 10951937, 2626, 0, 0
4461, 71, 832, 998, 0, 0, 4.01%, 0, 0, 18, 2576.43, 10964911, 2626, 0, 0
4466, 71, 84, 998, 0, 0, 4.01%, 0, 0, 18, 2554.26, 10977636, 2626, 0, 0
4471, 71, 782, 998, 0, 0, 4.01%, 0, 0, 18, 2566.50, 10990516, 2626, 0, 0
4476, 72, 787, 999, 0, 0, 4.01%, 0, 0, 18, 2532.34, 11003484, 2626, 0, 0
4481, 72, 842, 999, 0, 0, 4.01%, 0, 0, 18, 2543.33, 11016259, 2626, 0, 0
4486, 72, 715, 999, 0, 0, 4.01%, 0, 0, 18, 2543.28, 11029033, 2626, 0, 0
4492, 72, 842, 1000, 1, 0, 4.01%, 0, 0, 18, 2550.02, 11042142, 2626, 0, 0
4497, 72, 609, 1000, 1, 0, 4.01%, 0, 0, 18, 2508.07, 11054866, 2626, 0, 0
4502, 72, 689, 1000, 1, 0, 4.01%, 0, 0, 18, 2537.11, 11067541, 2626, 0, 0
4507, 72, 402, 1000, 1, 0, 4.01%, 0, 0, 18, 2562.92, 11080494, 2626, 0, 0
4512, 72, 851, 1000, 1, 0, 4.01%, 0, 0, 18, 2565.54, 11093342, 2626, 0, 0
4517, 72, 485, 1000, 1, 0, 4.01%, 0, 0, 18, 2545.14, 11106516, 2626, 0, 0
4522, 72, 537, 1000, 1, 0, 4.01%, 0, 0, 18, 2584.65, 11119515, 2626, 0, 0
4527, 72, 729, 1000, 1, 0, 4.01%, 0, 0, 18, 2539.18, 11132691, 2626, 0, 0
4533, 72, 347, 1001, 2, 0, 4.01%, 0, 0, 18, 2532.59, 11145975, 2626, 0, 0
4538, 72, 901, 1001, 2, 0, 4.01%, 0, 0, 18, 2497.31, 11158625, 2626, 0, 0
4543, 72, 231, 1001, 2, 0, 4.01%, 0, 0, 18, 2560.47, 11171601, 2626, 0, 0
4548, 72, 525, 1001, 2, 0, 4.01%, 0, 0, 18, 2563.90, 11184499, 2626, 0, 0
4553, 73, 12, 1001, 2, 0, 4.01%, 0, 0, 18, 2573.85, 11197574, 2626, 0, 0
4558, 73, 177, 1001, 2, 0, 4.01%, 0, 0, 18, 2555.50, 11210474, 2626, 0, 0
4563, 73, 900, 1001, 2, 0, 4.01%, 0, 0, 18, 2538.15, 11223275, 2626, 0, 0
4568, 73, 793, 1001, 2, 0, 4.01%, 0, 0, 18, 2511.09, 11235780, 2626, 0, 0
4573, 73, 74, 1001, 1, 0, 4.01%, 0, 0, 18, 2560.69, 11248874, 2626, 0, 0
4578, 73, 628, 1001, 1, 0, 4.01%, 0, 0, 18, 2564.44, 11262176, 2626, 0, 0
4583, 73, 507, 1001, 1, 0, 4.01%, 0, 0, 18, 2606.15, 11275349, 2626, 0, 0
4588, 73, 781, 1001, 1, 0, 4.01%, 0, 0, 18, 2543.15, 11288149, 2626, 0, 0
4593, 73, 654, 1001, 1, 0, 4.01%, 0, 0, 18, 2540.21, 11300875, 2626, 0, 0
4599, 73, 472, 1002, 1, 0, 4.01%, 0, 0, 18, 2522.15, 11313790, 2626, 0, 0
4604, 73, 994, 1002, 1, 0, 4.01%, 0, 0, 18, 2533.68, 11326544, 2626, 0, 0
4609, 73, 216, 1002, 0, 0, 4.01%, 0, 0, 18, 2536.07, 11339705, 2626, 0, 0
4614, 73, 997, 1002, 0, 0, 4.01%, 0, 0, 18, 2556.43, 11352966, 2626, 0, 0
4619, 73, 633, 1002, 0, 0, 4.01%, 0, 0, 18, 2537.59, 11365781, 2626, 0, 0
4624, 73, 997, 1002, 0, 0, 4.01%, 0, 0, 18, 2560.67, 11378680, 2626, 0, 0
4629, 74, 997, 1002, 0, 0, 4.01%, 0, 0, 18, 2514.01, 11391431, 2626, 0, 0
4634, 74, 605, 1002, 0, 0, 4.01%, 0, 0, 18, 2554.88, 11404431, 2626, 0, 0
4639, 74, 548, 1002, 0, 0, 4.01%, 0, 0, 18, 2543.61, 11417705, 2626, 0, 0
4644, 74, 58, 1002, 0, 0, 4.01%, 0, 0, 18, 2594.33, 11430682, 2626, 0, 0
4650, 74, 215, 1002, 0, 0, 4.01%, 0, 0, 18, 2553.95, 11443930, 2626, 0, 0
4655, 74, 440, 1002, 0, 0, 4.01%, 0, 0, 18, 2542.70, 11456656, 2626, 0, 0
4660, 74, 900, 1002, 0, 0, 4.01%, 0, 0, 18, 2511.67, 11469231, 2626, 0, 0
4665, 74, 513, 1002, 0, 0, 4.01%, 0, 0, 18, 2538.88, 11482106, 2626, 0, 0
4670, 74, 785, 1002, 0, 0, 4.01%, 0, 0, 18, 2515.18, 11494656, 2626, 0, 0
4675, 74, 112, 1002, 0, 0, 4.01%, 0, 0, 18, 2509.51, 11507381, 2626, 0, 0
4680, 74, 113, 1002, 0, 0, 4.01%, 0, 0, 18, 2511.71, 11520156, 2626, 0, 0
4685, 74, 787, 1002, 0, 0, 4.01%, 0, 0, 18, 2544.49, 11533106, 2626, 0, 0
4690, 74, 304, 1002, 0, 0, 4.01%, 0, 0, 18, 2489.00, 11545455, 2626, 0, 0
4695, 74, 886, 1002, 0, 0, 4.01%, 0, 0, 18, 2524.25, 11557860, 2626, 0, 0
4700, 75, 577, 1002, 0, 0, 4.01%, 0, 0, 18, 2541.10, 11570834, 2626, 0, 0
4705, 75, 998, 1002, 0, 0, 4.01%, 0, 0, 18, 2538.65, 11583734, 2626, 0, 0
4710, 75, 882, 1002, 0, 0, 4.01%, 0, 0, 18, 2546.12, 11596609, 2626, 0, 0
4715, 75, 621, 1002, 0, 0, 4.01%, 0, 0, 18, 2575.85, 11609634, 2626, 0, 0
4720, 75, 998, 1002, 0, 0, 4.01%, 0, 0, 18, 2524.95, 11622735, 2626, 0, 0
4725, 75, 702, 1003, 1, 0, 4.01%, 0, 0, 18, 2574.34, 11635744, 2626, 0, 0
4730, 75, 729, 1003, 0, 0, 4.01%, 0, 0, 18, 2429.56, 11648165, 2626, 0, 0
4735, 75, 775, 1003, 0, 0, 4.01%, 0, 0, 18, 2526.44, 11661065, 2626, 0, 0
4741, 75, 886, 1003, 0, 0, 4.01%, 0, 0, 18, 2504.08, 11673615, 2626, 0, 0
4746, 75, 780, 1003, 0, 0, 4.01%, 0, 0, 18, 2552.71, 11686540, 2626, 0, 0
4751, 75, 679, 1003, 0, 0, 4.01%, 0, 0, 18, 2513.43, 11699240, 2626, 0, 0
4756, 75, 456, 1003, 0, 0, 4.01%, 0, 0, 18, 2552.82, 11712142, 2626, 0, 0
4761, 75, 823, 1003, 0, 0, 4.01%, 0, 0, 18, 2540.94, 11724939, 2626, 0, 0
4766, 75, 998, 1003, 0, 0, 4.01%, 0, 0, 18, 2524.99, 11737615, 2626, 0, 0
4771, 75, 736, 1003, 0, 0, 4.01%, 0, 0, 18, 2497.27, 11750234, 2626, 0, 0
4776, 76, 49, 1003, 0, 0, 4.01%, 0, 0, 18, 2542.20, 11763039, 2626, 0, 0
4781, 76, 842, 1003, 0, 0, 4.01%, 0, 0, 18, 2548.65, 11776389, 2626, 0, 0
4786, 76, 288, 1003, 0, 0, 4.01%, 0, 0, 18, 2541.38, 11789239, 2626, 0, 0
4791, 76, 719, 1003, 0, 0, 4.01%, 0, 0, 18, 2556.81, 11802116, 2626, 0, 0
4796, 76, 512, 1004, 1, 0, 4.01%, 0, 0, 18, 2566.77, 11815049, 2626, 0, 0
4801, 76, 508, 1004, 1, 0, 4.01%, 0, 0, 18, 2501.30, 11827672, 2626, 0, 0
4806, 76, 572, 1004, 1, 0, 4.01%, 0, 0, 18, 2564.70, 11840999, 2626, 0, 0
4811, 76, 572, 1004, 1, 0, 4.01%, 0, 0, 18, 2561.16, 11853921, 2626, 0, 0
4816, 76, 600, 1004, 1, 0, 4.01%, 0, 0, 18, 2524.07, 11865777, 2626, 0, 0
4822, 76, 422, 1004, 1, 0, 4.01%, 0, 0, 18, 2543.72, 11878577, 2626, 0, 0
4827, 76, 501, 1004, 0, 0, 4.01%, 0, 0, 18, 2550.53, 11891458, 2626, 0, 0
4832, 76, 470, 1004, 0, 0, 4.01%, 0, 0, 18, 2510.40, 11904157, 2626, 0, 0
4837, 76, 775, 1004, 0, 0, 4.01%, 0, 0, 18, 2512.02, 11916932, 2626, 0, 0
4842, 76, 638, 1004, 0, 0, 4.01%, 0, 0, 18, 2527.46, 11929633, 2626, 0, 0
4847, 77, 158, 1004, 0, 0, 4.01%, 0, 0, 18, 2569.32, 11942582, 2626, 0, 0
4852, 77, 257, 1004, 0, 0, 4.01%, 0, 0, 18, 2469.35, 11955481, 2626, 0, 0
4857, 77, 288, 1004, 0, 0, 4.01%, 0, 0, 18, 2541.92, 11968808, 2626, 0, 0
4862, 77, 3, 1004, 0, 0, 4.01%, 0, 0, 18, 2544.82, 11981583, 2626, 0, 0
4867, 77, 936, 1004, 0, 0, 4.01%, 0, 0, 18, 2542.82, 11994335, 2626, 0, 0
4872, 77, 121, 1004, 0, 0, 4.01%, 0, 0, 18, 2539.28, 12007124, 2626, 0, 0
4877, 77, 144, 1004, 0, 0, 4.01%, 0, 0, 18, 2558.31, 12020149, 2626, 0, 0
4883, 77, 997, 1004, 0, 0, 4.01%, 0, 0, 18, 2526.30, 12032775, 2626, 0, 0
4888, 77, 916, 1004, 0, 0, 4.01%, 0, 0, 18, 2538.66, 12045450, 2626, 0, 0
4893, 77, 784, 1004, 0, 0, 4.01%, 0, 0, 18, 2539.25, 12058175, 2626, 0, 0
4898, 77, 625, 1004, 0, 0, 4.01%, 0, 0, 18, 2502.92, 12070730, 2626, 0, 0
4903, 77, 742, 1004, 0, 0, 4.01%, 0, 0, 18, 2499.40, 12083329, 2626, 0, 0
4908, 77, 288, 1004, 0, 0, 4.01%, 0, 0, 18, 2569.42, 12096281, 2626, 0, 0
4913, 77, 633, 1004, 0, 0, 4.01%, 0, 0, 18, 2557.75, 12109181, 2626, 0, 0
4918, 77, 853, 1004, 0, 0, 4.01%, 0, 0, 18, 2538.80, 12122280, 2626, 0, 0
4923, 78, 548, 1004, 0, 0, 4.01%, 0, 0, 18, 2512.23, 12134880, 2626, 0, 0
4928, 78, 496, 1004, 0, 0, 4.01%, 0, 0, 18, 2501.86, 12148129, 2626, 0, 0
4933, 78, 853, 1004, 0, 0, 4.01%, 0, 0, 18, 2558.81, 12161107, 2626, 0, 0
4938, 78, 552, 1004, 0, 0, 4.01%, 0, 0, 18, 2542.59, 12173880, 2626, 0, 0
4943, 78, 481, 1004, 0, 0, 4.01%, 0, 0, 18, 2568.21, 12187254, 2626, 0, 0
4948, 78, 486, 1004, 0, 0, 4.01%, 0, 0, 18, 2545.14, 12199980, 2626, 0, 0
4954, 78, 583, 1004, 0, 0, 4.01%, 0, 0, 18, 2539.65, 12213117, 2626, 0, 0
4959, 78, 997, 1004, 0, 0, 4.01%, 0, 0, 18, 2552.62, 12226022, 2626, 0, 0
4964, 78, 732, 1004, 0, 0, 4.01%, 0, 0, 18, 2530.75, 12238668, 2626, 0, 0
4969, 78, 46, 1004, 0, 0, 4.01%, 0, 0, 18, 2549.73, 12251494, 2626, 0, 0
4974, 78, 873, 1004, 0, 0, 4.01%, 0, 0, 18, 2568.10, 12264772, 2626, 0, 0
4979, 78, 710, 1004, 0, 0, 4.01%, 0, 0, 18, 2553.65, 12277570, 2626, 0, 0
4984, 78, 248, 1004, 0, 0, 4.01%, 0, 0, 18, 2513.87, 12290017, 2626, 0, 0
4989, 78, 569, 1004, 0, 0, 4.01%, 0, 0, 18, 2545.34, 12302817, 2626, 0, 0
4994, 79, 909, 1004, 0, 0, 4.01%, 0, 0, 18, 2539.48, 12315943, 2626, 0, 0
4999, 79, 785, 1004, 0, 0, 4.01%, 0, 0, 18, 2522.33, 12328618, 2626, 0, 0
5004, 79, 61, 1004, 0, 0, 4.01%, 0, 0, 18, 2518.85, 12341343, 2626, 0, 0
5009, 79, 288, 1004, 0, 0, 4.01%, 0, 0, 18, 2512.15, 12354068, 2626, 0, 0
5014, 79, 998, 1004, 0, 0, 4.01%, 0, 0, 18, 2571.04, 12367007, 2626, 0, 0
5019, 79, 998, 1004, 0, 0, 4.01%, 0, 0, 18, 2562.38, 12379937, 2626, 0, 0
5024, 79, 909, 1004, 0, 0, 4.01%, 0, 0, 18, 2559.48, 12392767, 2626, 0, 0
5029, 79, 606, 1004, 0, 0, 4.01%, 0, 0, 18, 2500.29, 12404893, 2626, 0, 0
5035, 79, 997, 1004, 0, 0, 4.01%, 0, 0, 18, 2556.07, 12418158, 2626, 0, 0
5040, 79, 998, 1004, 0, 0, 4.01%, 0, 0, 18, 2483.24, 12430117, 2626, 0, 0
5045, 79, 997, 1004, 0, 0, 4.01%, 0, 0, 18, 2518.84, 12443045, 2626, 0, 0
5050, 79, 625, 1004, 0, 0, 4.01%, 0, 0, 18, 2564.99, 12455969, 2626, 0, 0
5055, 79, 542, 1004, 0, 0, 4.01%, 0, 0, 18, 2536.27, 12468719, 2626, 0, 0
5060, 79, 410, 1004, 0, 0, 4.01%, 0, 0, 18, 2484.16, 12481417, 2626, 0, 0
5065, 79, 347, 1004, 0, 0, 4.01%, 0, 0, 18, 2530.88, 12494294, 2626, 0, 0
5070, 80, 916, 1004, 0, 0, 4.01%, 0, 0, 18, 2537.72, 12507094, 2626, 0, 0
5075, 80, 396, 1004, 0, 0, 4.01%, 0, 0, 18, 2529.79, 12519844, 2626, 0, 0
5080, 80, 549, 1004, 0, 0, 4.01%, 0, 0, 18, 2562.86, 12532823, 2626, 0, 0
5085, 80, 785, 1004, 0, 0, 4.01%, 0, 0, 18, 2536.48, 12545619, 2626, 0, 0
5090, 80, 621, 1004, 0, 0, 4.01%, 0, 0, 18, 2509.75, 12558323, 2626, 0, 0
5096, 80, 402, 1004, 0, 0, 4.01%, 0, 0, 18, 2536.46, 12571523, 2626, 0, 0
5101, 80, 513, 1004, 0, 0, 4.01%, 0, 0, 18, 2503.60, 12584198, 2626, 0, 0
5106, 80, 663, 1004, 0, 0, 4.01%, 0, 0, 18, 2538.20, 12597221, 2626, 0, 0
5111, 80, 752, 1004, 0, 0, 4.01%, 0, 0, 18, 2572.40, 12610199, 2626, 0, 0
5116, 80, 689, 1004, 0, 0, 4.01%, 0, 0, 18, 2528.43, 12622872, 2626, 0, 0
5121, 80, 997, 1004, 0, 0, 4.01%, 0, 0, 18, 2384.13, 12635447, 2626, 0, 0
5126, 80, 736, 1004, 0, 0, 4.01%, 0, 0, 18, 2499.87, 12648672, 2626, 0, 0
5131, 80, 244, 1004, 0, 0, 4.01%, 0, 0, 18, 2534.72, 12661496, 2626, 0, 0
5136, 80, 774, 1004, 0, 0, 4.01%, 0, 0, 18, 2537.61, 12674347, 2626, 0, 0
5141, 81, 909, 1004, 0, 0, 4.01%, 0, 0, 18, 2554.76, 12687323, 2626, 0, 0
5146, 81, 550, 1004, 0, 0, 4.01%, 0, 0, 18, 2539.85, 12700217, 2626, 0, 0
5152, 81, 754, 1004, 0, 0, 4.01%, 0, 0, 18, 2581.12, 12713270, 2626, 0, 0
5157, 81, 689, 1004, 0, 0, 4.01%, 0, 0, 18, 2479.32, 12725593, 2626, 0, 0
5162, 81, 90, 1004, 0, 0, 4.01%, 0, 0, 18, 2525.26, 12738801, 2626, 0, 0
5167, 81, 774, 1004, 0, 0, 4.01%, 0, 0, 18, 2532.88, 12751902, 2626, 0, 0
5172, 81, 286, 1004, 0, 0, 4.01%, 0, 0, 18, 2553.11, 12764701, 2626, 0, 0
5177, 81, 660, 1004, 0, 0, 4.01%, 0, 0, 18, 2532.58, 12777502, 2626, 0, 0
5182, 81, 805, 1004, 0, 0, 4.01%, 0, 0, 18, 2554.55, 12790832, 2626, 0, 0
5187, 81, 998, 1004, 0, 0, 4.01%, 0, 0, 18, 2545.29, 12804027, 2626, 0, 0
5192, 81, 972, 1004, 0, 0, 4.01%, 0, 0, 18, 2518.78, 12816727, 2626, 0, 0
5198, 81, 336, 1004, 0, 0, 4.01%, 0, 0, 18, 2555.32, 12830126, 2626, 0, 0
5203, 81, 686, 1004, 0, 0, 4.01%, 0, 0, 18, 2487.92, 12842501, 2626, 0, 0
5208, 81, 732, 1004, 0, 0, 4.01%, 0, 0, 18, 2506.11, 12855177, 2626, 0, 0
5213, 82, 802, 1004, 0, 0, 4.01%, 0, 0, 18, 2539.94, 12867971, 2626, 0, 0
5218, 82, 779, 1004, 0, 0, 4.01%, 0, 0, 18, 2556.82, 12880922, 2626, 0, 0
5223, 82, 877, 1004, 0, 0, 4.01%, 0, 0, 18, 2558.85, 12893852, 2626, 0, 0
5228, 82, 802, 1004, 0, 0, 4.01%, 0, 0, 18, 2526.94, 12906396, 2626, 0, 0
5233, 82, 41, 1004, 0, 0, 4.01%, 0, 0, 18, 2501.64, 12919196, 2626, 0, 0
5238, 82, 606, 1004, 0, 0, 4.01%, 0, 0, 18, 2543.72, 12931972, 2626, 0, 0
5243, 82, 850, 1004, 0, 0, 4.01%, 0, 0, 18, 2538.79, 12944797, 2626, 0, 0
5248, 82, 781, 1004, 0, 0, 4.01%, 0, 0, 18, 2547.66, 12958021, 2626, 0, 0
5253, 82, 989, 1004, 0, 0, 4.01%, 0, 0, 18, 2538.68, 12970772, 2626, 0, 0
5258, 82, 997, 1004, 0, 0, 4.01%, 0, 0, 18, 2578.69, 12983850, 2626, 0, 0
5263, 82, 781, 1004, 0, 0, 4.01%, 0, 0, 18, 2546.01, 12996702, 2626, 0, 0
5269, 82, 622, 1004, 0, 0, 4.01%, 0, 0, 18, 2532.82, 13009546, 2626, 0, 0
5274, 82, 896, 1004, 0, 0, 4.01%, 0, 0, 18, 2533.24, 13022322, 2626, 0, 0
5279, 82, 628, 1004, 0, 0, 4.01%, 0, 0, 18, 2542.08, 13035047, 2626, 0, 0
5284, 82, 622, 1004, 0, 0, 4.01%, 0, 0, 18, 2541.27, 13047823, 2626, 0, 0
5289, 83, 882, 1004, 0, 0, 4.01%, 0, 0, 18, 2536.70, 13060597, 2626, 0, 0
5294, 83, 682, 1004, 0, 0, 4.01%, 0, 0, 18, 2475.68, 13072867, 2626, 0, 0
5299, 83, 780, 1004, 0, 0, 4.01%, 0, 0, 18, 2573.52, 13086300, 2626, 0, 0
5304, 83, 513, 1004, 0, 0, 4.01%, 0, 0, 18, 2568.32, 13099529, 2626, 0, 0
5309, 83, 868, 1004, 0, 0, 4.01%, 0, 0, 18, 2534.69, 13112302, 2626, 0, 0
5314, 83, 258, 1004, 0, 0, 4.01%, 0, 0, 18, 2557.45, 13125204, 2626, 0, 0
5319, 83, 896, 1004, 0, 0, 4.01%, 0, 0, 18, 2563.96, 13138059, 2626, 0, 0
5324, 83, 998, 1004, 0, 0, 4.01%, 0, 0, 18, 2517.55, 13150703, 2626, 0, 0
5329, 83, 732, 1004, 0, 0, 4.01%, 0, 0, 18, 2564.02, 13163660, 2626, 0, 0
5334, 83, 197, 1004, 0, 0, 4.01%, 0, 0, 18, 2555.47, 13176586, 2626, 0, 0
5339, 83, 998, 1004, 0, 0, 4.01%, 0, 0, 18, 2558.42, 13189409, 2626, 0, 0
5344, 83, 962, 1004, 0, 0, 4.01%, 0, 0, 18, 2550.14, 13202231, 2626, 0, 0
5349, 83, 604, 1004, 0, 0, 4.01%, 0, 0, 18, 2527.96, 13214981, 2626, 0, 0
5355, 83, 108, 1004, 0, 0, 4.01%, 0, 0, 18, 2520.78, 13228158, 2626, 0, 0
5360, 84, 619, 1004, 0, 0, 4.01%, 0, 0, 18, 2522.18, 13240782, 2626, 0, 0
5365, 84, 842, 1004, 0, 0, 4.01%, 0, 0, 18, 2545.42, 13253683, 2626, 0, 0
5370, 84, 295, 1004, 0, 0, 4.01%, 0, 0, 18, 2525.21, 13266458, 2626, 0, 0
5375, 84, 989, 1005, 0, 0, 4.01%, 0, 0, 18, 2492.89, 13279325, 2627, 0, 0
5380, 84, 693, 1005, 0, 0, 4.01%, 0, 0, 18, 2523.09, 13291974, 2627, 0, 0
5385, 84, 658, 1005, 0, 0, 4.01%, 0, 0, 18, 2513.38, 13304649, 2627, 0, 0
5390, 84, 735, 1005, 0, 0, 4.01%, 0, 0, 18, 2551.26, 13317473, 2627, 0, 0
5395, 84, 774, 1005, 0, 0, 4.01%, 0, 0, 18, 2558.07, 13330378, 2627, 0, 0
5400, 84, 606, 1005, 0, 0, 4.01%, 0, 0, 18, 2539.38, 13343273, 2627, 0, 0
5405, 84, 780, 1005, 0, 0, 4.01%, 0, 0, 18, 2548.86, 13356126, 2627, 0, 0
5410, 84, 953, 1005, 0, 0, 4.01%, 0, 0, 18, 2551.24, 13368900, 2627, 0, 0
5415, 84, 609, 1005, 0, 0, 4.01%, 0, 0, 18, 2561.17, 13381823, 2627, 0, 0
5420, 84, 729, 1005, 0, 0, 4.01%, 0, 0, 18, 2558.99, 13394500, 2627, 0, 0
5425, 84, 715, 1005, 0, 0, 4.01%, 0, 0, 18, 2510.71, 13406399, 2627, 0, 0
5430, 84, 828, 1005, 0, 0, 4.01%, 0, 0, 18, 2542.04, 13419227, 2627, 0, 0
5436, 85, 62, 1005, 0, 0, 4.01%, 0, 0, 18, 2553.25, 13432024, 2627, 0, 0
5441, 85, 909, 1005, 0, 0, 4.01%, 0, 0, 18, 2555.15, 13445223, 2627, 0, 0
5446, 85, 257, 1005, 0, 0, 4.01%, 0, 0, 18, 2543.38, 13458023, 2627, 0, 0
5451, 85, 845, 1005, 0, 0, 4.01%, 0, 0, 18, 2589.02, 13471001, 2627, 0, 0
5456, 85, 287, 1005, 0, 0, 4.01%, 0, 0, 18, 2573.17, 13483973, 2627, 0, 0
5461, 85, 774, 1005, 0, 0, 4.01%, 0, 0, 18, 2551.06, 13497049, 2627, 0, 0
5466, 85, 732, 1005, 0, 0, 4.01%, 0, 0, 18, 2541.76, 13509899, 2627, 0, 0
5471, 85, 663, 1005, 0, 0, 4.01%, 0, 0, 18, 2541.40, 13522849, 2627, 0, 0
5476, 85, 595, 1005, 0, 0, 4.01%, 0, 0, 18, 2508.25, 13535374, 2627, 0, 0
5481, 85, 481, 1006, 1, 0, 4.01%, 0, 0, 18, 2516.48, 13548205, 2627, 0, 0
5486, 85, 165, 1007, 2, 0, 4.01%, 0, 0, 18, 2455.22, 13560387, 2627, 0, 0
5491, 85, 580, 1007, 2, 0, 4.01%, 0, 0, 18, 2530.41, 13573362, 2627, 0, 0
5496, 85, 503, 1007, 2, 0, 4.01%, 0, 0, 18, 2547.45, 13586263, 2627, 0, 0
5501, 85, 672, 1007, 2, 0, 4.01%, 0, 0, 18, 2536.06, 13598913, 2627, 0, 0
5506, 85, 513, 1007, 2, 0, 4.01%, 0, 0, 18, 2548.11, 13612018, 2627, 0, 0
5511, 86, 1006, 1007, 2, 0, 4.01%, 0, 0, 18, 2343.98, 13622032, 2627, 0, 0
5517, 86, 909, 1007, 1, 0, 4.01%, 0, 0, 18, 2471.63, 13634976, 2627, 0, 0
5522, 86, 35, 1007, 1, 0, 4.01%, 0, 0, 18, 2489.23, 13647607, 2627, 0, 0
5527, 86, 1004, 1007, 1, 0, 4.01%, 0, 0, 18, 2515.80, 13660459, 2627, 0, 0
5532, 86, 519, 1007, 1, 0, 4.01%, 0, 0, 18, 2507.35, 13673508, 2627, 0, 0
5537, 86, 672, 1007, 1, 0, 4.01%, 0, 0, 18, 2504.27, 13686359, 2627, 0, 0
5542, 86, 632, 1007, 1, 0, 4.01%, 0, 0, 18, 2554.79, 13699435, 2627, 0, 0
5547, 86, 548, 1007, 1, 0, 4.01%, 0, 0, 18, 2566.78, 13712410, 2627, 0, 0
5552, 86, 53, 1007, 1, 0, 4.01%, 0, 0, 18, 2541.58, 13725483, 2627, 0, 0
5557, 86, 682, 1007, 1, 0, 4.01%, 0, 0, 18, 2554.34, 13738209, 2627, 0, 0
5563, 86, 580, 1007, 1, 0, 4.01%, 0, 0, 18, 2579.90, 13751396, 2627, 0, 0
5568, 86, 1006, 1007, 1, 0, 4.01%, 0, 0, 18, 2476.55, 13763972, 2627, 0, 0
5573, 86, 107, 1007, 1, 0, 4.01%, 0, 0, 18, 2495.65, 13776445, 2627, 0, 0
5578, 86, 896, 1007, 1, 0, 4.01%, 0, 0, 18, 2480.59, 13789219, 2627, 0, 0
5583, 86, 508, 1007, 1, 0, 4.01%, 0, 0, 18, 2521.47, 13802002, 2627, 0, 0
5588, 87, 1004, 1007, 1, 0, 4.01%, 0, 0, 18, 2581.34, 13814992, 2627, 0, 0
5593, 87, 781, 1007, 1, 0, 4.01%, 0, 0, 18, 2536.79, 13827727, 2627, 0, 0
5598, 87, 632, 1008, 2, 0, 4.01%, 0, 0, 18, 2566.79, 13840783, 2627, 0, 0
5603, 87, 1008, 1009, 2, 0, 4.01%, 0, 0, 18, 2329.39, 13852037, 2627, 0, 0
5608, 87, 843, 1009, 1, 0, 4.01%, 0, 0, 18, 2511.93, 13865268, 2627, 0, 0
5613, 87, 1007, 1009, 1, 0, 4.01%, 0, 0, 18, 2495.49, 13877717, 2627, 0, 0
5618, 87, 20, 1009, 1, 0, 4.01%, 0, 0, 18, 2500.96, 13890118, 2627, 0, 0
5623, 87, 882, 1009, 1, 0, 4.01%, 0, 0, 18, 2445.35, 13902437, 2627, 0, 0
5628, 87, 1005, 1010, 2, 0, 4.01%, 0, 0, 18, 2506.98, 13915351, 2627, 0, 0
5633, 87, 1010, 1013, 4, 0, 4.01%, 0, 0, 18, 2423.97, 13927073, 2627, 0, 0
5639, 87, 515, 1013, 3, 0, 4.01%, 0, 0, 18, 2384.02, 13939157, 2627, 0, 0
5644, 87, 1004, 1013, 2, 0, 4.01%, 0, 0, 18, 2388.97, 13951506, 2627, 0, 0
5649, 87, 231, 1013, 2, 0, 4.01%, 0, 0, 18, 2410.27, 13963766, 2627, 0, 0
5654, 87, 998, 1013, 2, 0, 4.01%, 0, 0, 18, 2511.37, 13976620, 2627, 0, 0
5659, 87, 962, 1013, 1, 0, 4.01%, 0, 0, 18, 2477.58, 13989147, 2627, 0, 0
5664, 87, 486, 1013, 1, 0, 4.01%, 0, 0, 18, 2525.57, 14001898, 2627, 0, 0
5669, 87, 244, 1013, 1, 0, 4.01%, 0, 0, 18, 2544.91, 14014622, 2627, 0, 0
5674, 87, 232, 1013, 1, 0, 4.01%, 0, 0, 18, 2530.06, 14027472, 2627, 0, 0
5679, 88, 826, 1014, 2, 0, 4.01%, 0, 0, 18, 2512.60, 14040230, 2627, 0, 0
5684, 88, 1007, 1014, 2, 0, 4.01%, 0, 0, 18, 2515.40, 14053030, 2627, 0, 0
5689, 88, 366, 1014, 2, 0, 4.01%, 0, 0, 18, 2495.33, 14065504, 2627, 0, 0
5694, 88, 900, 1014, 2, 0, 4.01%, 0, 0, 18, 2519.08, 14078255, 2627, 0, 0
5699, 88, 835, 1014, 2, 0, 4.01%, 0, 0, 18, 2547.51, 14091155, 2627, 0, 0
5704, 88, 567, 1014, 2, 0, 4.01%, 0, 0, 18, 2506.32, 14103679, 2627, 0, 0
5710, 88, 823, 1014, 1, 0, 4.01%, 0, 0, 18, 2506.72, 14116170, 2627, 0, 0
5715, 88, 144, 1014, 1, 0, 4.01%, 0, 0, 18, 2500.48, 14128668, 2627, 0, 0
5720, 88, 56, 1014, 1, 0, 4.01%, 0, 0, 18, 2473.10, 14141114, 2627, 0, 0
5725, 88, 896, 1014, 1, 0, 4.01%, 0, 0, 18, 2517.53, 14153865, 2627, 0, 0
5730, 88, 649, 1014, 1, 0, 4.01%, 0, 0, 18, 2529.26, 14166665, 2627, 0, 0
5735, 88, 1011, 1014, 1, 0, 4.01%, 0, 0, 18, 2405.86, 14178383, 2627, 0, 0
5740, 88, 738, 1014, 0, 0, 4.01%, 0, 0, 18, 2514.02, 14191152, 2627, 0, 0
5745, 88, 851, 1014, 0, 0, 4.01%, 0, 0, 18, 2499.67, 14203775, 2627, 0, 0
5750, 88, 936, 1014, 0, 0, 4.01%, 0, 0, 18, 2508.82, 14216402, 2627, 0, 0
5755, 88, 1012, 1014, 0, 0, 4.01%, 0, 0, 18, 2527.79, 14229102, 2627, 0, 0
5760, 89, 591, 1014, 0, 0, 4.01%, 0, 0, 18, 2530.80, 14241801, 2627, 0, 0
5765, 89, 625, 1014, 0, 0, 4.01%, 0, 0, 18, 2529.50, 14254401, 2627, 0, 0
5770, 89, 144, 1014, 0, 0, 4.01%, 0, 0, 18, 2410.35, 14266521, 2627, 0, 0
5775, 89, 630, 1014, 0, 0, 4.01%, 0, 0, 18, 2429.20, 14278769, 2627, 0, 0
5780, 89, 823, 1014, 0, 0, 4.01%, 0, 0, 18, 2547.95, 14291652, 2627, 0, 0
5785, 89, 1004, 1014, 0, 0, 4.01%, 0, 0, 18, 2543.58, 14304502, 2627, 0, 0
5790, 89, 732, 1014, 0, 0, 4.01%, 0, 0, 18, 2505.02, 14317227, 2627, 0, 0
5795, 89, 625, 1014, 0, 0, 4.01%, 0, 0, 18, 2560.41, 14330076, 2627, 0, 0
5800, 89, 84, 1014, 0, 0, 4.01%, 0, 0, 18, 2506.20, 14342476, 2627, 0, 0
5805, 89, 923, 1014, 0, 0, 4.01%, 0, 0, 18, 2526.36, 14355177, 2627, 0, 0
5810, 89, 1007, 1014, 0, 0, 4.01%, 0, 0, 18, 2493.05, 14367642, 2627, 0, 0
5815, 89, 997, 1014, 0, 0, 4.01%, 0, 0, 18, 2555.51, 14380581, 2627, 0, 0
5820, 89, 231, 1014, 0, 0, 4.01%, 0, 0, 18, 2523.19, 14393198, 2627, 0, 0
5825, 89, 785, 1014, 0, 0, 4.01%, 0, 0, 18, 2534.94, 14405923, 2627, 0, 0
5831, 89, 342, 1014, 0, 0, 4.01%, 0, 0, 18, 2571.20, 14419297, 2627, 0, 0
5836, 90, 632, 1014, 0, 0, 4.01%, 0, 0, 18, 2554.91, 14432418, 2627, 0, 0
5841, 90, 508, 1014, 0, 0, 4.01%, 0, 0, 18, 2567.98, 14445769, 2627, 0, 0
5846, 90, 654, 1014, 0, 0, 4.01%, 0, 0, 18, 2487.07, 14458192, 2627, 0, 0
5851, 90, 787, 1014, 0, 0, 4.01%, 0, 0, 18, 2559.10, 14471092, 2627, 0, 0
5856, 90, 645, 1014, 0, 0, 4.01%, 0, 0, 18, 2474.50, 14483667, 2627, 0, 0
5861, 90, 816, 1014, 0, 0, 4.01%, 0, 0, 18, 2526.63, 14496517, 2627, 0, 0
5866, 90, 642, 1014, 0, 0, 4.01%, 0, 0, 18, 2538.40, 14509193, 2627, 0, 0
5871, 90, 693, 1014, 0, 0, 4.01%, 0, 0, 18, 2534.03, 14522193, 2627, 0, 0
5876, 90, 116, 1014, 0, 0, 4.01%, 0, 0, 18, 2545.66, 14535017, 2627, 0, 0
5881, 90, 920, 1014, 0, 0, 4.01%, 0, 0, 18, 2574.41, 14548069, 2627, 0, 0
5886, 90, 402, 1014, 0, 0, 4.01%, 0, 0, 18, 2520.96, 14560643, 2627, 0, 0
5892, 90, 513, 1014, 0, 0, 4.01%, 0, 0, 18, 2534.81, 14573543, 2627, 0, 0
5897, 90, 625, 1014, 0, 0, 4.01%, 0, 0, 18, 2489.86, 14586339, 2627, 0, 0
5902, 90, 896, 1014, 0, 0, 4.01%, 0, 0, 18, 2504.35, 14598967, 2627, 0, 0
5907, 91, 232, 1014, 0, 0, 4.01%, 0, 0, 18, 2522.40, 14611417, 2627, 0, 0
5912, 91, 1006, 1014, 0, 0, 4.01%, 0, 0, 18, 2453.17, 14623918, 2627, 0, 0
5917, 91, 783, 1014, 0, 0, 4.01%, 0, 0, 18, 2514.16, 14636518, 2627, 0, 0
5922, 91, 470, 1014, 0, 0, 4.01%, 0, 0, 18, 2537.92, 14649367, 2627, 0, 0
5927, 91, 693, 1014, 0, 0, 4.01%, 0, 0, 18, 2530.10, 14662143, 2627, 0, 0
5932, 91, 569, 1014, 0, 0, 4.01%, 0, 0, 18, 2514.40, 14674878, 2627, 0, 0
5937, 91, 896, 1014, 0, 0, 4.01%, 0, 0, 18, 2532.12, 14687603, 2627, 0, 0
5942, 91, 624, 1014, 0, 0, 4.01%, 0, 0, 18, 2555.16, 14700431, 2627, 0, 0
5947, 91, 248, 1014, 0, 0, 4.01%, 0, 0, 18, 2564.29, 14713677, 2627, 0, 0
5952, 91, 1004, 1014, 0, 0, 4.01%, 0, 0, 18, 2528.23, 14726353, 2627, 0, 0
5957, 91, 638, 1014, 0, 0, 4.01%, 0, 0, 18, 2596.83, 14739527, 2627, 0, 0
5962, 91, 62, 1014, 0, 0, 4.01%, 0, 0, 18, 2538.94, 14752252, 2627, 0, 0
5967, 91, 524, 1014, 0, 0, 4.01%, 0, 0, 18, 2575.41, 14765253, 2627, 0, 0
5972, 91, 762, 1014, 0, 0, 4.01%, 0, 0, 18, 2571.87, 14778081, 2627, 0, 0
5978, 92, 527, 1014, 0, 0, 4.01%, 0, 0, 18, 2563.50, 14791154, 2627, 0, 0
5983, 92, 805, 1014, 0, 0, 4.01%, 0, 0, 18, 2483.89, 14803725, 2627, 0, 0
5988, 92, 609, 1014, 0, 0, 4.01%, 0, 0, 18, 2516.43, 14816378, 2627, 0, 0
5993, 92, 779, 1014, 0, 0, 4.01%, 0, 0, 18, 2495.91, 14829051, 2627, 0, 0
5998, 92, 782, 1014, 0, 0, 4.01%, 0, 0, 18, 2541.44, 14841683, 2627, 0, 0
6003, 92, 396, 1014, 0, 0, 4.01%, 0, 0, 18, 2518.84, 14854332, 2627, 0, 0
6008, 92, 1007, 1014, 0, 0, 4.01%, 0, 0, 18, 2483.95, 14866988, 2627, 0, 0
6013, 92, 728, 1014, 0, 0, 4.01%, 0, 0, 18, 2510.11, 14879558, 2627, 0, 0
6018, 92, 969, 1014, 0, 0, 4.01%, 0, 0, 18, 2519.46, 14892383, 2627, 0, 0
6023, 92, 628, 1014, 0, 0, 4.01%, 0, 0, 18, 2553.09, 14905283, 2627, 0, 0
6028, 92, 84, 1014, 0, 0, 4.01%, 0, 0, 18, 2563.20, 14918109, 2627, 0, 0
6033, 92, 548, 1014, 0, 0, 4.01%, 0, 0, 18, 2507.16, 14929410, 2627, 0, 0
6038, 92, 1007, 1014, 0, 0, 4.01%, 0, 0, 18, 2342.09, 14941326, 2627, 0, 0
6043, 92, 83, 1014, 0, 0, 4.01%, 0, 0, 18, 2477.40, 14953859, 2627, 0, 0
6048, 92, 486, 1014, 0, 0, 4.01%, 0, 0, 18, 2522.34, 14966635, 2627, 0, 0
6053, 92, 1007, 1014, 0, 0, 4.01%, 0, 0, 18, 2538.84, 14979410, 2627, 0, 0
6058, 93, 780, 1014, 0, 0, 4.01%, 0, 0, 18, 2547.41, 14992110, 2627, 0, 0
6063, 93, 1007, 1014, 0, 0, 4.01%, 0, 0, 18, 2416.78, 15004302, 2627, 0, 0
6068, 93, 969, 1014, 0, 0, 4.01%, 0, 0, 18, 2487.92, 15016679, 2627, 0, 0
6074, 93, 782, 1014, 0, 0, 4.01%, 0, 0, 18, 2475.66, 15029609, 2627, 0, 0
6079, 93, 591, 1014, 0, 0, 4.01%, 0, 0, 18, 2489.49, 15041933, 2627, 0, 0
6084, 93, 396, 1014, 0, 0, 4.01%, 0, 0, 18, 2528.42, 15054960, 2627, 0, 0
6089, 93, 580, 1014, 0, 0, 4.01%, 0, 0, 18, 2542.20, 15067634, 2627, 0, 0
6094, 93, 632, 1014, 0, 0, 4.01%, 0, 0, 18, 2521.42, 15080360, 2627, 0, 0
6099, 93, 816, 1014, 0, 0, 4.01%, 0, 0, 18, 2580.42, 15093386, 2627, 0, 0
6104, 93, 962, 1014, 0, 0, 4.01%, 0, 0, 18, 2532.93, 15106035, 2627, 0, 0
6109, 93, 632, 1014, 0, 0, 4.01%, 0, 0, 18, 2545.41, 15118760, 2627, 0, 0
6114, 93, 1004, 1014, 0, 0, 4.01%, 0, 0, 18, 2539.23, 15132009, 2627, 0, 0
6119, 93, 782, 1014, 0, 0, 4.01%, 0, 0, 18, 2546.19, 15144685, 2627, 0, 0
6124, 93, 805, 1014, 0, 0, 4.01%, 0, 0, 18, 2546.22, 15157435, 2627, 0, 0
6129, 93, 10, 1014, 0, 0, 4.01%, 0, 0, 18, 2527.33, 15170109, 2627, 0, 0
6134, 94, 578, 1015, 0, 0, 4.01%, 0, 0, 18, 2514.62, 15182722, 2628, 0, 0
6139, 94, 900, 1015, 0, 0, 4.01%, 0, 0, 18, 2531.15, 15195547, 2628, 0, 0
6144, 94, 667, 1015, 0, 0, 4.01%, 0, 0, 18, 2546.68, 15208422, 2628, 0, 0
6149, 94, 1004, 1015, 0, 0, 4.01%, 0, 0, 18, 2564.10, 15221780, 2628, 0, 0
6154, 94, 664, 1015, 0, 0, 4.01%, 0, 0, 18, 2562.50, 15234749, 2628, 0, 0
6159, 94, 1004, 1016, 1, 0, 4.01%, 0, 0, 18, 2535.52, 15247579, 2628, 0, 0
6165, 94, 853, 1016, 1, 0, 4.01%, 0, 0, 18, 2552.15, 15260780, 2628, 0, 0
6170, 94, 625, 1016, 1, 0, 4.01%, 0, 0, 18, 2529.78, 15273303, 2628, 0, 0
6175, 94, 550, 1016, 1, 0, 4.01%, 0, 0, 18, 2560.66, 15286057, 2628, 0, 0
6180, 94, 639, 1016, 0, 0, 4.01%, 0, 0, 18, 2550.76, 15298983, 2628, 0, 0
6185, 94, 588, 1016, 0, 0, 4.01%, 0, 0, 18, 2535.06, 15311681, 2628, 0, 0
6190, 94, 810, 1016, 0, 0, 4.01%, 0, 0, 18, 2561.72, 15324583, 2628, 0, 0
6195, 94, 1004, 1016, 0, 0, 4.01%, 0, 0, 18, 2553.49, 15337472, 2628, 0, 0
6200, 94, 995, 1016, 0, 0, 4.01%, 0, 0, 18, 2474.21, 15349753, 2628, 0, 0
6205, 94, 1016, 1017, 1, 0, 4.01%, 0, 0, 18, 2570.76, 15363031, 2628, 0, 0
6210, 95, 244, 1017, 0, 0, 4.01%, 0, 0, 18, 2536.53, 15376105, 2628, 0, 0
6215, 95, 660, 1017, 0, 0, 4.01%, 0, 0, 18, 2469.22, 15388626, 2628, 0, 0
6220, 95, 628, 1017, 0, 0, 4.01%, 0, 0, 18, 2533.29, 15401506, 2628, 0, 0
6225, 95, 1007, 1017, 0, 0, 4.01%, 0, 0, 18, 2460.49, 15413783, 2628, 0, 0
6230, 95, 738, 1018, 1, 0, 4.01%, 0, 0, 18, 2482.68, 15426284, 2628, 0, 0
6235, 95, 787, 1018, 1, 0, 4.01%, 0, 0, 18, 2500.24, 15438913, 2628, 0, 0
6240, 95, 1014, 1018, 1, 0, 4.01%, 0, 0, 18, 2461.78, 15451336, 2628, 0, 0
6245, 95, 672, 1018, 1, 0, 4.01%, 0, 0, 18, 2526.92, 15464162, 2628, 0, 0
6251, 95, 1004, 1018, 1, 0, 4.01%, 0, 0, 18, 2537.43, 15477388, 2628, 0, 0
6256, 95, 882, 1018, 1, 0, 4.01%, 0, 0, 18, 2575.42, 15490314, 2628, 0, 0
6261, 95, 732, 1018, 0, 0, 4.01%, 0, 0, 18, 2512.97, 15502867, 2628, 0, 0
6266, 95, 738, 1018, 0, 0, 4.01%, 0, 0, 18, 2550.98, 15515741, 2628, 0, 0
6271, 95, 1014, 1018, 0, 0, 4.01%, 0, 0, 18, 2542.73, 15528892, 2628, 0, 0
6276, 95, 622, 1018, 0, 0, 4.01%, 0, 0, 18, 2535.01, 15542092, 2628, 0, 0
6281, 95, 672, 1018, 0, 0, 4.01%, 0, 0, 18, 2566.75, 15555020, 2628, 0, 0
6286, 96, 780, 1018, 0, 0, 4.01%, 0, 0, 18, 2513.22, 15567392, 2628, 0, 0
6291, 96, 779, 1018, 0, 0, 4.01%, 0, 0, 18, 2545.87, 15580167, 2628, 0, 0
6296, 96, 979, 1019, 1, 0, 4.01%, 0, 0, 18, 2519.71, 15592849, 2628, 0, 0
6301, 96, 120, 1019, 1, 0, 4.01%, 0, 0, 18, 2544.39, 15605648, 2628, 0, 0
6306, 96, 654, 1019, 1, 0, 4.01%, 0, 0, 18, 2569.16, 15618576, 2628, 0, 0
6311, 96, 997, 1019, 0, 0, 4.01%, 0, 0, 18, 2472.53, 15630697, 2628, 0, 0
6316, 96, 144, 1019, 0, 0, 4.01%, 0, 0, 18, 2521.35, 15643352, 2628, 0, 0
6321, 96, 316, 1019, 0, 0, 4.01%, 0, 0, 18, 2548.07, 15656203, 2628, 0, 0
6326, 96, 234, 1019, 0, 0, 4.01%, 0, 0, 18, 2526.18, 15668977, 2628, 0, 0
6331, 96, 624, 1019, 0, 0, 4.01%, 0, 0, 18, 2536.46, 15681753, 2628, 0, 0
6336, 96, 780, 1019, 0, 0, 4.01%, 0, 0, 18, 2527.25, 15694453, 2628, 0, 0
6341, 96, 752, 1019, 0, 0, 4.01%, 0, 0, 18, 2538.61, 15707203, 2628, 0, 0
6347, 96, 486, 1020, 1, 0, 4.01%, 0, 0, 18, 2525.50, 15720060, 2628, 0, 0
6352, 96, 820, 1020, 1, 0, 4.01%, 0, 0, 18, 2556.12, 15732937, 2628, 0, 0
6357, 96, 570, 1020, 1, 0, 4.01%, 0, 0, 18, 2496.86, 15745631, 2628, 0, 0
6362, 97, 487, 1020, 1, 0, 4.01%, 0, 0, 18, 2506.68, 15758160, 2628, 0, 0
6367, 97, 123, 1020, 1, 0, 4.01%, 0, 0, 18, 2520.36, 15771260, 2628, 0, 0
6372, 97, 165, 1020, 1, 0, 4.01%, 0, 0, 18, 2529.80, 15783910, 2628, 0, 0
6377, 97, 1007, 1020, 1, 0, 4.01%, 0, 0, 18, 2491.66, 15796535, 2628, 0, 0
6382, 97, 853, 1020, 1, 0, 4.01%, 0, 0, 18, 2495.87, 15809435, 2628, 0, 0
6387, 97, 704, 1020, 1, 0, 4.01%, 0, 0, 18, 2514.81, 15822160, 2628, 0, 0
6392, 97, 1014, 1020, 1, 0, 4.01%, 0, 0, 18, 2491.21, 15834806, 2628, 0, 0
6397, 97, 882, 1020, 1, 0, 4.01%, 0, 0, 18, 2521.09, 15847460, 2628, 0, 0
6402, 97, 248, 1020, 1, 0, 4.01%, 0, 0, 18, 2584.75, 15860511, 2628, 0, 0
6407, 97, 327, 1020, 1, 0, 4.01%, 0, 0, 18, 2532.90, 15873084, 2628, 0, 0
6412, 97, 1016, 1020, 1, 0, 4.01%, 0, 0, 18, 2512.59, 15885710, 2628, 0, 0
6417, 97, 455, 1020, 1, 0, 4.01%, 0, 0, 18, 2470.32, 15898259, 2628, 0, 0
6422, 97, 177, 1020, 1, 0, 4.01%, 0, 0, 18, 2520.05, 15911035, 2628, 0, 0
6428, 97, 840, 1020, 1, 0, 4.01%, 0, 0, 18, 2511.62, 15924060, 2628, 0, 0
6433, 97, 1014, 1020, 1, 0, 4.01%, 0, 0, 18, 2537.94, 15936910, 2628, 0, 0
6438, 98, 133, 1020, 1, 0, 4.01%, 0, 0, 18, 2520.16, 15950059, 2628, 0, 0
6443, 98, 738, 1020, 1, 0, 4.01%, 0, 0, 18, 2546.38, 15962963, 2628, 0, 0
6448, 98, 139, 1020, 1, 0, 4.01%, 0, 0, 18, 2564.57, 15975911, 2628, 0, 0
6453, 98, 630, 1020, 1, 0, 4.01%, 0, 0, 18, 2510.48, 15988459, 2628, 0, 0
6458, 98, 1005, 1020, 1, 0, 4.01%, 0, 0, 18, 2534.13, 16001260, 2628, 0, 0
6463, 98, 503, 1020, 1, 0, 4.01%, 0, 0, 18, 2439.89, 16013763, 2628, 0, 0
6468, 98, 977, 1020, 1, 0, 4.01%, 0, 0, 18, 2538.71, 16026640, 2628, 0, 0
6473, 98, 858, 1022, 3, 0, 4.01%, 0, 0, 18, 2489.06, 16039129, 2628, 0, 0
6478, 98, 779, 1022, 3, 0, 4.01%, 0, 0, 18, 2491.69, 16051651, 2628, 0, 0
6483, 98, 604, 1022, 3, 0, 4.01%, 0, 0, 18, 2547.00, 16064654, 2628, 0, 0
6488, 98, 672, 1022, 2, 0, 4.01%, 0, 0, 18, 2445.94, 16076967, 2628, 0, 0
6494, 98, 760, 1022, 2, 0, 4.01%, 0, 0, 18, 2499.95, 16089547, 2628, 0, 0
6501, 98, 1019, 1022, 2, 0, 4.01%, 0, 0, 18, 2508.87, 16106324, 2628, 0, 0
6506, 98, 654, 1023, 2, 0, 4.01%, 0, 0, 18, 2479.58, 16118553, 2628, 0, 0
6511, 98, 896, 1023, 2, 0, 4.01%, 0, 0, 18, 2516.17, 16131181, 2628, 0, 0
6516, 99, 919, 1023, 2, 0, 4.01%, 0, 0, 18, 2525.96, 16143856, 2628, 0, 0
6521, 99, 529, 1023, 2, 0, 4.01%, 0, 0, 18, 2579.38, 16156932, 2628, 0, 0
6526, 99, 609, 1023, 2, 0, 4.01%, 0, 0, 18, 2577.95, 16170170, 2628, 0, 0
6531, 99, 1007, 1023, 2, 0, 4.01%, 0, 0, 18, 2517.70, 16182868, 2628, 0, 0
6536, 99, 55, 1023, 2, 0, 4.01%, 0, 0, 18, 2525.03, 16195669, 2628, 0, 0
6541, 99, 545, 1023, 2, 0, 4.01%, 0, 0, 18, 2506.92, 16208118, 2628, 0, 0
6546, 99, 672, 1023, 2, 0, 4.01%, 0, 0, 18, 2543.53, 16220968, 2628, 0, 0
6551, 99, 780, 1024, 3, 0, 4.01%, 0, 0, 18, 2526.59, 16234161, 2628, 0, 0
6556, 99, 738, 1024, 3, 0, 4.01%, 0, 0, 18, 2528.26, 16246955, 2628, 0, 0
6561, 99, 972, 1024, 3, 0, 4.01%, 0, 0, 18, 2510.33, 16259873, 2628, 0, 0
6566, 99, 732, 1025, 3, 0, 4.01%, 0, 0, 18, 2457.82, 16271276, 2628, 0, 0
6571, 99, 969, 1025, 3, 0, 4.01%, 0, 0, 18, 2531.73, 16284028, 2628, 0, 0
6576, 99, 900, 1025, 3, 0, 4.01%, 0, 0, 18, 2518.08, 16296598, 2628, 0, 0
6582, 99, 102, 1025, 3, 0, 4.01%, 0, 0, 18, 2525.14, 16309697, 2628, 0, 0
6587, 99, 199, 1025, 3, 0, 4.01%, 0, 0, 18, 2497.97, 16322321, 2628, 0, 0
6592, 100, 689, 1025, 2, 0, 4.01%, 0, 0, 18, 2506.42, 16335052, 2628, 0, 0
6597, 100, 158, 1025, 2, 0, 4.01%, 0, 0, 18, 2547.68, 16348027, 2628, 0, 0
6602, 100, 572, 1026, 3, 0, 4.01%, 0, 0, 18, 2488.01, 16360908, 2628, 0, 0
6607, 100, 507, 1026, 3, 0, 4.01%, 0, 0, 18, 2535.28, 16373735, 2628, 0, 0
6612, 100, 682, 1026, 3, 0, 4.01%, 0, 0, 18, 2555.84, 16386587, 2628, 0, 0
6617, 100, 672, 1027, 3, 0, 4.01%, 0, 0, 18, 2387.79, 16397860, 2628, 0, 0
6622, 100, 155, 1027, 2, 0, 4.01%, 0, 0, 18, 2150.06, 16407029, 2628, 0, 0
6627, 100, 552, 1027, 2, 0, 4.01%, 0, 0, 18, 2483.85, 16420359, 2628, 0, 0
6632, 100, 997, 1027, 2, 0, 4.01%, 0, 0, 18, 2548.11, 16433111, 2628, 0, 0
6638, 100, 823, 1027, 2, 0, 4.01%, 0, 0, 18, 2555.58, 16446386, 2628, 0, 0
6643, 100, 936, 1027, 2, 0, 4.01%, 0, 0, 18, 2548.46, 16459261, 2628, 0, 0
6648, 100, 654, 1027, 2, 0, 4.01%, 0, 0, 18, 2512.19, 16471856, 2628, 0, 0
6653, 100, 588, 1027, 2, 0, 4.01%, 0, 0, 18, 2548.06, 16484631, 2628, 0, 0
6658, 100, 1014, 1027, 2, 0, 4.01%, 0, 0, 18, 2538.69, 16497510, 2628, 0, 0
6663, 100, 520, 1027, 2, 0, 4.01%, 0, 0, 18, 2554.41, 16510381, 2628, 0, 0
6668, 101, 779, 1027, 2, 0, 4.01%, 0, 0, 18, 2511.24, 16523176, 2628, 0, 0
6673, 101, 638, 1028, 3, 0, 4.01%, 0, 0, 18, 2551.65, 16536438, 2628, 0, 0
6678, 101, 336, 1028, 2, 0, 4.01%, 0, 0, 18, 2427.67, 16547433, 2628, 0, 0
6683, 101, 502, 1028, 2, 0, 4.01%, 0, 0, 18, 2547.92, 16560413, 2628, 0, 0
6688, 101, 625, 1029, 3, 0, 4.01%, 0, 0, 18, 2503.35, 16573494, 2628, 0, 0
6693, 101, 822, 1029, 2, 0, 4.01%, 0, 0, 18, 2534.85, 16586409, 2628, 0, 0
6698, 101, 481, 1029, 2, 0, 4.01%, 0, 0, 18, 2512.46, 16599035, 2628, 0, 0
6703, 101, 1027, 1029, 2, 0, 4.01%, 0, 0, 18, 2509.11, 16611536, 2628, 0, 0
6708, 101, 549, 1029, 1, 0, 4.01%, 0, 0, 18, 2499.94, 16624031, 2628, 0, 0
6713, 101, 834, 1029, 1, 0, 4.01%, 0, 0, 18, 2556.22, 16636860, 2628, 0, 0
6718, 101, 738, 1029, 1, 0, 4.01%, 0, 0, 18, 2495.49, 16649429, 2628, 0, 0
6724, 101, 50, 1029, 1, 0, 4.01%, 0, 0, 18, 2521.69, 16662355, 2628, 0, 0
6729, 101, 1014, 1029, 1, 0, 4.01%, 0, 0, 18, 2522.30, 16675080, 2628, 0, 0
6734, 101, 177, 1029, 1, 0, 4.01%, 0, 0, 18, 2494.56, 16687725, 2628, 0, 0
6739, 101, 531, 1029, 1, 0, 4.01%, 0, 0, 18, 2504.14, 16700750, 2628, 0, 0
6744, 101, 1025, 1029, 1, 0, 4.01%, 0, 0, 18, 2383.60, 16713162, 2628, 0, 0
6749, 102, 547, 1029, 1, 0, 4.01%, 0, 0, 18, 2478.16, 16725949, 2628, 0, 0
6754, 102, 936, 1029, 1, 0, 4.01%, 0, 0, 18, 2547.28, 16738901, 2628, 0, 0
6759, 102, 886, 1029, 1, 0, 4.01%, 0, 0, 18, 2535.66, 16751651, 2628, 0, 0
6764, 102, 1007, 1029, 1, 0, 4.01%, 0, 0, 18, 2371.24, 16763427, 2628, 0, 0
6769, 102, 600, 1029, 1, 0, 4.01%, 0, 0, 18, 2516.04, 16776226, 2628, 0, 0
6774, 102, 779, 1029, 1, 0, 4.01%, 0, 0, 18, 2519.96, 16789076, 2628, 0, 0
6780, 102, 548, 1029, 1, 0, 4.01%, 0, 0, 18, 2513.71, 16802126, 2628, 0, 0
6785, 102, 150, 1029, 1, 0, 4.01%, 0, 0, 18, 2545.42, 16815352, 2628, 0, 0
6790, 102, 969, 1029, 1, 0, 4.01%, 0, 0, 18, 2559.34, 16828300, 2628, 0, 0
6795, 102, 729, 1029, 1, 0, 4.01%, 0, 0, 18, 2554.65, 16841204, 2628, 0, 0
6800, 102, 787, 1029, 1, 0, 4.01%, 0, 0, 18, 2507.30, 16853531, 2628, 0, 0
6805, 102, 42, 1029, 1, 0, 4.01%, 0, 0, 18, 2533.65, 16866455, 2628, 0, 0
6810, 102, 811, 1029, 1, 0, 4.01%, 0, 0, 18, 2468.01, 16879002, 2628, 0, 0
6815, 102, 1008, 1029, 1, 0, 4.01%, 0, 0, 18, 2487.71, 16891830, 2628, 0, 0
6820, 103, 263, 1029, 1, 0, 4.01%, 0, 0, 18, 2515.85, 16904981, 2628, 0, 0
6825, 103, 486, 1029, 1, 0, 4.01%, 0, 0, 18, 2537.53, 16917681, 2628, 0, 0
6830, 103, 54, 1029, 1, 0, 4.01%, 0, 0, 18, 2549.44, 16930506, 2628, 0, 0
6835, 103, 481, 1029, 1, 0, 4.01%, 0, 0, 18, 2550.35, 16943359, 2628, 0, 0
6840, 103, 779, 1029, 1, 0, 4.01%, 0, 0, 18, 2553.04, 16956136, 2628, 0, 0
6845, 103, 782, 1029, 1, 0, 4.01%, 0, 0, 18, 2526.16, 16968806, 2628, 0, 0
6851, 103, 638, 1029, 1, 0, 4.01%, 0, 0, 18, 2573.05, 16981730, 2628, 0, 0
6856, 103, 782, 1029, 1, 0, 4.01%, 0, 0, 18, 2528.18, 16994556, 2628, 0, 0
6861, 103, 977, 1029, 1, 0, 4.01%, 0, 0, 18, 2543.26, 17007406, 2628, 0, 0
6866, 103, 782, 1029, 1, 0, 4.01%, 0, 0, 18, 2553.73, 17020407, 2628, 0, 0
6871, 103, 896, 1029, 1, 0, 4.01%, 0, 0, 18, 2528.36, 17033206, 2628, 0, 0
6876, 103, 517, 1029, 1, 0, 4.01%, 0, 0, 18, 2543.97, 17046430, 2628, 0, 0
6881, 103, 810, 1029, 1, 0, 4.01%, 0, 0, 18, 2542.93, 17059305, 2628, 0, 0
6886, 103, 689, 1029, 1, 0, 4.01%, 0, 0, 18, 2500.71, 17072155, 2628, 0, 0
6891, 104, 555, 1029, 1, 0, 4.01%, 0, 0, 18, 2483.74, 17084253, 2628, 0, 0
6896, 104, 842, 1029, 1, 0, 4.01%, 0, 0, 18, 2520.73, 17096981, 2628, 0, 0
6901, 104, 537, 1029, 1, 0, 4.01%, 0, 0, 18, 2551.33, 17109833, 2628, 0, 0
6906, 104, 823, 1029, 1, 0, 4.01%, 0, 0, 18, 2523.06, 17122731, 2628, 0, 0
6911, 104, 853, 1030, 2, 0, 4.01%, 0, 0, 18, 2533.45, 17135363, 2628, 0, 0
6916, 104, 1014, 1030, 2, 0, 4.01%, 0, 0, 18, 2523.83, 17148138, 2628, 0, 0
6921, 104, 689, 1030, 2, 0, 4.01%, 0, 0, 18, 2545.01, 17161038, 2628, 0, 0
6926, 104, 1004, 1030, 2, 0, 4.01%, 0, 0, 18, 2547.48, 17173943, 2628, 0, 0
6931, 104, 537, 1030, 2, 0, 4.01%, 0, 0, 18, 2561.72, 17186816, 2628, 0, 0
6937, 104, 1029, 1030, 2, 0, 4.01%, 0, 0, 18, 2385.65, 17199546, 2628, 0, 0
6942, 104, 663, 1030, 1, 0, 4.01%, 0, 0, 18, 2408.04, 17211193, 2628, 0, 0
6947, 104, 105, 1030, 1, 0, 4.01%, 0, 0, 18, 2486.85, 17223821, 2628, 0, 0
6952, 104, 896, 1030, 1, 0, 4.01%, 0, 0, 18, 2547.29, 17236672, 2628, 0, 0
6957, 104, 513, 1030, 1, 0, 4.01%, 0, 0, 18, 2540.91, 17249372, 2628, 0, 0
6962, 104, 738, 1030, 1, 0, 4.01%, 0, 0, 18, 2545.46, 17262146, 2628, 0, 0
6967, 105, 729, 1030, 1, 0, 4.01%, 0, 0, 18, 2549.46, 17275047, 2628, 0, 0
6973, 105, 998, 1030, 1, 0, 4.01%, 0, 0, 18, 2560.75, 17288396, 2628, 0, 0
6978, 105, 780, 1030, 1, 0, 4.01%, 0, 0, 18, 2561.18, 17301376, 2628, 0, 0
6983, 105, 396, 1030, 1, 0, 4.01%, 0, 0, 18, 2587.82, 17314398, 2628, 0, 0
6988, 105, 935, 1030, 1, 0, 4.01%, 0, 0, 18, 2513.88, 17326997, 2628, 0, 0
6993, 105, 158, 1030, 1, 0, 4.01%, 0, 0, 18, 2546.60, 17339847, 2628, 0, 0
6998, 105, 785, 1030, 1, 0, 4.01%, 0, 0, 18, 2546.45, 17352647, 2628, 0, 0
7003, 105, 785, 1030, 1, 0, 4.01%, 0, 0, 18, 2528.65, 17365271, 2628, 0, 0
7008, 105, 247, 1030, 1, 0, 4.01%, 0, 0, 18, 2513.43, 17377997, 2628, 0, 0
7013, 105, 823, 1030, 1, 0, 4.01%, 0, 0, 18, 2563.95, 17390971, 2628, 0, 0
7018, 105, 287, 1030, 1, 0, 4.01%, 0, 0, 18, 2486.67, 17403371, 2628, 0, 0
7023, 105, 843, 1030, 1, 0, 4.01%, 0, 0, 18, 2516.49, 17415544, 2628, 0, 0
7028, 105, 508, 1030, 1, 0, 4.01%, 0, 0, 18, 2520.10, 17428243, 2628, 0, 0
7033, 105, 815, 1030, 1, 0, 4.01%, 0, 0, 18, 2518.44, 17441094, 2628, 0, 0
7038, 106, 503, 1030, 1, 0, 4.01%, 0, 0, 18, 2545.09, 17453992, 2628, 0, 0
7043, 106, 527, 1030, 1, 0, 4.01%, 0, 0, 18, 2521.39, 17466593, 2628, 0, 0
7048, 106, 882, 1031, 2, 0, 4.01%, 0, 0, 18, 2478.90, 17479070, 2628, 0, 0
7053, 106, 685, 1031, 2, 0, 4.01%, 0, 0, 18, 2489.60, 17491649, 2628, 0, 0
7058, 106, 738, 1031, 2, 0, 4.01%, 0, 0, 18, 2462.46, 17503967, 2628, 0, 0
7063, 106, 632, 1031, 2, 0, 4.01%, 0, 0, 18, 2539.28, 17516795, 2628, 0, 0
7068, 106, 762, 1031, 2, 0, 4.01%, 0, 0, 18, 2517.63, 17529644, 2628, 0, 0
7074, 106, 578, 1031, 2, 0, 4.01%, 0, 0, 18, 2521.78, 17542574, 2628, 0, 0
7079, 106, 176, 1031, 2, 0, 4.01%, 0, 0, 18, 2555.12, 17555599, 2628, 0, 0
7084, 106, 598, 1031, 2, 0, 4.01%, 0, 0, 18, 2478.00, 17567992, 2628, 0, 0
7089, 106, 589, 1031, 2, 0, 4.01%, 0, 0, 18, 2534.62, 17580695, 2628, 0, 0
7094, 106, 1007, 1031, 2, 0, 4.01%, 0, 0, 18, 2521.17, 17593494, 2628, 0, 0
7099, 106, 642, 1031, 2, 0, 4.01%, 0, 0, 18, 2538.76, 17606220, 2628, 0, 0
7104, 106, 588, 1031, 2, 0, 4.01%, 0, 0, 18, 2498.44, 17618717, 2628, 0, 0
7109, 106, 512, 1031, 2, 0, 4.01%, 0, 0, 18, 2487.82, 17631016, 2628, 0, 0
7114, 107, 642, 1031, 2, 0, 4.01%, 0, 0, 18, 2530.87, 17643819, 2628, 0, 0
7119, 107, 600, 1031, 2, 0, 4.01%, 0, 0, 18, 2530.38, 17656620, 2628, 0, 0
7124, 107, 1004, 1031, 2, 0, 4.01%, 0, 0, 18, 2557.21, 17669474, 2628, 0, 0
7129, 107, 908, 1031, 2, 0, 4.01%, 0, 0, 18, 2541.43, 17682195, 2628, 0, 0
7134, 107, 103, 1031, 2, 0, 4.01%, 0, 0, 18, 2574.67, 17695046, 2628, 0, 0
7139, 107, 886, 1031, 2, 0, 4.01%, 0, 0, 18, 2524.54, 17707820, 2628, 0, 0
7144, 107, 782, 1031, 2, 0, 4.01%, 0, 0, 18, 2532.96, 17720544, 2628, 0, 0
7149, 107, 446, 1031, 2, 0, 4.01%, 0, 0, 18, 2550.22, 17733469, 2628, 0, 0
7154, 107, 909, 1031, 2, 0, 4.01%, 0, 0, 18, 2566.41, 17746396, 2628, 0, 0
7159, 107, 600, 1031, 2, 0, 4.01%, 0, 0, 18, 2505.40, 17758964, 2628, 0, 0
7164, 107, 779, 1032, 2, 0, 4.01%, 0, 0, 18, 2443.25, 17770549, 2628, 0, 0
7169, 107, 578, 1032, 2, 0, 4.01%, 0, 0, 18, 2479.25, 17783076, 2628, 0, 0
7175, 107, 1024, 1033, 3, 0, 4.01%, 0, 0, 18, 2405.39, 17795460, 2628, 0, 0
7180, 107, 402, 1033, 3, 0, 4.01%, 0, 0, 18, 2489.81, 17808006, 2628, 0, 0
7185, 107, 853, 1033, 3, 0, 4.01%, 0, 0, 18, 2490.41, 17820760, 2628, 0, 0
7190, 108, 295, 1033, 3, 0, 4.01%, 0, 0, 18, 2492.75, 17833683, 2628, 0, 0
7195, 108, 221, 1033, 3, 0, 4.01%, 0, 0, 18, 2548.27, 17846635, 2628, 0, 0
7202, 108, 1031, 1033, 3, 0, 4.01%, 0, 0, 18, 2502.34, 17862795, 2628, 0, 0
7207, 108, 900, 1033, 2, 0, 4.01%, 0, 0, 18, 2484.87, 17875638, 2628, 0, 0
7212, 108, 11, 1033, 2, 0, 4.01%, 0, 0, 18, 2519.29, 17888269, 2628, 0, 0
7217, 108, 591, 1033, 2, 0, 4.01%, 0, 0, 18, 2520.18, 17900970, 2628, 0, 0
7222, 108, 252, 1033, 2, 0, 4.01%, 0, 0, 18, 2523.50, 17913794, 2628, 0, 0
7227, 108, 774, 1034, 3, 0, 4.01%, 0, 0, 18, 2514.49, 17926402, 2628, 0, 0
7232, 108, 697, 1034, 3, 0, 4.01%, 0, 0, 18, 2526.54, 17939527, 2628, 0, 0
7237, 108, 548, 1034, 3, 0, 4.01%, 0, 0, 18, 2456.63, 17951646, 2628, 0, 0
7242, 108, 396, 1034, 3, 0, 4.01%, 0, 0, 18, 2519.77, 17964502, 2628, 0, 0
7247, 108, 513, 1034, 3, 0, 4.01%, 0, 0, 18, 2584.53, 17977651, 2628, 0, 0
7252, 108, 396, 1035, 4, 0, 4.01%, 0, 0, 18, 2552.47, 17990383, 2628, 0, 0
7257, 108, 138, 1035, 3, 0, 4.01%, 0, 0, 18, 2546.66, 18003291, 2628, 0, 0
7262, 109, 92, 1035, 3, 0, 4.01%, 0, 0, 18, 2545.05, 18016040, 2628, 0, 0
7267, 109, 1032, 1035, 3, 0, 4.01%, 0, 0, 18, 2400.91, 18026955, 2628, 0, 0
7272, 109, 92, 1035, 2, 0, 4.01%, 0, 0, 18, 2479.16, 18039397, 2628, 0, 0
7278, 109, 569, 1035, 1, 0, 4.01%, 0, 0, 18, 2480.47, 18051951, 2628, 0, 0
7283, 109, 513, 1035, 1, 0, 4.01%, 0, 0, 18, 2475.31, 18064374, 2628, 0, 0
7288, 109, 1026, 1037, 3, 0, 4.01%, 0, 0, 18, 2305.05, 18075272, 2628, 0, 0
7293, 109, 1024, 1038, 3, 0, 4.01%, 0, 0, 18, 2226.15, 18086831, 2628, 0, 0
7298, 109, 689, 1038, 3, 0, 4.01%, 0, 0, 18, 2436.65, 18099347, 2628, 0, 0
7303, 109, 1004, 1038, 3, 0, 4.01%, 0, 0, 18, 2524.66, 18112532, 2628, 0, 0
7308, 109, 78, 1038, 3, 0, 4.01%, 0, 0, 18, 2508.28, 18125182, 2628, 0, 0
7313, 109, 491, 1038, 3, 0, 4.01%, 0, 0, 18, 2575.51, 18138156, 2628, 0, 0
7318, 109, 787, 1038, 3, 0, 4.01%, 0, 0, 18, 2582.79, 18151259, 2628, 0, 0
7323, 109, 1037, 1039, 4, 0, 4.01%, 0, 0, 18, 2363.28, 18162199, 2628, 0, 0
7329, 109, 1038, 1040, 4, 0, 4.01%, 0, 0, 18, 2307.64, 18174850, 2628, 0, 0
7334, 109, 1004, 1040, 2, 0, 4.01%, 0, 0, 18, 2171.81, 18184985, 2628, 0, 0
7340, 109, 843, 1040, 2, 0, 4.01%, 0, 0, 18, 2441.47, 18198034, 2628, 0, 0
7345, 109, 93, 1040, 2, 0, 4.01%, 0, 0, 18, 2521.02, 18210892, 2628, 0, 0
7350, 109, 882, 1040, 2, 0, 4.01%, 0, 0, 18, 2509.19, 18223567, 2628, 0, 0
7355, 110, 501, 1040, 2, 0, 4.01%, 0, 0, 18, 2534.21, 18236391, 2628, 0, 0
7360, 110, 572, 1040, 2, 0, 4.01%, 0, 0, 18, 2547.76, 18249266, 2628, 0, 0
7365, 110, 777, 1041, 3, 0, 4.01%, 0, 0, 18, 2359.04, 18260918, 2628, 0, 0
7370, 110, 123, 1041, 3, 0, 4.01%, 0, 0, 18, 2495.71, 18273693, 2628, 0, 0
7375, 110, 99, 1042, 4, 0, 4.01%, 0, 0, 18, 2543.06, 18286650, 2628, 0, 0
7380, 110, 719, 1042, 3, 0, 4.01%, 0, 0, 18, 2454.35, 18298328, 2628, 0, 0
7386, 110, 1041, 1042, 3, 0, 4.01%, 0, 0, 18, 2479.85, 18312800, 2628, 0, 0
7391, 110, 853, 1042, 2, 0, 4.01%, 0, 0, 18, 2526.29, 18325400, 2628, 0, 0
7396, 110, 566, 1042, 2, 0, 4.01%, 0, 0, 18, 2548.51, 18338125, 2628, 0, 0
7401, 110, 782, 1042, 2, 0, 4.01%, 0, 0, 18, 2496.22, 18350494, 2628, 0, 0
7406, 110, 762, 1042, 2, 0, 4.01%, 0, 0, 18, 2535.80, 18363299, 2628, 0, 0
7411, 110, 792, 1043, 3, 0, 4.01%, 0, 0, 18, 2399.65, 18375473, 2628, 0, 0
7416, 110, 5, 1043, 3, 0, 4.01%, 0, 0, 18, 2504.30, 18388232, 2628, 0, 0
7421, 110, 1040, 1045, 5, 0, 4.01%, 0, 0, 18, 2246.10, 18398342, 2628, 0, 0
7426, 110, 200, 1045, 4, 0, 4.01%, 0, 0, 18, 2377.38, 18410109, 2628, 0, 0
7431, 110, 632, 1045, 4, 0, 4.01%, 0, 0, 18, 2534.63, 18423012, 2628, 0, 0
7436, 111, 998, 1045, 4, 0, 4.01%, 0, 0, 18, 2541.26, 18435861, 2628, 0, 0
7441, 111, 1042, 1045, 4, 0, 4.01%, 0, 0, 18, 2291.88, 18445718, 2628, 0, 0
7446, 111, 604, 1045, 3, 0, 4.01%, 0, 0, 18, 2528.66, 18458593, 2628, 0, 0
7451, 111, 1044, 1045, 3, 0, 4.01%, 0, 0, 18, 2437.81, 18471193, 2628, 0, 0
7457, 111, 632, 1045, 2, 0, 4.01%, 0, 0, 18, 2446.10, 18481860, 2628, 0, 0
7462, 111, 396, 1045, 2, 0, 4.01%, 0, 0, 18, 2493.59, 18494633, 2628, 0, 0
7467, 111, 820, 1045, 2, 0, 4.01%, 0, 0, 18, 2530.99, 18507887, 2628, 0, 0
7472, 111, 775, 1045, 2, 0, 4.01%, 0, 0, 18, 2538.35, 18520837, 2628, 0, 0
7477, 111, 774, 1045, 2, 0, 4.01%, 0, 0, 18, 2541.15, 18533687, 2628, 0, 0
7482, 111, 882, 1045, 2, 0, 4.01%, 0, 0, 18, 2512.18, 18546362, 2628, 0, 0
7488, 111, 758, 1045, 2, 0, 4.01%, 0, 0, 18, 2505.27, 18561949, 2628, 0, 0
7494, 111, 969, 1049, 5, 0, 4.01%, 0, 0, 18, 2432.82, 18573837, 2629, 0, 0
7499, 111, 732, 1049, 4, 0, 4.01%, 0, 0, 18, 2362.13, 18584682, 2629, 0, 0
7504, 111, 486, 1049, 4, 0, 4.01%, 0, 0, 18, 2502.96, 18597512, 2629, 0, 0
7509, 111, 672, 1049, 3, 0, 4.01%, 0, 0, 18, 2448.03, 18609133, 2629, 0, 0
7514, 111, 503, 1049, 3, 0, 4.01%, 0, 0, 18, 2499.05, 18621943, 2629, 0, 0
7519, 111, 304, 1049, 3, 0, 4.01%, 0, 0, 18, 2523.75, 18635144, 2629, 0, 0
7524, 112, 703, 1049, 3, 0, 4.01%, 0, 0, 18, 2513.70, 18647945, 2629, 0, 0
7529, 112, 217, 1049, 3, 0, 4.01%, 0, 0, 18, 2500.98, 18660544, 2629, 0, 0
7534, 112, 145, 1049, 3, 0, 4.01%, 0, 0, 18, 2522.60, 18673295, 2629, 0, 0
7539, 112, 609, 1049, 3, 0, 4.01%, 0, 0, 18, 2551.28, 18686119, 2629, 0, 0
7544, 112, 481, 1049, 3, 0, 4.01%, 0, 0, 18, 2526.57, 18698870, 2629, 0, 0
7550, 112, 569, 1049, 3, 0, 4.01%, 0, 0, 18, 2513.76, 18711615, 2629, 0, 0
7555, 112, 886, 1049, 3, 0, 4.01%, 0, 0, 18, 2522.92, 18724239, 2629, 0, 0
7560, 112, 779, 1049, 3, 0, 4.01%, 0, 0, 18, 2513.91, 18736940, 2629, 0, 0
7565, 112, 989, 1049, 3, 0, 4.01%, 0, 0, 18, 2526.88, 18749990, 2629, 0, 0
7570, 112, 962, 1049, 3, 0, 4.01%, 0, 0, 18, 2549.38, 18762815, 2629, 0, 0
7575, 112, 1035, 1049, 3, 0, 4.01%, 0, 0, 18, 2429.45, 18774608, 2629, 0, 0
7580, 112, 969, 1049, 2, 0, 4.01%, 0, 0, 18, 2454.00, 18787000, 2629, 0, 0
7585, 112, 886, 1049, 2, 0, 4.01%, 0, 0, 18, 2521.29, 18799683, 2629, 0, 0
7590, 112, 106, 1049, 2, 0, 4.01%, 0, 0, 18, 2506.49, 18812307, 2629, 0, 0
7596, 112, 1048, 1049, 2, 0, 4.01%, 0, 0, 18, 2486.00, 18826955, 2629, 0, 0
7601, 113, 672, 1049, 1, 0, 4.01%, 0, 0, 18, 2510.97, 18839555, 2629, 0, 0
7606, 113, 547, 1049, 1, 0, 4.01%, 0, 0, 18, 2460.72, 18852001, 2629, 0, 0
7611, 113, 896, 1049, 1, 0, 4.01%, 0, 0, 18, 2533.83, 18864905, 2629, 0, 0
7616, 113, 775, 1049, 1, 0, 4.01%, 0, 0, 18, 2536.72, 18877655, 2629, 0, 0
7622, 113, 816, 1049, 1, 0, 4.01%, 0, 0, 18, 2481.61, 18889979, 2629, 0, 0
7627, 113, 248, 1049, 1, 0, 4.01%, 0, 0, 18, 2543.08, 18902780, 2629, 0, 0
7632, 113, 240, 1049, 1, 0, 4.01%, 0, 0, 18, 2539.34, 18915555, 2629, 0, 0
7637, 113, 177, 1051, 2, 0, 4.01%, 0, 0, 18, 2349.50, 18926573, 2629, 0, 0
7642, 113, 1033, 1051, 2, 0, 4.01%, 0, 0, 18, 2477.85, 18939188, 2629, 0, 0
7647, 113, 548, 1052, 2, 0, 4.01%, 0, 0, 18, 2257.56, 18949011, 2629, 0, 0
7653, 113, 1051, 1052, 2, 0, 4.01%, 0, 0, 18, 2357.64, 18961591, 2629, 0, 0
7658, 113, 589, 1052, 1, 0, 4.01%, 0, 0, 18, 2434.66, 18973762, 2629, 0, 0
7663, 113, 588, 1052, 1, 0, 4.01%, 0, 0, 18, 2511.61, 18986541, 2629, 0, 0
7668, 113, 754, 1052, 1, 0, 4.01%, 0, 0, 18, 2541.38, 18999816, 2629, 0, 0
7673, 113, 1041, 1052, 1, 0, 4.01%, 0, 0, 18, 2497.47, 19012516, 2629, 0, 0
7678, 113, 1004, 1052, 1, 0, 4.01%, 0, 0, 18, 2553.94, 19025390, 2629, 0, 0
7683, 114, 728, 1052, 1, 0, 4.01%, 0, 0, 18, 2459.15, 19037506, 2629, 0, 0
7688, 114, 525, 1052, 1, 0, 4.01%, 0, 0, 18, 2436.38, 19050381, 2629, 0, 0
7693, 114, 881, 1052, 1, 0, 4.01%, 0, 0, 18, 2472.40, 19062880, 2629, 0, 0
7698, 114, 835, 1052, 1, 0, 4.01%, 0, 0, 18, 2522.23, 19076085, 2629, 0, 0
7704, 114, 510, 1052, 1, 0, 4.01%, 0, 0, 18, 2482.89, 19088608, 2629, 0, 0
7709, 114, 787, 1052, 1, 0, 4.01%, 0, 0, 18, 2561.57, 19101561, 2629, 0, 0
7714, 114, 628, 1052, 1, 0, 4.01%, 0, 0, 18, 2519.14, 19114159, 2629, 0, 0
7719, 114, 660, 1052, 0, 0, 4.01%, 0, 0, 18, 2512.96, 19125952, 2629, 0, 0
7724, 114, 553, 1052, 0, 0, 4.01%, 0, 0, 18, 2485.33, 19138925, 2629, 0, 0
7729, 114, 184, 1052, 0, 0, 4.01%, 0, 0, 18, 2522.83, 19151727, 2629, 0, 0
7734, 114, 969, 1052, 0, 0, 4.01%, 0, 0, 18, 2512.11, 19164402, 2629, 0, 0
7739, 114, 510, 1052, 0, 0, 4.01%, 0, 0, 18, 2542.21, 19177527, 2629, 0, 0
7744, 114, 936, 1052, 0, 0, 4.01%, 0, 0, 18, 2531.41, 19190627, 2629, 0, 0
7749, 114, 257, 1052, 0, 0, 4.01%, 0, 0, 18, 2436.54, 19202948, 2629, 0, 0
7755, 114, 864, 1052, 0, 0, 4.01%, 0, 0, 18, 2505.05, 19215783, 2629, 0, 0
7760, 115, 296, 1052, 0, 0, 4.01%, 0, 0, 18, 2507.90, 19228434, 2629, 0, 0
7765, 115, 779, 1052, 0, 0, 4.01%, 0, 0, 18, 2505.67, 19241134, 2629, 0, 0
7770, 115, 732, 1052, 0, 0, 4.01%, 0, 0, 18, 2558.42, 19253986, 2629, 0, 0
7775, 115, 782, 1052, 0, 0, 4.01%, 0, 0, 18, 2545.10, 19266684, 2629, 0, 0
7780, 115, 882, 1052, 0, 0, 4.01%, 0, 0, 18, 2519.83, 19279658, 2629, 0, 0
7785, 115, 1041, 1053, 1, 0, 4.01%, 0, 0, 18, 2467.88, 19292133, 2629, 0, 0
7790, 115, 853, 1053, 1, 0, 4.01%, 0, 0, 18, 2518.94, 19304996, 2629, 0, 0
7795, 115, 654, 1053, 0, 0, 4.01%, 0, 0, 18, 2469.60, 19317131, 2629, 0, 0
7800, 115, 550, 1053, 0, 0, 4.01%, 0, 0, 18, 2507.34, 19329857, 2629, 0, 0
7805, 115, 837, 1053, 0, 0, 4.01%, 0, 0, 18, 2519.87, 19342597, 2629, 0, 0
7810, 115, 619, 1053, 0, 0, 4.01%, 0, 0, 18, 2533.41, 19355326, 2629, 0, 0
7815, 115, 1049, 1053, 0, 0, 4.01%, 0, 0, 18, 2501.85, 19368011, 2629, 0, 0
7820, 115, 54, 1053, 0, 0, 4.01%, 0, 0, 18, 2521.17, 19380567, 2629, 0, 0
7825, 115, 693, 1053, 0, 0, 4.01%, 0, 0, 18, 2546.51, 19393342, 2629, 0, 0
7830, 115, 793, 1053, 0, 0, 4.01%, 0, 0, 18, 2447.53, 19405795, 2629, 0, 0
7835, 116, 287, 1053, 0, 0, 4.01%, 0, 0, 18, 2503.91, 19418521, 2629, 0, 0
7840, 116, 553, 1053, 0, 0, 4.01%, 0, 0, 18, 2549.23, 19431347, 2629, 0, 0
7845, 116, 787, 1053, 0, 0, 4.01%, 0, 0, 18, 2517.24, 19444047, 2629, 0, 0
7850, 116, 342, 1053, 0, 0, 4.01%, 0, 0, 18, 2558.01, 19456823, 2629, 0, 0
7856, 116, 1053, 1055, 2, 0, 4.01%, 0, 0, 18, 2126.13, 19468238, 2629, 0, 0
7862, 116, 287, 1055, 1, 0, 4.01%, 0, 0, 18, 2389.87, 19480626, 2629, 0, 0
7867, 116, 655, 1055, 1, 0, 4.01%, 0, 0, 18, 2496.25, 19493331, 2629, 0, 0
7872, 116, 588, 1055, 1, 0, 4.01%, 0, 0, 18, 2467.51, 19505678, 2629, 0, 0
7877, 116, 1054, 1055, 1, 0, 4.01%, 0, 0, 18, 2296.82, 19517373, 2629, 0, 0
7882, 116, 823, 1055, 0, 0, 4.01%, 0, 0, 18, 2374.80, 19527727, 2629, 0, 0
7887, 116, 200, 1055, 0, 0, 4.01%, 0, 0, 18, 2500.96, 19540504, 2629, 0, 0
7892, 116, 1054, 1055, 0, 0, 4.01%, 0, 0, 18, 2463.63, 19552873, 2629, 0, 0
7897, 116, 371, 1055, 0, 0, 4.01%, 0, 0, 18, 2418.62, 19564876, 2629, 0, 0
7902, 116, 663, 1055, 0, 0, 4.01%, 0, 0, 18, 2512.99, 19577654, 2629, 0, 0
7907, 116, 972, 1055, 0, 0, 4.01%, 0, 0, 18, 2518.12, 19590279, 2629, 0, 0
7912, 116, 557, 1055, 0, 0, 4.01%, 0, 0, 18, 2436.22, 19602470, 2629, 0, 0
7917, 117, 588, 1055, 0, 0, 4.01%, 0, 0, 18, 2522.62, 19615419, 2629, 0, 0
7922, 117, 244, 1055, 0, 0, 4.01%, 0, 0, 18, 2490.99, 19627794, 2629, 0, 0
7928, 117, 719, 1055, 0, 0, 4.01%, 0, 0, 18, 2514.47, 19640794, 2629, 0, 0
7933, 117, 304, 1055, 0, 0, 4.01%, 0, 0, 18, 2445.96, 19652968, 2629, 0, 0
7938, 117, 998, 1055, 0, 0, 4.01%, 0, 0, 18, 2508.25, 19665595, 2629, 0, 0
7943, 117, 886, 1055, 0, 0, 4.01%, 0, 0, 18, 2539.93, 19678495, 2629, 0, 0
7948, 117, 693, 1055, 0, 0, 4.01%, 0, 0, 18, 2513.65, 19691095, 2629, 0, 0
7953, 117, 780, 1055, 0, 0, 4.01%, 0, 0, 18, 2498.28, 19703745, 2629, 0, 0
7958, 117, 141, 1055, 0, 0, 4.01%, 0, 0, 18, 2487.40, 19716318, 2629, 0, 0
7963, 117, 851, 1055, 0, 0, 4.01%, 0, 0, 18, 2485.23, 19728816, 2629, 0, 0
7968, 117, 519, 1055, 0, 0, 4.01%, 0, 0, 18, 2519.68, 19741594, 2629, 0, 0
7973, 117, 510, 1055, 0, 0, 4.01%, 0, 0, 18, 2533.36, 19754595, 2629, 0, 0
7978, 117, 200, 1055, 0, 0, 4.01%, 0, 0, 18, 2533.66, 19767394, 2629, 0, 0
7983, 117, 8, 1055, 0, 0, 4.01%, 0, 0, 18, 2414.55, 19779711, 2629, 0, 0
7988, 117, 96, 1055, 0, 0, 4.01%, 0, 0, 18, 2511.93, 19792463, 2629, 0, 0
7993, 118, 486, 1055, 0, 0, 4.01%, 0, 0, 18, 2448.18, 19804410, 2629, 0, 0
7998, 118, 545, 1055, 0, 0, 4.01%, 0, 0, 18, 2494.16, 19817013, 2629, 0, 0
8003, 118, 282, 1055, 0, 0, 4.01%, 0, 0, 18, 2540.16, 19829788, 2629, 0, 0
8008, 118, 689, 1055, 0, 0, 4.01%, 0, 0, 18, 2470.05, 19842033, 2629, 0, 0
8013, 118, 513, 1055, 0, 0, 4.01%, 0, 0, 18, 2510.49, 19854914, 2629, 0, 0
8018, 118, 609, 1055, 0, 0, 4.01%, 0, 0, 18, 2514.25, 19867589, 2629, 0, 0
8023, 118, 689, 1055, 0, 0, 4.01%, 0, 0, 18, 2525.56, 19880363, 2629, 0, 0
8028, 118, 139, 1055, 0, 0, 4.01%, 0, 0, 18, 2524.34, 19892889, 2629, 0, 0
8033, 118, 508, 1055, 0, 0, 4.01%, 0, 0, 18, 2553.57, 19905692, 2629, 0, 0
8038, 118, 379, 1055, 0, 0, 4.01%, 0, 0, 18, 2549.45, 19918389, 2629, 0, 0
8043, 118, 54, 1055, 0, 0, 4.01%, 0, 0, 18, 2521.27, 19931014, 2629, 0, 0
8049, 118, 1054, 1055, 0, 0, 4.01%, 0, 0, 18, 2395.19, 19943350, 2629, 0, 0
8054, 118, 1037, 1055, 0, 0, 4.01%, 0, 0, 18, 2417.06, 19955647, 2629, 0, 0
8059, 118, 738, 1055, 0, 0, 4.01%, 0, 0, 18, 2505.17, 19968259, 2629, 0, 0
8064, 118, 402, 1055, 0, 0, 4.01%, 0, 0, 18, 2521.20, 19980983, 2629, 0, 0
8069, 119, 158, 1055, 0, 0, 4.01%, 0, 0, 18, 2425.65, 19993151, 2629, 0, 0
8074, 119, 481, 1055, 0, 0, 4.01%, 0, 0, 18, 2491.52, 20006100, 2629, 0, 0
8079, 119, 512, 1055, 0, 0, 4.01%, 0, 0, 18, 2471.74, 20018375, 2629, 0, 0
8084, 119, 969, 1055, 0, 0, 4.01%, 0, 0, 18, 2521.56, 20031527, 2629, 0, 0
8089, 119, 781, 1055, 0, 0, 4.01%, 0, 0, 18, 2541.08, 20044378, 2629, 0, 0
8094, 119, 304, 1055, 0, 0, 4.01%, 0, 0, 18, 2559.93, 20057304, 2629, 0, 0
8099, 119, 605, 1055, 0, 0, 4.01%, 0, 0, 18, 2543.77, 20070102, 2629, 0, 0
8104, 119, 202, 1055, 0, 0, 4.01%, 0, 0, 18, 2505.99, 20082702, 2629, 0, 0
8110, 119, 592, 1055, 0, 0, 4.01%, 0, 0, 18, 2545.03, 20096003, 2629, 0, 0
8115, 119, 775, 1055, 0, 0, 4.01%, 0, 0, 18, 2490.80, 20108473, 2629, 0, 0
8120, 119, 552, 1055, 0, 0, 4.01%, 0, 0, 18, 2502.13, 20121227, 2629, 0, 0
8125, 119, 1007, 1055, 0, 0, 4.01%, 0, 0, 18, 2423.03, 20133247, 2629, 0, 0
8130, 119, 548, 1055, 0, 0, 4.01%, 0, 0, 18, 2470.01, 20145576, 2629, 0, 0
8135, 119, 843, 1055, 0, 0, 4.01%, 0, 0, 18, 2338.17, 20157621, 2629, 0, 0
8140, 120, 454, 1056, 1, 0, 4.01%, 0, 0, 18, 2454.03, 20170123, 2629, 0, 0
8145, 120, 969, 1056, 1, 0, 4.01%, 0, 0, 18, 2504.64, 20182854, 2629, 0, 0
8150, 120, 779, 1056, 0, 0, 4.01%, 0, 0, 18, 2455.55, 20195250, 2629, 0, 0
8155, 120, 754, 1056, 0, 0, 4.01%, 0, 0, 18, 2468.60, 20207775, 2629, 0, 0
8160, 120, 77, 1056, 0, 0, 4.01%, 0, 0, 18, 2480.31, 20220299, 2629, 0, 0
8165, 120, 619, 1056, 0, 0, 4.01%, 0, 0, 18, 2449.31, 20232568, 2629, 0, 0
8170, 120, 630, 1056, 0, 0, 4.01%, 0, 0, 18, 2525.70, 20245776, 2629, 0, 0
8175, 120, 569, 1056, 0, 0, 4.01%, 0, 0, 18, 2487.71, 20258175, 2629, 0, 0
8180, 120, 397, 1056, 0, 0, 4.01%, 0, 0, 18, 2535.19, 20271025, 2629, 0, 0
8185, 120, 729, 1056, 0, 0, 4.01%, 0, 0, 18, 2542.75, 20284025, 2629, 0, 0
8190, 120, 150, 1056, 0, 0, 4.01%, 0, 0, 18, 2539.78, 20296900, 2629, 0, 0
8196, 120, 682, 1056, 0, 0, 4.01%, 0, 0, 18, 2488.31, 20309473, 2629, 0, 0
8201, 120, 578, 1056, 0, 0, 4.01%, 0, 0, 18, 2483.40, 20322072, 2629, 0, 0
8206, 120, 83, 1056, 0, 0, 4.01%, 0, 0, 18, 2521.62, 20334826, 2629, 0, 0
8211, 120, 823, 1056, 0, 0, 4.01%, 0, 0, 18, 2506.61, 20347476, 2629, 0, 0
8216, 121, 896, 1056, 0, 0, 4.01%, 0, 0, 18, 2498.48, 20360126, 2629, 0, 0
8221, 121, 287, 1056, 0, 0, 4.01%, 0, 0, 18, 2555.37, 20373202, 2629, 0, 0
8226, 121, 512, 1056, 0, 0, 4.01%, 0, 0, 18, 2547.46, 20386001, 2629, 0, 0
8231, 121, 572, 1056, 0, 0, 4.01%, 0, 0, 18, 2536.30, 20398851, 2629, 0, 0
8236, 121, 456, 1057, 0, 0, 4.01%, 0, 0, 18, 2403.12, 20410535, 2629, 0, 0
8241, 121, 1007, 1057, 0, 0, 4.01%, 0, 0, 18, 2478.56, 20423554, 2629, 0, 0
8246, 121, 622, 1057, 0, 0, 4.01%, 0, 0, 18, 2493.13, 20436182, 2629, 0, 0
8252, 121, 780, 1057, 0, 0, 4.01%, 0, 0, 18, 2514.50, 20449161, 2629, 0, 0
8257, 121, 569, 1057, 0, 0, 4.01%, 0, 0, 18, 2466.26, 20461660, 2629, 0, 0
8262, 121, 1007, 1057, 0, 0, 4.01%, 0, 0, 18, 2455.67, 20474179, 2629, 0, 0
8267, 121, 896, 1057, 0, 0, 4.01%, 0, 0, 18, 2469.02, 20486555, 2629, 0, 0
8272, 121, 787, 1057, 0, 0, 4.01%, 0, 0, 18, 2507.72, 20499161, 2629, 0, 0
8277, 121, 1057, 1062, 5, 1, 4.01%, 0, 0, 18, 2538.78, 20512270, 2630, 0, 0
8282, 121, 732, 1063, 4, 0, 4.01%, 0, 0, 18, 2527.12, 20525231, 2630, 0, 0
8287, 121, 304, 1063, 4, 0, 4.01%, 0, 0, 18, 2547.41, 20538181, 2630, 0, 0
8292, 121, 1061, 1064, 4, 0, 4.01%, 0, 0, 18, 2486.52, 20551034, 2630, 0, 0
8297, 122, 1063, 1065, 4, 0, 4.01%, 0, 0, 18, 2430.08, 20563622, 2630, 0, 0
8302, 122, 851, 1065, 3, 0, 4.01%, 0, 0, 18, 2539.41, 20576516, 2630, 0, 0
8307, 122, 81, 1065, 2, 0, 4.01%, 0, 0, 18, 2495.81, 20588710, 2630, 0, 0
8313, 122, 909, 1065, 2, 0, 4.01%, 0, 0, 18, 2478.62, 20601283, 2630, 0, 0
8318, 122, 8, 1065, 2, 0, 4.01%, 0, 0, 18, 2469.77, 20613685, 2630, 0, 0
8323, 122, 569, 1065, 2, 0, 4.01%, 0, 0, 18, 2528.07, 20626611, 2630, 0, 0
8328, 122, 595, 1065, 2, 0, 4.01%, 0, 0, 18, 2515.91, 20639237, 2630, 0, 0
8333, 122, 780, 1065, 2, 0, 4.01%, 0, 0, 18, 2521.91, 20651837, 2630, 0, 0
8338, 122, 486, 1065, 2, 0, 4.01%, 0, 0, 18, 2450.36, 20664031, 2630, 0, 0
8343, 122, 792, 1065, 2, 0, 4.01%, 0, 0, 18, 2473.06, 20676630, 2630, 0, 0
8348, 122, 1004, 1065, 1, 0, 4.01%, 0, 0, 18, 2483.69, 20689379, 2630, 0, 0
8353, 122, 503, 1065, 1, 0, 4.01%, 0, 0, 18, 2503.11, 20702034, 2630, 0, 0
8358, 122, 86, 1065, 1, 0, 4.01%, 0, 0, 18, 2509.98, 20714785, 2630, 0, 0
8363, 122, 1004, 1065, 1, 0, 4.01%, 0, 0, 18, 2532.61, 20727510, 2630, 0, 0
8368, 122, 936, 1065, 1, 0, 4.01%, 0, 0, 18, 2553.42, 20740337, 2630, 0, 0
8373, 123, 463, 1065, 1, 0, 4.01%, 0, 0, 18, 2526.71, 20753034, 2630, 0, 0
8378, 123, 732, 1066, 2, 0, 4.01%, 0, 0, 18, 2499.21, 20765542, 2630, 0, 0
8383, 123, 810, 1066, 2, 0, 4.01%, 0, 0, 18, 2491.83, 20778540, 2630, 0, 0
8388, 123, 853, 1066, 2, 0, 4.01%, 0, 0, 18, 2483.38, 20790937, 2630, 0, 0
8393, 123, 667, 1066, 1, 0, 4.01%, 0, 0, 18, 2513.59, 20803672, 2630, 0, 0
8398, 123, 595, 1066, 1, 0, 4.01%, 0, 0, 18, 2542.36, 20816472, 2630, 0, 0
8403, 123, 732, 1066, 1, 0, 4.01%, 0, 0, 18, 2512.43, 20829073, 2630, 0, 0
8408, 123, 997, 1066, 1, 0, 4.01%, 0, 0, 18, 2555.52, 20842022, 2630, 0, 0
8413, 123, 947, 1066, 1, 0, 4.01%, 0, 0, 18, 2521.89, 20854748, 2630, 0, 0
8419, 123, 736, 1066, 1, 0, 4.01%, 0, 0, 18, 2536.00, 20867572, 2630, 0, 0
8424, 123, 969, 1066, 1, 0, 4.01%, 0, 0, 18, 2546.51, 20880847, 2630, 0, 0
8429, 123, 155, 1066, 1, 0, 4.01%, 0, 0, 18, 2562.29, 20893698, 2630, 0, 0
8434, 123, 882, 1068, 2, 0, 4.01%, 0, 0, 18, 2507.75, 20906590, 2630, 0, 0
8439, 123, 969, 1068, 2, 0, 4.01%, 0, 0, 18, 2515.76, 20919300, 2630, 0, 0
8444, 123, 682, 1068, 2, 0, 4.01%, 0, 0, 18, 2518.02, 20931976, 2630, 0, 0
8449, 123, 719, 1069, 2, 0, 4.01%, 0, 0, 18, 2456.70, 20944598, 2630, 0, 0
8454, 124, 1068, 1069, 2, 0, 4.01%, 0, 0, 18, 2514.10, 20957697, 2630, 0, 0
8459, 124, 885, 1070, 2, 0, 4.01%, 0, 0, 18, 2500.65, 20969844, 2630, 0, 0
8464, 124, 900, 1070, 2, 0, 4.01%, 0, 0, 18, 2372.63, 20981830, 2630, 0, 0
8470, 124, 853, 1070, 2, 0, 4.01%, 0, 0, 18, 2507.76, 20995020, 2630, 0, 0
8475, 124, 1058, 1070, 1, 0, 4.01%, 0, 0, 18, 2532.04, 21007956, 2630, 0, 0
8480, 124, 962, 1070, 1, 0, 4.01%, 0, 0, 18, 2558.87, 21020933, 2630, 0, 0
8485, 124, 619, 1070, 1, 0, 4.01%, 0, 0, 18, 2516.53, 21033705, 2630, 0, 0
8490, 124, 697, 1070, 1, 0, 4.01%, 0, 0, 18, 2517.30, 21046281, 2630, 0, 0
8495, 124, 804, 1070, 1, 0, 4.01%, 0, 0, 18, 2475.78, 21058625, 2630, 0, 0
8500, 124, 632, 1070, 0, 0, 4.01%, 0, 0, 18, 2485.52, 21071090, 2630, 0, 0
8505, 124, 402, 1070, 0, 0, 4.01%, 0, 0, 18, 2506.21, 21084116, 2630, 0, 0
8510, 124, 969, 1070, 0, 0, 4.01%, 0, 0, 18, 2543.20, 21096867, 2630, 0, 0
8515, 124, 5, 1070, 0, 0, 4.01%, 0, 0, 18, 2548.30, 21109694, 2630, 0, 0
8520, 124, 78, 1070, 0, 0, 4.01%, 0, 0, 18, 2545.17, 21122618, 2630, 0, 0
8525, 124, 813, 1070, 0, 0, 4.01%, 0, 0, 18, 2539.88, 21135293, 2630, 0, 0
8531, 124, 105, 1070, 0, 0, 4.01%, 0, 0, 18, 2545.30, 21148494, 2630, 0, 0
8536, 125, 424, 1070, 0, 0, 4.01%, 0, 0, 18, 2519.48, 21161443, 2630, 0, 0
8541, 125, 977, 1070, 0, 0, 4.01%, 0, 0, 18, 2536.48, 21174267, 2630, 0, 0
8546, 125, 774, 1070, 0, 0, 4.01%, 0, 0, 18, 2444.91, 21186458, 2630, 0, 0
8551, 125, 689, 1070, 0, 0, 4.01%, 0, 0, 18, 2524.28, 21199218, 2630, 0, 0
8556, 125, 663, 1070, 0, 0, 4.01%, 0, 0, 18, 2526.43, 21211892, 2630, 0, 0
8561, 125, 909, 1070, 0, 0, 4.01%, 0, 0, 18, 2584.00, 21224850, 2630, 0, 0
8566, 125, 1007, 1070, 0, 0, 4.01%, 0, 0, 18, 2493.36, 21237318, 2630, 0, 0
8571, 125, 155, 1070, 0, 0, 4.01%, 0, 0, 18, 2460.05, 21249966, 2630, 0, 0
8576, 125, 998, 1070, 0, 0, 4.01%, 0, 0, 18, 2499.64, 21262612, 2630, 0, 0
8581, 125, 583, 1070, 0, 0, 4.01%, 0, 0, 18, 2529.72, 21275793, 2630, 0, 0
8587, 125, 715, 1070, 0, 0, 4.01%, 0, 0, 18, 2540.60, 21288968, 2630, 0, 0
8592, 125, 379, 1070, 0, 0, 4.01%, 0, 0, 18, 2548.03, 21301843, 2630, 0, 0
8597, 125, 108, 1070, 0, 0, 4.01%, 0, 0, 18, 2566.08, 21314742, 2630, 0, 0
8602, 125, 602, 1070, 0, 0, 4.01%, 0, 0, 18, 2560.44, 21327542, 2630, 0, 0
8607, 125, 735, 1070, 0, 0, 4.01%, 0, 0, 18, 2551.09, 21340270, 2630, 0, 0
8612, 126, 572, 1070, 0, 0, 4.01%, 0, 0, 18, 2523.98, 21353368, 2630, 0, 0
8617, 126, 537, 1070, 0, 0, 4.01%, 0, 0, 18, 2563.30, 21366295, 2630, 0, 0
8622, 126, 177, 1070, 0, 0, 4.01%, 0, 0, 18, 2552.04, 21379119, 2630, 0, 0
8627, 126, 672, 1070, 0, 0, 4.01%, 0, 0, 18, 2536.41, 21391868, 2630, 0, 0
8632, 126, 816, 1070, 0, 0, 4.01%, 0, 0, 18, 2473.43, 21404339, 2630, 0, 0
8637, 126, 184, 1070, 0, 0, 4.01%, 0, 0, 18, 2502.88, 21417078, 2630, 0, 0
8642, 126, 600, 1070, 0, 0, 4.01%, 0, 0, 18, 2481.51, 21429499, 2630, 0, 0
8647, 126, 997, 1070, 0, 0, 4.01%, 0, 0, 18, 2544.87, 21442354, 2630, 0, 0
8652, 126, 279, 1070, 0, 0, 4.01%, 0, 0, 18, 2464.58, 21454678, 2630, 0, 0
8657, 126, 823, 1070, 0, 0, 4.01%, 0, 0, 18, 2519.39, 21467503, 2630, 0, 0
8662, 126, 522, 1070, 0, 0, 4.01%, 0, 0, 18, 2528.27, 21480154, 2630, 0, 0
8667, 126, 536, 1070, 0, 0, 4.01%, 0, 0, 18, 2527.07, 21493104, 2630, 0, 0
8672, 126, 604, 1070, 0, 0, 4.01%, 0, 0, 18, 2532.03, 21506004, 2630, 0, 0
8677, 126, 1007, 1070, 0, 0, 4.01%, 0, 0, 18, 2525.30, 21518715, 2630, 0, 0
8682, 126, 479, 1070, 0, 0, 4.01%, 0, 0, 18, 2516.89, 21531339, 2630, 0, 0
8688, 127, 781, 1070, 0, 0, 4.01%, 0, 0, 18, 2542.43, 21544114, 2630, 0, 0
8693, 127, 1007, 1070, 0, 0, 4.01%, 0, 0, 18, 2438.32, 21556414, 2630, 0, 0
8698, 127, 805, 1070, 0, 0, 4.01%, 0, 0, 18, 2522.22, 21569045, 2630, 0, 0
8703, 127, 997, 1070, 0, 0, 4.01%, 0, 0, 18, 2465.53, 21581519, 2630, 0, 0
8708, 127, 787, 1070, 0, 0, 4.01%, 0, 0, 18, 2526.43, 21594320, 2630, 0, 0
8713, 127, 895, 1070, 0, 0, 4.01%, 0, 0, 18, 2510.89, 21606795, 2630, 0, 0
8718, 127, 524, 1070, 0, 0, 4.01%, 0, 0, 18, 2405.54, 21618719, 2630, 0, 0
8723, 127, 823, 1070, 0, 0, 4.01%, 0, 0, 18, 2500.53, 21631369, 2630, 0, 0
8728, 127, 882, 1070, 0, 0, 4.01%, 0, 0, 18, 2532.26, 21644194, 2630, 0, 0
8733, 127, 896, 1070, 0, 0, 4.01%, 0, 0, 18, 2489.99, 21656767, 2630, 0, 0
8738, 127, 71, 1070, 0, 0, 4.01%, 0, 0, 18, 2509.35, 21669370, 2630, 0, 0
8743, 127, 735, 1070, 0, 0, 4.01%, 0, 0, 18, 2521.09, 21682170, 2630, 0, 0
8748, 127, 481, 1070, 0, 0, 4.01%, 0, 0, 18, 2499.68, 21694744, 2630, 0, 0
8753, 127, 689, 1070, 0, 0, 4.01%, 0, 0, 18, 2483.92, 21707189, 2630, 0, 0
8758, 127, 199, 1070, 0, 0, 4.01%, 0, 0, 18, 2532.63, 21720020, 2630, 0, 0
8763, 127, 774, 1070, 0, 0, 4.01%, 0, 0, 18, 2484.70, 21732419, 2630, 0, 0
8768, 128, 5, 1070, 0, 0, 4.01%, 0, 0, 18, 2510.50, 21745070, 2630, 0, 0
8773, 128, 563, 1071, 1, 0, 4.01%, 0, 0, 18, 2440.38, 21757325, 2630, 0, 0
8778, 128, 719, 1071, 1, 0, 4.01%, 0, 0, 18, 2530.37, 21770178, 2630, 0, 0
8783, 128, 549, 1071, 1, 0, 4.01%, 0, 0, 18, 2554.38, 21783130, 2630, 0, 0
8788, 128, 486, 1071, 1, 0, 4.01%, 0, 0, 18, 2539.25, 21796028, 2630, 0, 0
8793, 128, 800, 1071, 1, 0, 4.01%, 0, 0, 18, 2507.33, 21809002, 2630, 0, 0
8799, 128, 997, 1071, 1, 0, 4.01%, 0, 0, 18, 2532.31, 21821803, 2630, 0, 0
8804, 128, 1070, 1071, 1, 0, 4.01%, 0, 0, 18, 2257.60, 21832405, 2630, 0, 0
8809, 128, 900, 1071, 0, 0, 4.01%, 0, 0, 18, 2432.89, 21844570, 2630, 0, 0
8814, 128, 547, 1071, 0, 0, 4.01%, 0, 0, 18, 2517.87, 21857705, 2630, 0, 0
8819, 128, 793, 1071, 0, 0, 4.01%, 0, 0, 18, 2510.69, 21870305, 2630, 0, 0
8824, 128, 780, 1071, 0, 0, 4.01%, 0, 0, 18, 2495.61, 21882905, 2630, 0, 0
8829, 128, 736, 1071, 0, 0, 4.01%, 0, 0, 18, 2496.44, 21895326, 2630, 0, 0
8834, 128, 402, 1071, 0, 0, 4.01%, 0, 0, 18, 2534.82, 21908054, 2630, 0, 0
8839, 128, 882, 1071, 0, 0, 4.01%, 0, 0, 18, 2550.54, 21920833, 2630, 0, 0
8844, 129, 1058, 1071, 0, 0, 4.01%, 0, 0, 18, 2523.49, 21933455, 2630, 0, 0
8849, 129, 139, 1071, 0, 0, 4.01%, 0, 0, 18, 2504.02, 21946103, 2630, 0, 0
8855, 129, 358, 1071, 0, 0, 4.01%, 0, 0, 18, 2553.92, 21959004, 2630, 0, 0
8860, 129, 10, 1071, 0, 0, 4.01%, 0, 0, 18, 2519.88, 21972054, 2630, 0, 0
8865, 129, 1058, 1071, 0, 0, 4.01%, 0, 0, 18, 2531.95, 21984780, 2630, 0, 0
8870, 129, 682, 1071, 0, 0, 4.01%, 0, 0, 18, 2492.90, 21997275, 2630, 0, 0
8875, 129, 373, 1071, 0, 0, 4.01%, 0, 0, 18, 2565.28, 22010333, 2630, 0, 0
8880, 129, 782, 1071, 0, 0, 4.01%, 0, 0, 18, 2533.77, 22023205, 2630, 0, 0
8885, 129, 548, 1071, 0, 0, 4.01%, 0, 0, 18, 2511.14, 22035905, 2630, 0, 0
8890, 129, 508, 1071, 0, 0, 4.01%, 0, 0, 18, 2506.42, 22048530, 2630, 0, 0
8895, 129, 1000, 1071, 0, 0, 4.01%, 0, 0, 18, 2464.50, 22060404, 2630, 0, 0
8900, 129, 355, 1071, 0, 0, 4.01%, 0, 0, 18, 2516.13, 22073229, 2630, 0, 0
8905, 129, 287, 1071, 0, 0, 4.01%, 0, 0, 18, 2393.89, 22085401, 2630, 0, 0
8910, 129, 649, 1071, 0, 0, 4.01%, 0, 0, 18, 2500.40, 22098130, 2630, 0, 0
8915, 129, 672, 1071, 0, 0, 4.01%, 0, 0, 18, 2510.34, 22110755, 2630, 0, 0
8920, 130, 712, 1071, 0, 0, 4.01%, 0, 0, 18, 2344.67, 22122740, 2630, 0, 0
8925, 130, 569, 1071, 0, 0, 4.01%, 0, 0, 18, 2490.78, 22135428, 2630, 0, 0
8931, 130, 226, 1071, 0, 0, 4.01%, 0, 0, 18, 2510.78, 22148529, 2630, 0, 0
8936, 130, 580, 1071, 0, 0, 4.01%, 0, 0, 18, 2517.42, 22161575, 2630, 0, 0
8941, 130, 121, 1071, 0, 0, 4.01%, 0, 0, 18, 2499.98, 22174176, 2630, 0, 0
8946, 130, 697, 1071, 0, 0, 4.01%, 0, 0, 18, 2511.71, 22186876, 2630, 0, 0
8951, 130, 549, 1071, 0, 0, 4.01%, 0, 0, 18, 2499.10, 22199398, 2630, 0, 0
8956, 130, 782, 1071, 0, 0, 4.01%, 0, 0, 18, 2489.69, 22211921, 2630, 0, 0
8961, 130, 167, 1071, 0, 0, 4.01%, 0, 0, 18, 2497.91, 22224499, 2630, 0, 0
8966, 130, 578, 1071, 0, 0, 4.01%, 0, 0, 18, 2527.49, 22237176, 2630, 0, 0
8971, 130, 524, 1071, 0, 0, 4.01%, 0, 0, 18, 2519.81, 22249896, 2630, 0, 0
8976, 130, 936, 1071, 0, 0, 4.01%, 0, 0, 18, 2504.64, 22262446, 2630, 0, 0
8981, 130, 257, 1071, 0, 0, 4.01%, 0, 0, 18, 2519.77, 22275121, 2630, 0, 0
8986, 130, 750, 1071, 0, 0, 4.01%, 0, 0, 18, 2420.55, 22287326, 2630, 0, 0
8991, 130, 553, 1071, 0, 0, 4.01%, 0, 0, 18, 2496.29, 22299961, 2630, 0, 0
8996, 130, 787, 1071, 0, 0, 4.01%, 0, 0, 18, 2495.67, 22312460, 2630, 0, 0
9001, 131, 527, 1071, 0, 0, 4.01%, 0, 0, 18, 2504.89, 22325139, 2630, 0, 0
9006, 131, 1064, 1071, 0, 0, 4.01%, 0, 0, 18, 2449.71, 22337711, 2630, 0, 0
9012, 131, 288, 1071, 0, 0, 4.01%, 0, 0, 18, 2492.13, 22350609, 2630, 0, 0
9017, 131, 969, 1071, 0, 0, 4.01%, 0, 0, 18, 2399.13, 22362940, 2630, 0, 0
9022, 131, 711, 1071, 0, 0, 4.01%, 0, 0, 18, 2441.14, 22375349, 2630, 0, 0
9027, 131, 537, 1071, 0, 0, 4.01%, 0, 0, 18, 2460.14, 22388016, 2630, 0, 0
9032, 131, 782, 1071, 0, 0, 4.01%, 0, 0, 18, 2457.96, 22400395, 2630, 0, 0
9037, 131, 689, 1071, 0, 0, 4.01%, 0, 0, 18, 2487.42, 22413404, 2630, 0, 0
9042, 131, 625, 1071, 0, 0, 4.01%, 0, 0, 18, 2513.17, 22426535, 2630, 0, 0
9047, 131, 933, 1071, 0, 0, 4.01%, 0, 0, 18, 2476.01, 22438983, 2630, 0, 0
9052, 131, 775, 1071, 0, 0, 4.01%, 0, 0, 18, 2480.23, 22451420, 2630, 0, 0
9057, 131, 358, 1072, 1, 0, 4.01%, 0, 0, 18, 2242.00, 22462850, 2630, 0, 0
9062, 131, 909, 1072, 1, 0, 4.01%, 0, 0, 18, 2416.61, 22475371, 2630, 0, 0
9067, 131, 998, 1072, 1, 0, 4.01%, 0, 0, 18, 2492.44, 22488001, 2630, 0, 0
9072, 131, 851, 1072, 1, 0, 4.01%, 0, 0, 18, 2499.26, 22500530, 2630, 0, 0
9078, 131, 1071, 1072, 1, 0, 4.01%, 0, 0, 18, 2210.77, 22509817, 2630, 0, 0
9083, 131, 628, 1072, 0, 0, 4.01%, 0, 0, 18, 2460.59, 22522832, 2630, 0, 0
9088, 132, 965, 1072, 0, 0, 4.01%, 0, 0, 18, 2511.47, 22536037, 2630, 0, 0
9093, 132, 1043, 1072, 0, 0, 4.01%, 0, 0, 18, 2442.60, 22548357, 2630, 0, 0
9098, 132, 630, 1072, 0, 0, 4.01%, 0, 0, 18, 2441.13, 22560655, 2630, 0, 0
9103, 132, 231, 1072, 0, 0, 4.01%, 0, 0, 18, 2491.52, 22573312, 2630, 0, 0
9108, 132, 192, 1072, 0, 0, 4.01%, 0, 0, 18, 1551.25, 22585121, 2630, 0, 0
9113, 132, 108, 1072, 0, 0, 4.01%, 0, 0, 18, 2322.47, 22598159, 2630, 0, 0
9118, 132, 525, 1072, 0, 0, 4.01%, 0, 0, 18, 2521.13, 22610988, 2630, 0, 0
9123, 132, 603, 1072, 0, 0, 4.01%, 0, 0, 18, 2513.51, 22623512, 2630, 0, 0
9128, 132, 853, 1072, 0, 0, 4.01%, 0, 0, 18, 2542.33, 22636338, 2630, 0, 0
9134, 132, 236, 1072, 0, 0, 4.01%, 0, 0, 18, 2519.00, 22649263, 2630, 0, 0
9139, 132, 1053, 1073, 1, 0, 4.01%, 0, 0, 18, 2330.18, 22661237, 2630, 0, 0
9144, 132, 962, 1073, 1, 0, 4.01%, 0, 0, 18, 2449.98, 22673432, 2630, 0, 0
9149, 132, 609, 1073, 1, 0, 4.01%, 0, 0, 18, 2487.02, 22685936, 2630, 0, 0
9155, 132, 1072, 1074, 2, 0, 4.01%, 0, 0, 18, 2333.66, 22698544, 2630, 0, 0
9162, 132, 1073, 1074, 1, 0, 4.01%, 0, 0, 18, 2201.36, 22712470, 2630, 0, 0
9167, 132, 719, 1074, 0, 0, 4.01%, 0, 0, 18, 2472.08, 22725469, 2630, 0, 0
9172, 133, 1060, 1074, 0, 0, 4.01%, 0, 0, 18, 2501.12, 22738184, 2630, 0, 0
9177, 133, 997, 1074, 0, 0, 4.01%, 0, 0, 18, 2471.60, 22750496, 2630, 0, 0
9182, 133, 1033, 1074, 0, 0, 4.01%, 0, 0, 18, 2491.48, 22763600, 2630, 0, 0
9187, 133, 624, 1074, 0, 0, 4.01%, 0, 0, 18, 2464.71, 22775419, 2630, 0, 0
9192, 133, 1069, 1074, 0, 0, 4.01%, 0, 0, 18, 2494.08, 22788150, 2630, 0, 0
9197, 133, 823, 1074, 0, 0, 4.01%, 0, 0, 18, 2484.50, 22800549, 2630, 0, 0
9202, 133, 604, 1074, 0, 0, 4.01%, 0, 0, 18, 2504.20, 22813250, 2630, 0, 0
9207, 133, 1004, 1074, 0, 0, 4.01%, 0, 0, 18, 2550.23, 22826125, 2630, 0, 0
9212, 133, 909, 1074, 0, 0, 4.01%, 0, 0, 18, 2530.69, 22838925, 2630, 0, 0
9217, 133, 851, 1074, 0, 0, 4.01%, 0, 0, 18, 2495.31, 22851499, 2630, 0, 0
9222, 133, 689, 1074, 0, 0, 4.01%, 0, 0, 18, 2533.22, 22864275, 2630, 0, 0
9227, 133, 714, 1074, 0, 0, 4.01%, 0, 0, 18, 2526.01, 22877050, 2630, 0, 0
9233, 133, 633, 1074, 0, 0, 4.01%, 0, 0, 18, 2542.24, 22889925, 2630, 0, 0
9238, 133, 62, 1074, 0, 0, 4.01%, 0, 0, 18, 2522.24, 22902599, 2630, 0, 0
9243, 133, 787, 1074, 0, 0, 4.01%, 0, 0, 18, 2456.64, 22915223, 2630, 0, 0
9248, 133, 900, 1074, 0, 0, 4.01%, 0, 0, 18, 2528.83, 22927950, 2630, 0, 0
9253, 134, 882, 1074, 0, 0, 4.01%, 0, 0, 18, 2535.03, 22941109, 2630, 0, 0
9258, 134, 600, 1074, 0, 0, 4.01%, 0, 0, 18, 2534.38, 22953934, 2630, 0, 0
9263, 134, 633, 1074, 0, 0, 4.01%, 0, 0, 18, 2421.37, 22965655, 2630, 0, 0
9268, 134, 553, 1074, 0, 0, 4.01%, 0, 0, 18, 2456.44, 22977808, 2630, 0, 0
9273, 134, 600, 1075, 1, 0, 4.01%, 0, 0, 18, 2332.41, 22989315, 2630, 0, 0
9278, 134, 936, 1075, 1, 0, 4.01%, 0, 0, 18, 2507.12, 23002085, 2630, 0, 0
9283, 134, 138, 1075, 1, 0, 4.01%, 0, 0, 18, 2511.23, 23015010, 2630, 0, 0
9288, 134, 583, 1075, 1, 0, 4.01%, 0, 0, 18, 2540.07, 23028285, 2630, 0, 0
9293, 134, 774, 1075, 1, 0, 4.01%, 0, 0, 18, 2506.06, 23040985, 2630, 0, 0
9299, 134, 161, 1075, 1, 0, 4.01%, 0, 0, 18, 2504.11, 23053484, 2630, 0, 0
9304, 134, 56, 1075, 1, 0, 4.01%, 0, 0, 18, 2510.94, 23066210, 2630, 0, 0
9309, 134, 93, 1075, 1, 0, 4.01%, 0, 0, 18, 2509.48, 23078810, 2630, 0, 0
9314, 134, 287, 1076, 2, 0, 4.01%, 0, 0, 18, 2464.60, 23091491, 2630, 0, 0
9319, 134, 969, 1076, 2, 0, 4.01%, 0, 0, 18, 2495.43, 23104186, 2630, 0, 0
9324, 134, 1039, 1076, 2, 0, 4.01%, 0, 0, 18, 2505.20, 23116842, 2630, 0, 0
9329, 135, 512, 1076, 2, 0, 4.01%, 0, 0, 18, 2524.05, 23130041, 2630, 0, 0
9334, 135, 989, 1076, 2, 0, 4.01%, 0, 0, 18, 2444.17, 23142180, 2630, 0, 0
9339, 135, 693, 1077, 2, 0, 4.01%, 0, 0, 18, 2479.73, 23154674, 2630, 0, 0
9344, 135, 286, 1077, 2, 0, 4.01%, 0, 0, 18, 2469.64, 23167174, 2630, 0, 0
9349, 135, 843, 1078, 2, 0, 4.01%, 0, 0, 18, 2526.80, 23180036, 2630, 0, 0
9354, 135, 1053, 1078, 2, 0, 4.01%, 0, 0, 18, 2530.70, 23192786, 2630, 0, 0
9360, 135, 1058, 1078, 2, 0, 4.01%, 0, 0, 18, 2543.16, 23205997, 2630, 0, 0
9365, 135, 42, 1078, 2, 0, 4.01%, 0, 0, 18, 2510.58, 23218647, 2630, 0, 0
9370, 135, 760, 1078, 1, 0, 4.01%, 0, 0, 18, 2514.12, 23231636, 2630, 0, 0
9375, 135, 106, 1078, 1, 0, 4.01%, 0, 0, 18, 2491.50, 23244160, 2630, 0, 0
9380, 135, 904, 1078, 1, 0, 4.01%, 0, 0, 18, 2536.54, 23256880, 2630, 0, 0
9385, 135, 257, 1078, 1, 0, 4.01%, 0, 0, 18, 2496.83, 23269429, 2630, 0, 0
9390, 135, 779, 1078, 1, 0, 4.01%, 0, 0, 18, 2522.13, 23282556, 2630, 0, 0
9395, 135, 589, 1078, 1, 0, 4.01%, 0, 0, 18, 2531.88, 23295706, 2630, 0, 0
9400, 135, 738, 1078, 1, 0, 4.01%, 0, 0, 18, 2492.78, 23308231, 2630, 0, 0
9405, 135, 1066, 1078, 1, 0, 4.01%, 0, 0, 18, 2452.09, 23320646, 2630, 0, 0
9410, 136, 373, 1079, 2, 0, 4.01%, 0, 0, 18, 2516.45, 23333813, 2630, 0, 0
9416, 136, 811, 1079, 2, 0, 4.01%, 0, 0, 18, 2501.73, 23346438, 2630, 0, 0
9421, 136, 531, 1079, 2, 0, 4.01%, 0, 0, 18, 2345.28, 23358430, 2630, 0, 0
9426, 136, 102, 1079, 2, 0, 4.01%, 0, 0, 18, 2483.90, 23371387, 2630, 0, 0
9431, 136, 420, 1079, 2, 0, 4.01%, 0, 0, 18, 2457.66, 23384015, 2630, 0, 0
9436, 136, 606, 1079, 1, 0, 4.01%, 0, 0, 18, 2467.75, 23396183, 2630, 0, 0
9441, 136, 396, 1079, 1, 0, 4.01%, 0, 0, 18, 2373.86, 23408425, 2630, 0, 0
9446, 136, 603, 1079, 1, 0, 4.01%, 0, 0, 18, 2478.94, 23421155, 2630, 0, 0
9451, 136, 900, 1079, 1, 0, 4.01%, 0, 0, 18, 2490.41, 23433680, 2630, 0, 0
9456, 136, 61, 1079, 1, 0, 4.01%, 0, 0, 18, 2541.97, 23446934, 2630, 0, 0
9463, 136, 1074, 1079, 1, 0, 4.01%, 0, 0, 18, 2382.23, 23461061, 2630, 0, 0
9468, 136, 781, 1079, 0, 0, 4.01%, 0, 0, 18, 2462.11, 23473310, 2630, 0, 0
9473, 136, 508, 1079, 0, 0, 4.01%, 0, 0, 18, 2459.84, 23485857, 2630, 0, 0
9478, 136, 936, 1079, 0, 0, 4.01%, 0, 0, 18, 2483.45, 23498409, 2630, 0, 0
9483, 136, 650, 1079, 0, 0, 4.01%, 0, 0, 18, 2319.58, 23510204, 2630, 0, 0
9488, 136, 12, 1079, 0, 0, 4.01%, 0, 0, 18, 2470.14, 23522854, 2630, 0, 0
9493, 137, 843, 1079, 0, 0, 4.01%, 0, 0, 18, 2485.49, 23535429, 2630, 0, 0
9498, 137, 396, 1079, 0, 0, 4.01%, 0, 0, 18, 2482.47, 23547827, 2630, 0, 0
9503, 137, 103, 1079, 0, 0, 4.01%, 0, 0, 18, 2518.15, 23560679, 2630, 0, 0
9508, 137, 760, 1079, 0, 0, 4.01%, 0, 0, 18, 2497.29, 23573251, 2630, 0, 0
9513, 137, 774, 1079, 0, 0, 4.01%, 0, 0, 18, 2504.85, 23586005, 2630, 0, 0
9518, 137, 969, 1079, 0, 0, 4.01%, 0, 0, 18, 2512.46, 23598680, 2630, 0, 0
9523, 137, 853, 1079, 0, 0, 4.01%, 0, 0, 18, 2542.61, 23611555, 2630, 0, 0
9528, 137, 665, 1079, 0, 0, 4.01%, 0, 0, 18, 2494.67, 23623951, 2630, 0, 0
9533, 137, 782, 1079, 0, 0, 4.01%, 0, 0, 18, 2435.98, 23636518, 2630, 0, 0
9538, 137, 781, 1079, 0, 0, 4.01%, 0, 0, 18, 2499.25, 23649196, 2630, 0, 0
9543, 137, 295, 1079, 0, 0, 4.01%, 0, 0, 18, 2514.26, 23661873, 2630, 0, 0
9548, 137, 553, 1079, 0, 0, 4.01%, 0, 0, 18, 2535.84, 23674549, 2630, 0, 0
9553, 137, 1041, 1079, 0, 0, 4.01%, 0, 0, 18, 2508.79, 23687349, 2630, 0, 0
9558, 137, 851, 1079, 0, 0, 4.01%, 0, 0, 18, 2433.07, 23699364, 2630, 0, 0
9563, 137, 762, 1079, 0, 0, 4.01%, 0, 0, 18, 2476.87, 23712148, 2630, 0, 0
9568, 138, 548, 1079, 0, 0, 4.01%, 0, 0, 18, 2491.19, 23724645, 2630, 0, 0
9574, 138, 950, 1079, 0, 0, 4.01%, 0, 0, 18, 2485.23, 23737598, 2630, 0, 0
9579, 138, 936, 1079, 0, 0, 4.01%, 0, 0, 18, 2514.80, 23750298, 2630, 0, 0
9584, 138, 729, 1079, 0, 0, 4.01%, 0, 0, 18, 2532.39, 23763099, 2630, 0, 0
9589, 138, 735, 1079, 0, 0, 4.01%, 0, 0, 18, 2533.82, 23775724, 2630, 0, 0
9594, 138, 158, 1079, 0, 0, 4.01%, 0, 0, 18, 2546.12, 23788798, 2630, 0, 0
9599, 138, 440, 1079, 0, 0, 4.01%, 0, 0, 18, 2492.44, 23801272, 2630, 0, 0
9604, 138, 843, 1079, 0, 0, 4.01%, 0, 0, 18, 2518.86, 23813949, 2630, 0, 0
9609, 138, 738, 1079, 0, 0, 4.01%, 0, 0, 18, 2494.87, 23826422, 2630, 0, 0
9614, 138, 236, 1080, 1, 0, 4.01%, 0, 0, 18, 2495.44, 23839029, 2630, 0, 0
9619, 138, 316, 1080, 1, 0, 4.01%, 0, 0, 18, 2525.15, 23851680, 2630, 0, 0
9624, 138, 722, 1080, 1, 0, 4.01%, 0, 0, 18, 2519.58, 23864330, 2630, 0, 0
9629, 138, 726, 1080, 1, 0, 4.01%, 0, 0, 18, 2499.16, 23876906, 2630, 0, 0
9634, 138, 998, 1080, 0, 0, 4.01%, 0, 0, 18, 2443.40, 23889353, 2630, 0, 0
9639, 138, 969, 1080, 0, 0, 4.01%, 0, 0, 18, 2508.66, 23901953, 2630, 0, 0
9644, 139, 997, 1081, 0, 0, 4.01%, 0, 0, 18, 2527.33, 23914890, 2630, 0, 0
9649, 139, 606, 1081, 0, 0, 4.01%, 0, 0, 18, 2373.98, 23927115, 2630, 0, 0
9654, 139, 537, 1081, 0, 0, 4.01%, 0, 0, 18, 2494.41, 23939868, 2630, 0, 0
9659, 139, 738, 1081, 0, 0, 4.01%, 0, 0, 18, 2485.30, 23952318, 2630, 0, 0
9665, 139, 828, 1081, 0, 0, 4.01%, 0, 0, 18, 2474.65, 23964965, 2630, 0, 0
9670, 139, 609, 1081, 0, 0, 4.01%, 0, 0, 18, 2527.96, 23977596, 2630, 0, 0
9675, 139, 236, 1081, 0, 0, 4.01%, 0, 0, 18, 2545.15, 23990496, 2630, 0, 0
9680, 139, 317, 1081, 0, 0, 4.01%, 0, 0, 18, 2519.51, 24003421, 2630, 0, 0
9685, 139, 853, 1081, 0, 0, 4.01%, 0, 0, 18, 2321.30, 24014755, 2630, 0, 0
9690, 139, 933, 1081, 0, 0, 4.01%, 0, 0, 18, 2452.52, 24027169, 2630, 0, 0
9695, 139, 663, 1081, 0, 0, 4.01%, 0, 0, 18, 2528.20, 24040045, 2630, 0, 0
9700, 139, 379, 1081, 0, 0, 4.01%, 0, 0, 18, 2547.13, 24052823, 2630, 0, 0
9705, 139, 358, 1081, 0, 0, 4.01%, 0, 0, 18, 2513.16, 24065846, 2630, 0, 0
9710, 139, 979, 1081, 0, 0, 4.01%, 0, 0, 18, 2519.48, 24078821, 2630, 0, 0
9715, 139, 782, 1081, 0, 0, 4.01%, 0, 0, 18, 2575.68, 24091876, 2630, 0, 0
9721, 140, 537, 1081, 0, 0, 4.01%, 0, 0, 18, 2506.57, 24104420, 2630, 0, 0
9726, 140, 1071, 1081, 0, 0, 4.01%, 0, 0, 18, 2256.59, 24116233, 2630, 0, 0
9731, 140, 609, 1081, 0, 0, 4.01%, 0, 0, 18, 2419.34, 24128387, 2630, 0, 0
9736, 140, 537, 1082, 1, 0, 4.01%, 0, 0, 18, 2489.11, 24141370, 2630, 0, 0
9741, 140, 591, 1082, 1, 0, 4.01%, 0, 0, 18, 2481.97, 24153922, 2630, 0, 0
9746, 140, 524, 1082, 0, 0, 4.01%, 0, 0, 18, 2488.01, 24166724, 2630, 0, 0
9751, 140, 278, 1082, 0, 0, 4.01%, 0, 0, 18, 2547.05, 24179528, 2630, 0, 0
9756, 140, 572, 1082, 0, 0, 4.01%, 0, 0, 18, 2496.97, 24192002, 2630, 0, 0
9761, 140, 882, 1082, 0, 0, 4.01%, 0, 0, 18, 2492.08, 24204947, 2630, 0, 0
9766, 140, 278, 1082, 0, 0, 4.01%, 0, 0, 18, 2406.40, 24217018, 2630, 0, 0
9771, 140, 936, 1082, 0, 0, 4.01%, 0, 0, 18, 2492.82, 24229741, 2630, 0, 0
9776, 140, 781, 1082, 0, 0, 4.01%, 0, 0, 18, 2507.53, 24242447, 2630, 0, 0
9781, 140, 998, 1082, 0, 0, 4.01%, 0, 0, 18, 2463.56, 24254791, 2630, 0, 0
9786, 140, 857, 1082, 0, 0, 4.01%, 0, 0, 18, 2485.23, 24267446, 2630, 0, 0
9792, 140, 606, 1082, 0, 0, 4.01%, 0, 0, 18, 2502.80, 24280321, 2630, 0, 0
9797, 140, 909, 1082, 0, 0, 4.01%, 0, 0, 18, 2476.34, 24293017, 2630, 0, 0
9802, 141, 167, 1082, 0, 0, 4.01%, 0, 0, 18, 2514.82, 24305672, 2630, 0, 0
9807, 141, 787, 1082, 0, 0, 4.01%, 0, 0, 18, 2485.32, 24318545, 2630, 0, 0
9812, 141, 628, 1082, 0, 0, 4.01%, 0, 0, 18, 2508.14, 24331647, 2630, 0, 0
9817, 141, 1054, 1082, 0, 0, 4.01%, 0, 0, 18, 2500.69, 24344197, 2630, 0, 0
9822, 141, 1082, 1101, 19, 1, 4.05%, 0, 0, 18, 2446.23, 24356399, 2653, 0, 0
9827, 141, 1099, 1120, 36, 3, 4.05%, 0, 0, 19, 2494.96, 24369229, 2655, 0, 0
9832, 141, 1099, 1122, 38, 3, 4.05%, 0, 0, 19, 2559.24, 24382072, 2655, 0, 0
9837, 141, 1099, 1124, 40, 3, 4.05%, 0, 0, 19, 2545.33, 24394874, 2655, 0, 0
9842, 141, 1099, 1128, 44, 3, 4.05%, 0, 0, 19, 2582.22, 24407819, 2656, 0, 0
9848, 141, 1111, 1129, 43, 4, 4.05%, 0, 0, 20, 2482.38, 24420652, 2656, 0, 0
9853, 141, 1128, 1133, 45, 2, 4.05%, 0, 0, 21, 2581.62, 24433894, 2656, 0, 0
9858, 141, 1086, 1136, 45, 0, 4.05%, 0, 0, 21, 2455.98, 24446103, 2656, 0, 0
9863, 141, 1095, 1139, 47, 0, 4.05%, 0, 0, 21, 2411.03, 24456458, 2656, 0, 0
9868, 141, 882, 1139, 44, 0, 4.05%, 0, 0, 21, 2316.85, 24467497, 2656, 0, 0
9873, 141, 1130, 1139, 43, 0, 4.05%, 0, 0, 21, 2303.27, 24478859, 2656, 0, 0
9878, 141, 1127, 1140, 43, 0, 4.06%, 0, 0, 21, 1900.65, 24486067, 2659, 0, 0
9883, 141, 1144, 1153, 54, 2, 4.06%, 0, 0, 21, 2152.67, 24494698, 2660, 0, 0
9889, 141, 1153, 1157, 57, 1, 4.07%, 0, 0, 22, 1595.40, 24500644, 2665, 0, 0
9894, 141, 1148, 1157, 56, 3, 4.07%, 0, 0, 22, 1450.25, 24508186, 2665, 0, 0
9899, 141, 1157, 1168, 65, 2, 4.07%, 0, 0, 24, 1534.93, 24515189, 2665, 0, 0
9904, 141, 1168, 1170, 65, 1, 4.07%, 0, 0, 25, 1765.68, 24524975, 2665, 0, 0
9909, 141, 1151, 1172, 66, 0, 4.07%, 0, 0, 25, 1933.35, 24533711, 2665, 0, 0
9915, 141, 1169, 1172, 65, 0, 4.07%, 0, 0, 25, 2140.24, 24546006, 2665, 0, 0
9920, 141, 1094, 1172, 63, 0, 4.07%, 0, 0, 25, 2258.05, 24558135, 2665, 0, 0
9925, 141, 1142, 1173, 62, 0, 4.07%, 0, 0, 25, 2216.26, 24569660, 2665, 0, 0
9931, 141, 1156, 1173, 61, 0, 4.07%, 0, 0, 25, 1537.71, 24575398, 2665, 0, 0
9937, 141, 338, 1173, 59, 0, 4.07%, 0, 0, 25, 1709.27, 24582424, 2665, 0, 0
9942, 141, 672, 1173, 57, 0, 4.07%, 0, 0, 25, 1707.18, 24590031, 2665, 0, 0
9947, 141, 1168, 1173, 55, 0, 4.07%, 0, 0, 25, 2089.83, 24602101, 2665, 0, 0
9952, 141, 1161, 1173, 55, 0, 4.07%, 0, 0, 25, 2216.67, 24613784, 2665, 0, 0
9957, 141, 1160, 1173, 53, 0, 4.07%, 0, 0, 25, 2342.00, 24626589, 2665, 0, 0
9963, 141, 1004, 1173, 49, 0, 4.07%, 0, 0, 25, 2435.25, 24638892, 2665, 0, 0
9968, 141, 1098, 1174, 49, 0, 4.07%, 0, 0, 25, 2228.31, 24647239, 2665, 0, 0
9975, 141, 1159, 1174, 48, 0, 4.07%, 0, 0, 25, 2097.52, 24659152, 2665, 0, 0
9980, 141, 1141, 1174, 46, 0, 4.07%, 0, 0, 25, 2073.99, 24669803, 2665, 0, 0
9985, 141, 919, 1174, 45, 0, 4.07%, 0, 0, 25, 2234.16, 24678549, 2665, 0, 0
9991, 141, 1147, 1174, 44, 0, 4.07%, 0, 0, 25, 2324.17, 24692884, 2665, 0, 0
9998, 141, 1171, 1174, 43, 0, 4.07%, 0, 0, 25, 2416.46, 24709196, 2665, 0, 0
10003, 141, 609, 1174, 41, 0, 4.07%, 0, 0, 25, 2280.23, 24720486, 2665, 0, 0
10009, 141, 1125, 1174, 40, 0, 4.07%, 0, 0, 25, 2193.94, 24730051, 2665, 0, 0
10015, 141, 1120, 1174, 37, 0, 4.07%, 0, 0, 25, 2063.43, 24740779, 2665, 0, 0
10021, 141, 1158, 1174, 34, 0, 4.07%, 0, 0, 25, 2027.37, 24749339, 2665, 0, 0
10026, 141, 860, 1174, 30, 0, 4.07%, 0, 0, 25, 2218.58, 24760657, 2665, 0, 0
10031, 141, 501, 1174, 29, 0, 4.07%, 0, 0, 25, 2409.87, 24773066, 2665, 0, 0
10036, 141, 693, 1174, 28, 0, 4.07%, 0, 0, 25, 2438.70, 24784615, 2665, 0, 0
10041, 141, 900, 1174, 27, 0, 4.07%, 0, 0, 25, 2426.36, 24796631, 2665, 0, 0
10046, 141, 14, 1174, 24, 0, 4.07%, 0, 0, 25, 2471.12, 24809065, 2665, 0, 0
10053, 141, 1118, 1174, 22, 0, 4.07%, 0, 0, 25, 2318.08, 24819948, 2665, 0, 0
10058, 141, 122, 1174, 20, 0, 4.07%, 0, 0, 25, 2391.55, 24831938, 2665, 0, 0
10063, 141, 1132, 1174, 17, 0, 4.07%, 0, 0, 25, 2480.93, 24844848, 2665, 0, 0
10068, 141, 244, 1174, 15, 0, 4.07%, 0, 0, 25, 2447.55, 24856519, 2665, 0, 0
10074, 142, 1149, 1174, 15, 0, 4.07%, 0, 0, 25, 2380.33, 24869510, 2665, 0, 0
10079, 142, 1007, 1174, 13, 0, 4.07%, 0, 0, 25, 2304.73, 24878671, 2665, 0, 0
10085, 142, 1092, 1174, 13, 0, 4.07%, 0, 0, 25, 2409.66, 24891711, 2665, 0, 0
10090, 142, 76, 1174, 11, 0, 4.07%, 0, 0, 25, 2465.79, 24904408, 2665, 0, 0
10095, 142, 853, 1174, 10, 0, 4.07%, 0, 0, 25, 2458.02, 24915660, 2665, 0, 0
10100, 142, 802, 1174, 9, 0, 4.07%, 0, 0, 25, 2428.60, 24926487, 2665, 0, 0
10105, 142, 992, 1174, 9, 0, 4.07%, 0, 0, 25, 2426.21, 24939062, 2665, 0, 0
10111, 142, 989, 1174, 9, 0, 4.07%, 0, 0, 25, 2472.82, 24951913, 2665, 0, 0
10116, 142, 144, 1174, 9, 0, 4.07%, 0, 0, 25, 2494.65, 24964512, 2665, 0, 0
10121, 142, 42, 1174, 8, 0, 4.07%, 0, 0, 25, 2479.47, 24977265, 2665, 0, 0
10126, 142, 240, 1174, 8, 0, 4.07%, 0, 0, 25, 2478.16, 24990114, 2665, 0, 0
10131, 142, 537, 1174, 8, 0, 4.07%, 0, 0, 25, 2489.26, 25002607, 2665, 0, 0
10136, 142, 24, 1174, 8, 0, 4.07%, 0, 0, 25, 2466.54, 25015085, 2665, 0, 0
10141, 142, 780, 1174, 7, 0, 4.07%, 0, 0, 25, 2399.63, 25027129, 2665, 0, 0
10146, 142, 375, 1174, 7, 0, 4.07%, 0, 0, 25, 2460.79, 25039678, 2665, 0, 0
10151, 142, 102, 1174, 6, 0, 4.07%, 0, 0, 25, 2475.77, 25052553, 2665, 0, 0
10157, 142, 997, 1174, 6, 0, 4.07%, 0, 0, 25, 2527.46, 25065405, 2665, 0, 0
10163, 142, 1116, 1174, 5, 0, 4.07%, 0, 0, 25, 2374.49, 25077354, 2665, 0, 0
10168, 142, 501, 1174, 4, 0, 4.07%, 0, 0, 25, 2425.69, 25089677, 2665, 0, 0
10173, 143, 591, 1174, 4, 0, 4.07%, 0, 0, 25, 2396.57, 25101901, 2665, 0, 0
10178, 143, 240, 1174, 4, 0, 4.07%, 0, 0, 25, 2459.77, 25114427, 2665, 0, 0
10183, 143, 663, 1174, 4, 0, 4.07%, 0, 0, 25, 2416.58, 25126727, 2665, 0, 0
10188, 143, 481, 1174, 4, 0, 4.07%, 0, 0, 25, 2446.17, 25139126, 2665, 0, 0
10193, 143, 851, 1174, 4, 0, 4.07%, 0, 0, 25, 2411.99, 25151202, 2665, 0, 0
10198, 143, 936, 1174, 4, 0, 4.07%, 0, 0, 25, 2477.87, 25163746, 2665, 0, 0
10203, 143, 1168, 1174, 3, 0, 4.07%, 0, 0, 25, 2439.38, 25176034, 2665, 0, 0
10208, 143, 816, 1174, 3, 0, 4.07%, 0, 0, 25, 2476.91, 25188261, 2665, 0, 0
10213, 143, 593, 1175, 4, 0, 4.07%, 0, 0, 25, 2473.10, 25200570, 2665, 0, 0
10219, 143, 1174, 1175, 4, 0, 4.07%, 0, 0, 25, 438.22, 25204607, 2665, 0, 0
10224, 143, 353, 1175, 3, 0, 4.07%, 0, 0, 25, 1957.37, 25215446, 2665, 0, 0
10230, 143, 1079, 1175, 3, 0, 4.07%, 0, 0, 25, 2398.69, 25228517, 2665, 0, 0
10235, 143, 286, 1175, 3, 0, 4.07%, 0, 0, 25, 2463.06, 25240905, 2665, 0, 0
10240, 143, 1093, 1175, 3, 0, 4.07%, 0, 0, 25, 2430.50, 25253026, 2665, 0, 0
10245, 143, 501, 1175, 3, 0, 4.07%, 0, 0, 25, 2451.53, 25265380, 2665, 0, 0
10250, 143, 501, 1175, 3, 0, 4.07%, 0, 0, 25, 2463.74, 25277856, 2665, 0, 0
10255, 143, 812, 1176, 4, 0, 4.07%, 0, 0, 25, 2480.30, 25290958, 2665, 0, 0
10260, 143, 621, 1176, 3, 0, 4.07%, 0, 0, 25, 2469.78, 25303721, 2665, 0, 0
10265, 143, 527, 1176, 3, 0, 4.07%, 0, 0, 25, 2481.56, 25316621, 2665, 0, 0
10270, 144, 622, 1176, 3, 0, 4.07%, 0, 0, 25, 2537.38, 25329572, 2665, 0, 0
10275, 144, 900, 1176, 3, 0, 4.07%, 0, 0, 25, 2380.99, 25341111, 2665, 0, 0
10280, 144, 988, 1176, 3, 0, 4.07%, 0, 0, 25, 2440.58, 25353496, 2665, 0, 0
10285, 144, 633, 1176, 3, 0, 4.07%, 0, 0, 25, 2480.61, 25366019, 2665, 0, 0
10290, 144, 697, 1176, 3, 0, 4.07%, 0, 0, 25, 2457.08, 25378447, 2665, 0, 0
10296, 144, 715, 1176, 3, 0, 4.07%, 0, 0, 25, 2410.99, 25390546, 2665, 0, 0
10301, 144, 682, 1176, 3, 0, 4.07%, 0, 0, 25, 2483.03, 25403170, 2665, 0, 0
10306, 144, 456, 1176, 3, 0, 4.07%, 0, 0, 25, 2467.75, 25415594, 2665, 0, 0
10311, 144, 1032, 1176, 3, 0, 4.07%, 0, 0, 25, 2473.10, 25428070, 2665, 0, 0
10316, 144, 1007, 1176, 3, 0, 4.07%, 0, 0, 25, 2441.19, 25440040, 2665, 0, 0
10321, 144, 375, 1176, 3, 0, 4.07%, 0, 0, 25, 2378.02, 25452161, 2665, 0, 0
10326, 144, 754, 1176, 3, 0, 4.07%, 0, 0, 25, 2408.39, 25464646, 2665, 0, 0
10331, 144, 215, 1178, 4, 0, 4.07%, 0, 0, 25, 2486.47, 25477385, 2668, 0, 0
10336, 144, 896, 1178, 4, 0, 4.07%, 0, 0, 25, 2512.18, 25490036, 2668, 0, 0
10341, 144, 605, 1180, 6, 0, 4.07%, 0, 0, 25, 2408.70, 25502298, 2668, 0, 0
10346, 144, 110, 1180, 5, 0, 4.07%, 0, 0, 25, 2430.32, 25514660, 2668, 0, 0
10352, 144, 998, 1180, 4, 0, 4.07%, 0, 0, 25, 2485.33, 25527331, 2668, 0, 0
10357, 144, 781, 1180, 4, 0, 4.07%, 0, 0, 25, 2445.19, 25539874, 2668, 0, 0
10362, 145, 167, 1180, 3, 0, 4.07%, 0, 0, 25, 2516.95, 25552707, 2668, 0, 0
10367, 145, 431, 1180, 3, 0, 4.07%, 0, 0, 25, 2434.41, 25564854, 2668, 0, 0
10372, 145, 184, 1180, 3, 0, 4.07%, 0, 0, 25, 2454.03, 25577757, 2668, 0, 0
10377, 145, 524, 1180, 3, 0, 4.07%, 0, 0, 25, 2501.01, 25590533, 2668, 0, 0
10382, 145, 844, 1180, 3, 0, 4.07%, 0, 0, 25, 2460.22, 25602831, 2668, 0, 0
10387, 145, 689, 1180, 2, 0, 4.07%, 0, 0, 25, 2409.13, 25614827, 2668, 0, 0
10392, 145, 76, 1180, 2, 0, 4.07%, 0, 0, 25, 2499.16, 25627558, 2668, 0, 0
10397, 145, 802, 1180, 2, 0, 4.07%, 0, 0, 25, 2440.54, 25639652, 2668, 0, 0
10402, 145, 78, 1180, 1, 0, 4.07%, 0, 0, 25, 2413.76, 25651504, 2668, 0, 0
10408, 145, 625, 1180, 1, 0, 4.07%, 0, 0, 25, 2477.88, 25664405, 2668, 0, 0
10413, 145, 1168, 1180, 1, 0, 4.07%, 0, 0, 25, 2451.29, 25676726, 2668, 0, 0
10418, 145, 1077, 1180, 1, 0, 4.07%, 0, 0, 25, 2447.28, 25688981, 2668, 0, 0
10423, 145, 162, 1180, 1, 0, 4.07%, 0, 0, 25, 2446.49, 25701153, 2668, 0, 0
10428, 145, 969, 1180, 1, 0, 4.07%, 0, 0, 25, 2495.58, 25713681, 2668, 0, 0
10433, 145, 754, 1180, 1, 0, 4.07%, 0, 0, 25, 2504.20, 25726281, 2668, 0, 0
10438, 145, 589, 1180, 1, 0, 4.07%, 0, 0, 25, 2400.82, 25738628, 2668, 0, 0
10443, 145, 547, 1180, 1, 0, 4.07%, 0, 0, 25, 2410.85, 25750755, 2668, 0, 0
10448, 145, 1176, 1180, 1, 0, 4.07%, 0, 0, 25, 2453.06, 25763630, 2668, 0, 0
10453, 145, 1088, 1180, 1, 0, 4.07%, 0, 0, 25, 2451.27, 25776452, 2668, 0, 0
10458, 146, 645, 1180, 1, 0, 4.07%, 0, 0, 25, 2474.52, 25788906, 2668, 0, 0
10463, 146, 625, 1180, 1, 0, 4.07%, 0, 0, 25, 2424.00, 25801102, 2668, 0, 0
10469, 146, 1055, 1180, 1, 0, 4.07%, 0, 0, 25, 2461.76, 25813303, 2668, 0, 0
10474, 146, 886, 1180, 1, 0, 4.07%, 0, 0, 25, 2479.13, 25825856, 2668, 0, 0
10480, 146, 1138, 1180, 1, 0, 4.07%, 0, 0, 25, 2421.30, 25841005, 2668, 0, 0
10485, 146, 997, 1181, 1, 0, 4.07%, 0, 0, 25, 2434.66, 25852958, 2668, 0, 0
10490, 146, 137, 1181, 1, 0, 4.07%, 0, 0, 25, 2442.14, 25865510, 2668, 0, 0
10496, 146, 1124, 1181, 1, 0, 4.07%, 0, 0, 25, 2453.39, 25878104, 2668, 0, 0
10501, 146, 42, 1181, 1, 0, 4.07%, 0, 0, 25, 2484.40, 25890911, 2668, 0, 0
10506, 146, 738, 1181, 1, 0, 4.07%, 0, 0, 25, 2399.03, 25903095, 2668, 0, 0
10511, 146, 1180, 1181, 1, 0, 4.07%, 0, 0, 25, 2410.28, 25916051, 2668, 0, 0
10516, 146, 732, 1181, 0, 0, 4.07%, 0, 0, 25, 2357.65, 25927874, 2668, 0, 0
10522, 146, 512, 1181, 0, 0, 4.07%, 0, 0, 25, 2507.98, 25940975, 2668, 0, 0
10527, 146, 547, 1181, 0, 0, 4.07%, 0, 0, 25, 2470.04, 25953322, 2668, 0, 0
10532, 146, 288, 1181, 0, 0, 4.07%, 0, 0, 25, 2505.70, 25965850, 2668, 0, 0
10537, 146, 853, 1181, 0, 0, 4.07%, 0, 0, 25, 2511.86, 25978551, 2668, 0, 0
10542, 146, 522, 1181, 0, 0, 4.07%, 0, 0, 25, 2496.75, 25991051, 2668, 0, 0
10547, 146, 5, 1181, 0, 0, 4.07%, 0, 0, 25, 2493.41, 26003676, 2668, 0, 0
10552, 147, 935, 1181, 0, 0, 4.07%, 0, 0, 25, 2461.30, 26016068, 2668, 0, 0
10557, 147, 1176, 1181, 0, 0, 4.07%, 0, 0, 25, 2447.81, 26028435, 2668, 0, 0
10562, 147, 1152, 1181, 0, 0, 4.07%, 0, 0, 25, 2407.86, 26040624, 2668, 0, 0
10567, 147, 782, 1181, 0, 0, 4.07%, 0, 0, 25, 2450.62, 26052673, 2668, 0, 0
10572, 147, 752, 1181, 0, 0, 4.07%, 0, 0, 25, 2503.41, 26065249, 2668, 0, 0
10577, 147, 1176, 1181, 0, 0, 4.07%, 0, 0, 25, 2464.46, 26077776, 2668, 0, 0
10582, 147, 531, 1181, 0, 0, 4.07%, 0, 0, 25, 2477.33, 26090572, 2668, 0, 0
10587, 147, 667, 1181, 0, 0, 4.07%, 0, 0, 25, 2459.85, 26102875, 2668, 0, 0
10592, 147, 327, 1181, 0, 0, 4.07%, 0, 0, 25, 2463.88, 26114924, 2668, 0, 0
10597, 147, 531, 1181, 0, 0, 4.07%, 0, 0, 25, 2474.00, 26127399, 2668, 0, 0
10602, 147, 672, 1181, 0, 0, 4.07%, 0, 0, 25, 2461.72, 26139698, 2668, 0, 0
10608, 147, 1007, 1181, 0, 0, 4.07%, 0, 0, 25, 2434.60, 26152494, 2668, 0, 0
10613, 147, 501, 1181, 0, 0, 4.07%, 0, 0, 25, 2441.84, 26164747, 2668, 0, 0
10618, 147, 896, 1182, 1, 0, 4.07%, 0, 0, 25, 2452.68, 26177254, 2668, 0, 0
10623, 147, 998, 1182, 1, 0, 4.07%, 0, 0, 25, 2467.59, 26189605, 2668, 0, 0
10628, 147, 1181, 1182, 1, 0, 4.07%, 0, 0, 25, 2422.64, 26201857, 2668, 0, 0
10633, 147, 663, 1182, 0, 0, 4.07%, 0, 0, 25, 2431.87, 26214053, 2668, 0, 0
10638, 147, 613, 1182, 0, 0, 4.07%, 0, 0, 25, 2468.97, 26226530, 2668, 0, 0
10643, 147, 735, 1182, 0, 0, 4.07%, 0, 0, 25, 2448.52, 26238731, 2668, 0, 0
10648, 147, 715, 1182, 0, 0, 4.07%, 0, 0, 25, 2509.08, 26251482, 2668, 0, 0
10653, 148, 712, 1182, 0, 0, 4.07%, 0, 0, 25, 2450.23, 26264191, 2668, 0, 0
10658, 148, 77, 1182, 0, 0, 4.07%, 0, 0, 25, 2359.62, 26276185, 2668, 0, 0
10663, 148, 583, 1182, 0, 0, 4.07%, 0, 0, 25, 2357.50, 26288510, 2668, 0, 0
10668, 148, 1004, 1182, 0, 0, 4.07%, 0, 0, 25, 2430.31, 26300756, 2668, 0, 0
10673, 148, 1064, 1182, 0, 0, 4.07%, 0, 0, 25, 2366.44, 26312815, 2668, 0, 0
10678, 148, 572, 1182, 0, 0, 4.07%, 0, 0, 25, 2441.47, 26324960, 2668, 0, 0
10684, 148, 288, 1182, 0, 0, 4.07%, 0, 0, 25, 2432.51, 26337493, 2668, 0, 0
10689, 148, 853, 1182, 0, 0, 4.07%, 0, 0, 25, 2471.81, 26350038, 2668, 0, 0
10694, 148, 1014, 1182, 0, 0, 4.07%, 0, 0, 25, 2493.55, 26362714, 2668, 0, 0
10699, 148, 1036, 1182, 0, 0, 4.07%, 0, 0, 25, 2447.98, 26375063, 2668, 0, 0
10704, 148, 896, 1182, 0, 0, 4.07%, 0, 0, 25, 2396.31, 26387190, 2668, 0, 0
10709, 148, 672, 1182, 0, 0, 4.07%, 0, 0, 25, 2456.52, 26400063, 2668, 0, 0
10714, 148, 144, 1182, 0, 0, 4.07%, 0, 0, 25, 2600.73, 26411168, 2668, 0, 0
10719, 148, 278, 1182, 0, 0, 4.07%, 0, 0, 25, 2465.53, 26423318, 2668, 0, 0
10724, 148, 606, 1182, 0, 0, 4.07%, 0, 0, 25, 2452.15, 26435618, 2668, 0, 0
10729, 148, 216, 1182, 0, 0, 4.07%, 0, 0, 25, 2496.91, 26448242, 2668, 0, 0
10734, 148, 1032, 1182, 0, 0, 4.07%, 0, 0, 25, 2436.54, 26460462, 2668, 0, 0
10739, 148, 388, 1182, 0, 0, 4.07%, 0, 0, 25, 2497.91, 26473013, 2668, 0, 0
10744, 148, 67, 1182, 0, 0, 4.07%, 0, 0, 25, 2467.92, 26485463, 2668, 0, 0
10749, 149, 1083, 1182, 0, 0, 4.07%, 0, 0, 25, 2511.27, 26498189, 2668, 0, 0
10754, 149, 989, 1182, 0, 0, 4.07%, 0, 0, 25, 2504.36, 26511088, 2668, 0, 0
10760, 149, 1088, 1182, 0, 0, 4.07%, 0, 0, 25, 2430.54, 26523562, 2668, 0, 0
10765, 149, 103, 1182, 0, 0, 4.07%, 0, 0, 25, 2497.57, 26536137, 2668, 0, 0
10770, 149, 605, 1183, 1, 0, 4.07%, 0, 0, 25, 2420.53, 26548292, 2668, 0, 0
10775, 149, 123, 1183, 1, 0, 4.07%, 0, 0, 25, 2470.03, 26560570, 2668, 0, 0
10780, 149, 177, 1183, 1, 0, 4.07%, 0, 0, 25, 2445.66, 26573344, 2668, 0, 0
10785, 149, 248, 1183, 1, 0, 4.07%, 0, 0, 25, 2417.94, 26585644, 2668, 0, 0
10790, 149, 735, 1183, 1, 0, 4.07%, 0, 0, 25, 2446.45, 26598013, 2668, 0, 0
10795, 149, 625, 1183, 1, 0, 4.07%, 0, 0, 25, 2415.03, 26610123, 2668, 0, 0
10800, 149, 508, 1183, 1, 0, 4.07%, 0, 0, 25, 2468.87, 26622623, 2668, 0, 0
10805, 149, 1144, 1183, 1, 0, 4.07%, 0, 0, 25, 2428.69, 26634718, 2668, 0, 0
10811, 149, 1184, 1187, 4, 1, 4.07%, 0, 0, 25, 2386.16, 26647595, 2669, 0, 0
10816, 149, 632, 1187, 2, 0, 4.07%, 0, 0, 25, 2479.89, 26660119, 2669, 0, 0
10821, 149, 1, 1190, 3, 0, 4.07%, 0, 0, 25, 2435.58, 26672408, 2669, 0, 0
10826, 149, 440, 1190, 3, 0, 4.07%, 0, 0, 25, 2443.58, 26684833, 2669, 0, 0
10831, 149, 638, 1191, 2, 0, 4.07%, 0, 0, 25, 2408.03, 26696720, 2669, 0, 0
10836, 149, 1189, 1192, 3, 0, 4.07%, 0, 0, 25, 2442.85, 26709086, 2669, 0, 0
10841, 149, 550, 1192, 2, 0, 4.07%, 0, 0, 25, 2436.54, 26721466, 2669, 0, 0
10846, 149, 422, 1192, 2, 0, 4.07%, 0, 0, 25, 2431.87, 26734016, 2669, 0, 0
10851, 149, 1191, 1192, 2, 0, 4.07%, 0, 0, 25, 2397.14, 26746164, 2669, 0, 0
10856, 150, 619, 1193, 2, 0, 4.07%, 0, 0, 25, 2413.08, 26758479, 2669, 0, 0
10861, 150, 216, 1195, 2, 0, 4.07%, 0, 0, 25, 2378.68, 26770286, 2669, 0, 0
10866, 150, 622, 1195, 2, 0, 4.07%, 0, 0, 25, 2420.40, 26782509, 2669, 0, 0
10871, 150, 693, 1195, 2, 0, 4.07%, 0, 0, 25, 2444.50, 26794959, 2669, 0, 0
10877, 150, 853, 1195, 2, 0, 4.07%, 0, 0, 25, 2501.41, 26808067, 2669, 0, 0
10882, 150, 1190, 1195, 2, 0, 4.07%, 0, 0, 25, 2394.65, 26819520, 2669, 0, 0
10887, 150, 638, 1195, 1, 0, 4.07%, 0, 0, 25, 2446.40, 26831759, 2669, 0, 0
10892, 150, 989, 1195, 1, 0, 4.07%, 0, 0, 25, 2475.96, 26844112, 2669, 0, 0
10897, 150, 486, 1195, 1, 0, 4.07%, 0, 0, 25, 2438.89, 26856632, 2669, 0, 0
10902, 150, 78, 1195, 1, 0, 4.07%, 0, 0, 25, 2451.97, 26869237, 2669, 0, 0
10907, 150, 752, 1195, 1, 0, 4.07%, 0, 0, 25, 2495.54, 26881811, 2669, 0, 0
10912, 150, 58, 1195, 1, 0, 4.07%, 0, 0, 25, 2514.44, 26894512, 2669, 0, 0
10917, 150, 793, 1195, 1, 0, 4.07%, 0, 0, 25, 2544.43, 26907513, 2669, 0, 0
10923, 150, 1194, 1195, 1, 0, 4.07%, 0, 0, 25, 2489.72, 26921518, 2669, 0, 0
10928, 150, 936, 1195, 0, 0, 4.07%, 0, 0, 25, 2520.48, 26934293, 2669, 0, 0
10933, 150, 909, 1195, 0, 0, 4.07%, 0, 0, 25, 2427.92, 26946487, 2669, 0, 0
10938, 150, 76, 1195, 0, 0, 4.07%, 0, 0, 25, 2418.12, 26958689, 2669, 0, 0
10943, 150, 609, 1195, 0, 0, 4.07%, 0, 0, 25, 2483.16, 26971342, 2669, 0, 0
10948, 150, 1191, 1196, 1, 0, 4.07%, 0, 0, 25, 2468.80, 26983771, 2669, 0, 0
10953, 150, 398, 1196, 1, 0, 4.07%, 0, 0, 25, 2462.92, 26996099, 2669, 0, 0
10958, 151, 909, 1196, 1, 0, 4.07%, 0, 0, 25, 2452.93, 27008344, 2669, 0, 0
10963, 151, 1007, 1196, 1, 0, 4.07%, 0, 0, 25, 2454.86, 27020642, 2669, 0, 0
10969, 151, 1195, 1196, 1, 0, 4.07%, 0, 0, 25, 2418.62, 27034405, 2669, 0, 0
10974, 151, 719, 1196, 0, 0, 4.07%, 0, 0, 25, 2454.45, 27046788, 2669, 0, 0
10979, 151, 226, 1196, 0, 0, 4.07%, 0, 0, 25, 2494.82, 27059365, 2669, 0, 0
10984, 151, 619, 1196, 0, 0, 4.07%, 0, 0, 25, 2479.72, 27071739, 2669, 0, 0
10989, 151, 239, 1196, 0, 0, 4.07%, 0, 0, 25, 2451.41, 27083940, 2669, 0, 0
10994, 151, 1058, 1196, 0, 0, 4.07%, 0, 0, 25, 2454.63, 27096339, 2669, 0, 0
10999, 151, 997, 1196, 0, 0, 4.07%, 0, 0, 25, 2481.70, 27108989, 2669, 0, 0
11004, 151, 936, 1196, 0, 0, 4.07%, 0, 0, 25, 2324.60, 27120613, 2669, 0, 0
11010, 151, 1168, 1196, 0, 0, 4.07%, 0, 0, 25, 2313.70, 27132817, 2669, 0, 0
11015, 151, 900, 1196, 0, 0, 4.07%, 0, 0, 25, 2447.22, 27145164, 2669, 0, 0
11020, 151, 547, 1196, 0, 0, 4.07%, 0, 0, 25, 2460.83, 27157963, 2669, 0, 0
11025, 151, 1195, 1196, 0, 0, 4.07%, 0, 0, 25, 2444.73, 27170276, 2669, 0, 0
11030, 151, 155, 1196, 0, 0, 4.07%, 0, 0, 25, 2445.30, 27182487, 2669, 0, 0
11035, 151, 728, 1196, 0, 0, 4.07%, 0, 0, 25, 2497.45, 27195413, 2669, 0, 0
11040, 151, 548, 1196, 0, 0, 4.07%, 0, 0, 25, 2482.09, 27208265, 2669, 0, 0
11045, 151, 588, 1196, 0, 0, 4.07%, 0, 0, 25, 2363.20, 27220379, 2669, 0, 0
11051, 151, 997, 1196, 0, 0, 4.07%, 0, 0, 25, 2451.94, 27233279, 2669, 0, 0
11056, 151, 58, 1196, 0, 0, 4.07%, 0, 0, 25, 2404.63, 27245435, 2669, 0, 0
11061, 152, 771, 1196, 0, 0, 4.07%, 0, 0, 25, 2468.66, 27258487, 2669, 0, 0
11066, 152, 548, 1196, 0, 0, 4.07%, 0, 0, 25, 2515.32, 27271041, 2669, 0, 0
11071, 152, 1134, 1196, 0, 0, 4.07%, 0, 0, 25, 2475.34, 27283440, 2669, 0, 0
11076, 152, 1168, 1196, 0, 0, 4.07%, 0, 0, 25, 2454.70, 27295911, 2669, 0, 0
11081, 152, 70, 1196, 0, 0, 4.07%, 0, 0, 25, 2423.08, 27308114, 2669, 0, 0
11086, 152, 886, 1196, 0, 0, 4.07%, 0, 0, 25, 2415.00, 27320452, 2669, 0, 0
11091, 152, 900, 1196, 0, 0, 4.07%, 0, 0, 25, 2409.18, 27332424, 2669, 0, 0
11096, 152, 861, 1196, 0, 0, 4.07%, 0, 0, 25, 2422.17, 27345272, 2669, 0, 0
11101, 152, 1191, 1196, 0, 0, 4.07%, 0, 0, 25, 2479.88, 27357754, 2669, 0, 0
11106, 152, 853, 1196, 0, 0, 4.07%, 0, 0, 25, 2476.09, 27370067, 2669, 0, 0
11113, 152, 175, 1196, 0, 0, 4.07%, 0, 0, 25, 2288.43, 27383049, 2669, 0, 0
11118, 152, 1188, 1196, 0, 0, 4.07%, 0, 0, 25, 2399.03, 27395621, 2669, 0, 0
11123, 152, 422, 1196, 0, 0, 4.07%, 0, 0, 25, 2425.21, 27407794, 2669, 0, 0
11128, 152, 828, 1196, 0, 0, 4.07%, 0, 0, 25, 2502.18, 27420406, 2669, 0, 0
11133, 152, 139, 1196, 0, 0, 4.07%, 0, 0, 25, 2480.58, 27432916, 2669, 0, 0
11138, 152, 1191, 1196, 0, 0, 4.07%, 0, 0, 25, 2450.39, 27445297, 2669, 0, 0
11143, 152, 969, 1196, 0, 0, 4.07%, 0, 0, 25, 2438.34, 27457706, 2669, 0, 0
11148, 152, 672, 1196, 0, 0, 4.07%, 0, 0, 25, 2494.60, 27470323, 2669, 0, 0
11154, 152, 537, 1196, 0, 0, 4.07%, 0, 0, 25, 2459.49, 27483062, 2669, 0, 0
11159, 152, 1004, 1196, 0, 0, 4.07%, 0, 0, 25, 2437.63, 27495301, 2669, 0, 0
11164, 153, 1004, 1196, 0, 0, 4.07%, 0, 0, 25, 2412.64, 27507504, 2669, 0, 0
11169, 153, 177, 1196, 0, 0, 4.07%, 0, 0, 25, 2454.10, 27519831, 2669, 0, 0
11174, 153, 456, 1196, 0, 0, 4.07%, 0, 0, 25, 2444.14, 27532152, 2669, 0, 0
11179, 153, 572, 1196, 0, 0, 4.07%, 0, 0, 25, 2490.81, 27544718, 2669, 0, 0
11184, 153, 852, 1196, 0, 0, 4.07%, 0, 0, 25, 2481.87, 27557198, 2669, 0, 0
11189, 153, 805, 1196, 0, 0, 4.07%, 0, 0, 25, 2508.04, 27570001, 2669, 0, 0
11194, 153, 494, 1196, 0, 0, 4.07%, 0, 0, 25, 2396.71, 27582070, 2669, 0, 0
11199, 153, 1144, 1196, 0, 0, 4.07%, 0, 0, 25, 2435.30, 27594372, 2669, 0, 0
11204, 153, 174, 1196, 0, 0, 4.07%, 0, 0, 25, 2452.23, 27606697, 2669, 0, 0
11209, 153, 823, 1196, 0, 0, 4.07%, 0, 0, 25, 2435.76, 27618950, 2669, 0, 0
11214, 153, 1145, 1196, 0, 0, 4.07%, 0, 0, 25, 2487.21, 27631482, 2669, 0, 0
11219, 153, 1125, 1196, 0, 0, 4.07%, 0, 0, 25, 2417.60, 27643585, 2669, 0, 0
11224, 153, 77, 1196, 0, 0, 4.07%, 0, 0, 25, 2499.32, 27656110, 2669, 0, 0
11229, 153, 936, 1196, 0, 0, 4.07%, 0, 0, 25, 2513.36, 27669112, 2669, 0, 0
11234, 153, 900, 1196, 0, 0, 4.07%, 0, 0, 25, 2475.71, 27681533, 2669, 0, 0
11239, 153, 920, 1196, 0, 0, 4.07%, 0, 0, 25, 2499.22, 27694236, 2669, 0, 0
11244, 153, 843, 1196, 0, 0, 4.07%, 0, 0, 25, 2403.36, 27706234, 2669, 0, 0
11249, 153, 1191, 1196, 0, 0, 4.07%, 0, 0, 25, 2471.91, 27718736, 2669, 0, 0
11254, 153, 672, 1196, 0, 0, 4.07%, 0, 0, 25, 2444.47, 27731231, 2669, 0, 0
11260, 154, 214, 1196, 0, 0, 4.07%, 0, 0, 25, 2440.34, 27743761, 2669, 0, 0
11265, 154, 1127, 1196, 0, 0, 4.07%, 0, 0, 25, 2472.65, 27756161, 2669, 0, 0
11270, 154, 572, 1196, 0, 0, 4.07%, 0, 0, 25, 2489.93, 27768511, 2669, 0, 0
11275, 154, 776, 1196, 0, 0, 4.07%, 0, 0, 25, 2400.71, 27780308, 2669, 0, 0
11280, 154, 851, 1196, 0, 0, 4.07%, 0, 0, 25, 2441.14, 27792535, 2669, 0, 0
11285, 154, 76, 1196, 0, 0, 4.07%, 0, 0, 25, 2365.06, 27804406, 2669, 0, 0
11290, 154, 1154, 1196, 0, 0, 4.07%, 0, 0, 25, 2441.91, 27817311, 2669, 0, 0
11295, 154, 1134, 1196, 0, 0, 4.07%, 0, 0, 25, 2456.10, 27829525, 2669, 0, 0
11300, 154, 972, 1196, 0, 0, 4.07%, 0, 0, 25, 2481.28, 27842383, 2669, 0, 0
11305, 154, 589, 1196, 0, 0, 4.07%, 0, 0, 25, 2525.09, 27855161, 2669, 0, 0
11310, 154, 1058, 1196, 0, 0, 4.07%, 0, 0, 25, 2499.34, 27867662, 2669, 0, 0
11315, 154, 947, 1196, 0, 0, 4.07%, 0, 0, 25, 2442.09, 27879769, 2669, 0, 0
11321, 154, 886, 1196, 0, 0, 4.07%, 0, 0, 25, 2483.60, 27892581, 2669, 0, 0
11326, 154, 375, 1196, 0, 0, 4.07%, 0, 0, 25, 2489.41, 27905137, 2669, 0, 0
11331, 154, 95, 1196, 0, 0, 4.07%, 0, 0, 25, 2440.15, 27917358, 2669, 0, 0
11336, 154, 286, 1196, 0, 0, 4.07%, 0, 0, 25, 2429.59, 27929785, 2669, 0, 0
11341, 154, 851, 1196, 0, 0, 4.07%, 0, 0, 25, 2509.98, 27940211, 2669, 0, 0
11346, 154, 1193, 1196, 0, 0, 4.07%, 0, 0, 25, 2445.11, 27952382, 2669, 0, 0
11351, 155, 997, 1196, 0, 0, 4.07%, 0, 0, 25, 2398.11, 27964422, 2669, 0, 0
11356, 155, 735, 1196, 0, 0, 4.07%, 0, 0, 25, 2457.27, 27976871, 2669, 0, 0
11361, 155, 823, 1196, 0, 0, 4.07%, 0, 0, 25, 2480.08, 27989597, 2669, 0, 0
11366, 155, 76, 1196, 0, 0, 4.07%, 0, 0, 25, 2432.70, 28002139, 2669, 0, 0
11371, 155, 1168, 1196, 0, 0, 4.07%, 0, 0, 25, 2472.22, 28014717, 2669, 0, 0
11376, 155, 851, 1196, 0, 0, 4.07%, 0, 0, 25, 2413.24, 28026814, 2669, 0, 0
11381, 155, 572, 1196, 0, 0, 4.07%, 0, 0, 25, 2474.95, 28039239, 2669, 0, 0
11387, 155, 900, 1196, 0, 0, 4.07%, 0, 0, 25, 2517.31, 28052218, 2669, 0, 0
11392, 155, 1134, 1196, 0, 0, 4.07%, 0, 0, 25, 2383.40, 28063950, 2669, 0, 0
11397, 155, 752, 1196, 0, 0, 4.07%, 0, 0, 25, 2445.41, 28076337, 2669, 0, 0
11402, 155, 886, 1196, 0, 0, 4.07%, 0, 0, 25, 2471.05, 28088862, 2669, 0, 0
11407, 155, 1065, 1196, 0, 0, 4.07%, 0, 0, 25, 2463.58, 28101340, 2669, 0, 0
11412, 155, 1192, 1196, 0, 0, 4.07%, 0, 0, 25, 2368.90, 28113165, 2669, 0, 0
11417, 155, 630, 1196, 0, 0, 4.07%, 0, 0, 25, 2468.27, 28125691, 2669, 0, 0
11422, 155, 144, 1196, 0, 0, 4.07%, 0, 0, 25, 2488.35, 28138092, 2669, 0, 0
11427, 155, 744, 1196, 0, 0, 4.07%, 0, 0, 25, 2430.50, 28150512, 2669, 0, 0
11432, 155, 936, 1196, 0, 0, 4.07%, 0, 0, 25, 2488.39, 28163042, 2669, 0, 0
11437, 155, 5, 1196, 0, 0, 4.07%, 0, 0, 25, 2542.69, 28175918, 2669, 0, 0
11442, 155, 663, 1196, 0, 0, 4.07%, 0, 0, 25, 2483.67, 28188342, 2669, 0, 0
11447, 155, 900, 1196, 0, 0, 4.07%, 0, 0, 25, 2453.83, 28200815, 2669, 0, 0
11452, 156, 508, 1196, 0, 0, 4.07%, 0, 0, 25, 2475.97, 28213742, 2669, 0, 0
11457, 156, 936, 1196, 0, 0, 4.07%, 0, 0, 25, 2490.57, 28226510, 2669, 0, 0
11462, 156, 1191, 1196, 0, 0, 4.07%, 0, 0, 25, 2382.05, 28238197, 2669, 0, 0
11467, 156, 654, 1196, 0, 0, 4.07%, 0, 0, 25, 2450.76, 28250862, 2669, 0, 0
11473, 156, 617, 1196, 0, 0, 4.07%, 0, 0, 25, 2440.87, 28263017, 2669, 0, 0
11478, 156, 440, 1196, 0, 0, 4.07%, 0, 0, 25, 2470.30, 28275491, 2669, 0, 0
11483, 156, 447, 1196, 0, 0, 4.07%, 0, 0, 25, 2471.06, 28288340, 2669, 0, 0
11488, 156, 1010, 1197, 1, 0, 4.07%, 0, 0, 25, 2403.52, 28300732, 2669, 0, 0
11493, 156, 1191, 1197, 1, 0, 4.07%, 0, 0, 25, 2426.07, 28312917, 2669, 0, 0
11498, 156, 527, 1197, 1, 0, 4.07%, 0, 0, 25, 2387.20, 28324849, 2669, 0, 0
11503, 156, 583, 1197, 1, 0, 4.07%, 0, 0, 25, 2405.63, 28337021, 2669, 0, 0
11508, 156, 853, 1197, 1, 0, 4.07%, 0, 0, 25, 2500.24, 28349725, 2669, 0, 0
11513, 156, 769, 1197, 1, 0, 4.07%, 0, 0, 25, 2465.08, 28361970, 2669, 0, 0
11518, 156, 385, 1197, 1, 0, 4.07%, 0, 0, 25, 2423.10, 28374017, 2669, 0, 0
11523, 156, 998, 1197, 1, 0, 4.07%, 0, 0, 25, 2437.41, 28386223, 2669, 0, 0
11528, 156, 715, 1197, 1, 0, 4.07%, 0, 0, 25, 2375.88, 28398222, 2669, 0, 0
11533, 156, 1168, 1197, 1, 0, 4.07%, 0, 0, 25, 2433.29, 28410646, 2669, 0, 0
11538, 156, 231, 1197, 1, 0, 4.07%, 0, 0, 25, 2455.68, 28422921, 2669, 0, 0
11543, 156, 762, 1197, 1, 0, 4.07%, 0, 0, 25, 2491.89, 28435473, 2669, 0, 0
11548, 157, 1056, 1197, 1, 0, 4.07%, 0, 0, 25, 2436.27, 28447373, 2669, 0, 0
11553, 157, 1176, 1197, 1, 0, 4.07%, 0, 0, 25, 2394.20, 28459418, 2669, 0, 0
11559, 157, 1151, 1197, 1, 0, 4.07%, 0, 0, 25, 2284.97, 28471474, 2669, 0, 0
11564, 157, 697, 1197, 1, 0, 4.07%, 0, 0, 25, 2375.16, 28483872, 2669, 0, 0
11569, 157, 588, 1197, 1, 0, 4.07%, 0, 0, 25, 2391.44, 28496046, 2669, 0, 0
11574, 157, 569, 1197, 1, 0, 4.07%, 0, 0, 25, 2501.71, 28508647, 2669, 0, 0
11579, 157, 512, 1197, 1, 0, 4.07%, 0, 0, 25, 2462.61, 28521424, 2669, 0, 0
11584, 157, 1191, 1197, 1, 0, 4.07%, 0, 0, 25, 2492.80, 28534041, 2669, 0, 0
11589, 157, 1116, 1197, 1, 0, 4.07%, 0, 0, 25, 2446.65, 28546566, 2669, 0, 0
11594, 157, 512, 1197, 1, 0, 4.07%, 0, 0, 25, 2452.06, 28559016, 2669, 0, 0
11599, 157, 402, 1197, 1, 0, 4.07%, 0, 0, 25, 2468.83, 28571844, 2669, 0, 0
11604, 157, 375, 1198, 2, 0, 4.07%, 0, 0, 26, 2446.56, 28583996, 2669, 0, 0
11610, 157, 69, 1198, 2, 0, 4.07%, 0, 0, 26, 2334.13, 28596298, 2669, 0, 0
11615, 157, 55, 1198, 1, 0, 4.07%, 0, 0, 26, 2388.89, 28608504, 2669, 0, 0
11620, 157, 58, 1198, 1, 0, 4.07%, 0, 0, 26, 2416.57, 28620755, 2669, 0, 0
11625, 157, 754, 1198, 1, 0, 4.07%, 0, 0, 26, 2484.00, 28633254, 2669, 0, 0
11630, 157, 793, 1198, 1, 0, 4.07%, 0, 0, 26, 2456.34, 28645580, 2669, 0, 0
11635, 157, 1083, 1198, 1, 0, 4.07%, 0, 0, 26, 2479.94, 28658005, 2669, 0, 0
11640, 157, 1144, 1198, 1, 0, 4.07%, 0, 0, 26, 2423.50, 28670191, 2669, 0, 0
11645, 157, 787, 1198, 1, 0, 4.07%, 0, 0, 26, 2367.06, 28681917, 2669, 0, 0
11650, 158, 184, 1198, 1, 0, 4.07%, 0, 0, 26, 2427.01, 28694630, 2669, 0, 0
11655, 158, 1125, 1198, 1, 0, 4.07%, 0, 0, 26, 2371.96, 28706551, 2669, 0, 0
11660, 158, 736, 1198, 1, 0, 4.07%, 0, 0, 26, 2468.89, 28719127, 2669, 0, 0
11665, 158, 1071, 1198, 1, 0, 4.07%, 0, 0, 26, 2362.67, 28731473, 2669, 0, 0
11670, 158, 853, 1198, 1, 0, 4.07%, 0, 0, 26, 2384.55, 28743492, 2669, 0, 0
11676, 158, 537, 1198, 1, 0, 4.07%, 0, 0, 26, 2487.24, 28756156, 2669, 0, 0
11681, 158, 882, 1198, 1, 0, 4.07%, 0, 0, 26, 2461.15, 28768529, 2669, 0, 0
11686, 158, 1194, 1198, 1, 0, 4.07%, 0, 0, 26, 2465.33, 28781437, 2669, 0, 0
11691, 158, 969, 1198, 1, 0, 4.07%, 0, 0, 26, 2474.45, 28793803, 2669, 0, 0
11696, 158, 402, 1198, 1, 0, 4.07%, 0, 0, 26, 2427.65, 28805876, 2669, 0, 0
11701, 158, 456, 1198, 1, 0, 4.07%, 0, 0, 26, 2413.44, 28817999, 2669, 0, 0
11706, 158, 981, 1198, 1, 0, 4.07%, 0, 0, 26, 2508.48, 28828456, 2669, 0, 0
11711, 158, 1134, 1198, 1, 0, 4.07%, 0, 0, 26, 2464.67, 28840752, 2669, 0, 0
11716, 158, 513, 1198, 1, 0, 4.07%, 0, 0, 26, 2482.64, 28853330, 2669, 0, 0
11721, 158, 909, 1198, 1, 0, 4.07%, 0, 0, 26, 2465.75, 28865681, 2669, 0, 0
11726, 158, 810, 1198, 1, 0, 4.07%, 0, 0, 26, 2481.55, 28878181, 2669, 0, 0
11731, 158, 739, 1198, 1, 0, 4.07%, 0, 0, 26, 2426.59, 28890353, 2669, 0, 0
11736, 158, 547, 1198, 1, 0, 4.07%, 0, 0, 26, 2462.35, 28902779, 2669, 0, 0
11741, 158, 184, 1198, 1, 0, 4.07%, 0, 0, 26, 2418.94, 28915078, 2669, 0, 0
11747, 159, 62, 1198, 1, 0, 4.07%, 0, 0, 26, 2458.01, 28927905, 2669, 0, 0
11752, 159, 936, 1198, 1, 0, 4.07%, 0, 0, 26, 2464.67, 28940406, 2669, 0, 0
11757, 159, 654, 1198, 1, 0, 4.07%, 0, 0, 26, 2434.95, 28952578, 2669, 0, 0
11762, 159, 886, 1198, 1, 0, 4.07%, 0, 0, 26, 2327.93, 28964254, 2669, 0, 0
11767, 159, 105, 1198, 1, 0, 4.07%, 0, 0, 26, 2415.15, 28976430, 2669, 0, 0
11772, 159, 998, 1198, 1, 0, 4.07%, 0, 0, 26, 2370.02, 28987904, 2669, 0, 0
11777, 159, 1185, 1198, 1, 0, 4.07%, 0, 0, 26, 2439.52, 29000189, 2669, 0, 0
11782, 159, 512, 1198, 1, 0, 4.07%, 0, 0, 26, 2469.97, 29013004, 2669, 0, 0
11787, 159, 322, 1198, 1, 0, 4.07%, 0, 0, 26, 2452.99, 29025205, 2669, 0, 0
11792, 159, 752, 1198, 1, 0, 4.07%, 0, 0, 26, 2448.96, 29037528, 2669, 0, 0
11797, 159, 426, 1198, 1, 0, 4.07%, 0, 0, 26, 2404.48, 29049440, 2669, 0, 0
11802, 159, 358, 1198, 1, 0, 4.07%, 0, 0, 26, 2490.87, 29062375, 2669, 0, 0
11807, 159, 838, 1198, 1, 0, 4.07%, 0, 0, 26, 2496.60, 29074826, 2669, 0, 0
11812, 159, 886, 1198, 1, 0, 4.07%, 0, 0, 26, 2421.23, 29087041, 2669, 0, 0
11817, 159, 1191, 1198, 1, 0, 4.07%, 0, 0, 26, 2595.49, 29099472, 2669, 0, 0
11823, 159, 1191, 1198, 1, 0, 4.07%, 0, 0, 26, 2426.50, 29111973, 2669, 0, 0
11828, 159, 1079, 1198, 1, 0, 4.07%, 0, 0, 26, 2464.50, 29124753, 2669, 0, 0
11833, 159, 1138, 1198, 1, 0, 4.07%, 0, 0, 26, 2447.87, 29137028, 2669, 0, 0
11838, 159, 1130, 1198, 1, 0, 4.07%, 0, 0, 26, 2458.54, 29149281, 2669, 0, 0
11843, 159, 799, 1198, 1, 0, 4.07%, 0, 0, 26, 2414.93, 29161481, 2669, 0, 0
11848, 160, 600, 1198, 1, 0, 4.07%, 0, 0, 26, 2496.77, 29174128, 2669, 0, 0
11853, 160, 1141, 1198, 1, 0, 4.07%, 0, 0, 26, 2450.42, 29187007, 2669, 0, 0
11858, 160, 1006, 1198, 1, 0, 4.07%, 0, 0, 26, 2414.91, 29199003, 2669, 0, 0
11863, 160, 583, 1198, 1, 0, 4.07%, 0, 0, 26, 2440.86, 29211155, 2669, 0, 0
11868, 160, 108, 1198, 1, 0, 4.07%, 0, 0, 26, 2460.05, 29223609, 2669, 0, 0
11873, 160, 1182, 1198, 1, 0, 4.07%, 0, 0, 26, 2493.43, 29236238, 2669, 0, 0
11878, 160, 854, 1198, 1, 0, 4.07%, 0, 0, 26, 2435.25, 29248355, 2669, 0, 0
11883, 160, 396, 1198, 1, 0, 4.07%, 0, 0, 26, 2450.10, 29260512, 2669, 0, 0
11888, 160, 843, 1198, 1, 0, 4.07%, 0, 0, 26, 2489.40, 29272987, 2669, 0, 0
11893, 160, 177, 1198, 1, 0, 4.07%, 0, 0, 26, 2476.55, 29285461, 2669, 0, 0
11899, 160, 177, 1198, 1, 0, 4.07%, 0, 0, 26, 2482.64, 29298037, 2669, 0, 0
11904, 160, 10, 1198, 1, 0, 4.07%, 0, 0, 26, 2503.55, 29310562, 2669, 0, 0
11909, 160, 1176, 1198, 1, 0, 4.07%, 0, 0, 26, 2546.28, 29323338, 2669, 0, 0
11914, 160, 689, 1198, 1, 0, 4.07%, 0, 0, 26, 2364.23, 29334926, 2669, 0, 0
11919, 160, 1191, 1198, 1, 0, 4.07%, 0, 0, 26, 2455.80, 29347752, 2669, 0, 0
11924, 160, 886, 1198, 1, 0, 4.07%, 0, 0, 26, 2465.23, 29360159, 2669, 0, 0
11929, 160, 237, 1198, 1, 0, 4.07%, 0, 0, 26, 2523.38, 29372913, 2669, 0, 0
11934, 160, 843, 1198, 1, 0, 4.07%, 0, 0, 26, 2440.46, 29385130, 2669, 0, 0
11939, 160, 998, 1198, 1, 0, 4.07%, 0, 0, 26, 2468.86, 29397561, 2669, 0, 0
11944, 160, 569, 1198, 1, 0, 4.07%, 0, 0, 26, 2437.61, 29410009, 2669, 0, 0
11949, 161, 548, 1198, 1, 0, 4.07%, 0, 0, 26, 2453.05, 29422257, 2669, 0, 0
11954, 161, 1152, 1198, 1, 0, 4.07%, 0, 0, 26, 2460.96, 29434810, 2669, 0, 0
11959, 161, 853, 1198, 1, 0, 4.07%, 0, 0, 26, 2497.62, 29447313, 2669, 0, 0
11964, 161, 486, 1198, 1, 0, 4.07%, 0, 0, 26, 2498.48, 29460284, 2669, 0, 0
11969, 161, 823, 1198, 1, 0, 4.07%, 0, 0, 26, 2252.55, 29471839, 2669, 0, 0
11974, 161, 283, 1198, 1, 0, 4.07%, 0, 0, 26, 2442.34, 29484409, 2669, 0, 0
11980, 161, 600, 1198, 1, 0, 4.07%, 0, 0, 26, 2504.04, 29497410, 2669, 0, 0
11985, 161, 288, 1198, 1, 0, 4.07%, 0, 0, 26, 2477.53, 29509886, 2669, 0, 0
11990, 161, 1134, 1198, 0, 0, 4.07%, 0, 0, 26, 2341.05, 29521570, 2669, 0, 0
11995, 161, 645, 1198, 0, 0, 4.07%, 0, 0, 26, 2475.46, 29534584, 2669, 0, 0
12000, 161, 1197, 1198, 0, 0, 4.07%, 0, 0, 26, 2433.12, 29547126, 2669, 0, 0
12005, 161, 287, 1198, 0, 0, 4.07%, 0, 0, 26, 2422.29, 29559384, 2669, 0, 0
12010, 161, 1071, 1198, 0, 0, 4.07%, 0, 0, 26, 2509.94, 29572086, 2669, 0, 0
12015, 161, 358, 1198, 0, 0, 4.07%, 0, 0, 26, 2393.20, 29584055, 2669, 0, 0
12020, 161, 1176, 1198, 0, 0, 4.07%, 0, 0, 26, 2465.92, 29596673, 2669, 0, 0
12025, 161, 738, 1198, 0, 0, 4.07%, 0, 0, 26, 2456.02, 29608859, 2669, 0, 0
12030, 161, 730, 1198, 0, 0, 4.07%, 0, 0, 26, 2459.91, 29621358, 2669, 0, 0
12035, 161, 969, 1198, 0, 0, 4.07%, 0, 0, 26, 2402.29, 29633305, 2669, 0, 0
12040, 161, 972, 1198, 0, 0, 4.07%, 0, 0, 26, 2475.04, 29645908, 2669, 0, 0
12045, 162, 20, 1198, 0, 0, 4.07%, 0, 0, 26, 2379.34, 29657908, 2669, 0, 0
12051, 162, 874, 1198, 0, 0, 4.07%, 0, 0, 26, 2470.86, 29670757, 2669, 0, 0
12056, 162, 682, 1198, 0, 0, 4.07%, 0, 0, 26, 2512.70, 29683411, 2669, 0, 0
12061, 162, 853, 1198, 0, 0, 4.07%, 0, 0, 26, 2499.62, 29696429, 2669, 0, 0
12066, 162, 667, 1198, 0, 0, 4.07%, 0, 0, 26, 2466.67, 29708709, 2669, 0, 0
12071, 162, 342, 1198, 0, 0, 4.07%, 0, 0, 26, 2405.95, 29720659, 2669, 0, 0
12076, 162, 512, 1198, 0, 0, 4.07%, 0, 0, 26, 2470.73, 29733633, 2669, 0, 0
12081, 162, 672, 1198, 0, 0, 4.07%, 0, 0, 26, 2430.98, 29745953, 2669, 0, 0
12086, 162, 802, 1198, 0, 0, 4.07%, 0, 0, 26, 2466.10, 29758557, 2669, 0, 0
12091, 162, 972, 1198, 0, 0, 4.07%, 0, 0, 26, 2486.07, 29771134, 2669, 0, 0
12096, 162, 787, 1198, 0, 0, 4.07%, 0, 0, 26, 2435.16, 29783235, 2669, 0, 0
12101, 162, 358, 1198, 0, 0, 4.07%, 0, 0, 26, 2473.96, 29795602, 2669, 0, 0
12106, 162, 244, 1198, 0, 0, 4.07%, 0, 0, 26, 2440.86, 29807902, 2669, 0, 0
12112, 162, 727, 1198, 0, 0, 4.07%, 0, 0, 26, 2445.86, 29820700, 2669, 0, 0
12117, 162, 255, 1198, 0, 0, 4.07%, 0, 0, 26, 2431.48, 29833102, 2669, 0, 0
12122, 162, 497, 1199, 1, 0, 4.07%, 0, 0, 26, 2420.76, 29845460, 2669, 0, 0
12127, 162, 1198, 1199, 1, 0, 4.07%, 0, 0, 26, 2475.00, 29858252, 2669, 0, 0
12132, 162, 304, 1199, 0, 0, 4.07%, 0, 0, 26, 2431.54, 29870509, 2669, 0, 0
12137, 162, 1144, 1199, 0, 0, 4.07%, 0, 0, 26, 2393.67, 29882604, 2669, 0, 0
12142, 163, 889, 1199, 0, 0, 4.07%, 0, 0, 26, 2357.37, 29894786, 2669, 0, 0
12147, 163, 936, 1199, 0, 0, 4.07%, 0, 0, 26, 2413.26, 29907602, 2669, 0, 0
12152, 163, 1178, 1199, 0, 0, 4.07%, 0, 0, 26, 2454.94, 29920351, 2669, 0, 0
12158, 163, 649, 1199, 0, 0, 4.07%, 0, 0, 26, 2422.67, 29932989, 2669, 0, 0
12163, 163, 583, 1199, 0, 0, 4.07%, 0, 0, 26, 2459.48, 29945417, 2669, 0, 0
12168, 163, 969, 1199, 0, 0, 4.07%, 0, 0, 26, 2500.93, 29958050, 2669, 0, 0
12173, 163, 544, 1199, 0, 0, 4.07%, 0, 0, 26, 2459.66, 29970378, 2669, 0, 0
12178, 163, 780, 1199, 0, 0, 4.07%, 0, 0, 26, 2488.12, 29982800, 2669, 0, 0
12183, 163, 1076, 1199, 0, 0, 4.07%, 0, 0, 26, 2471.81, 29995352, 2669, 0, 0
12188, 163, 1144, 1199, 0, 0, 4.07%, 0, 0, 26, 2347.47, 30007323, 2669, 0, 0
12193, 163, 998, 1199, 0, 0, 4.07%, 0, 0, 26, 2482.21, 30019901, 2669, 0, 0
12198, 163, 572, 1199, 0, 0, 4.07%, 0, 0, 26, 2439.87, 30031977, 2669, 0, 0
12203, 163, 619, 1199, 0, 0, 4.07%, 0, 0, 26, 2477.66, 30044403, 2669, 0, 0
12208, 163, 1144, 1199, 0, 0, 4.07%, 0, 0, 26, 2471.67, 30056876, 2669, 0, 0
12213, 163, 682, 1199, 0, 0, 4.07%, 0, 0, 26, 2382.39, 30068789, 2669, 0, 0
12218, 163, 548, 1199, 0, 0, 4.07%, 0, 0, 26, 2468.43, 30081400, 2669, 0, 0
12223, 163, 5, 1200, 1, 0, 4.07%, 0, 0, 26, 2516.43, 30094085, 2669, 0, 0
12228, 163, 900, 1200, 1, 0, 4.07%, 0, 0, 26, 2389.54, 30106433, 2669, 0, 0
12233, 163, 989, 1200, 1, 0, 4.07%, 0, 0, 26, 2500.55, 30119133, 2669, 0, 0
12238, 164, 682, 1200, 1, 0, 4.07%, 0, 0, 26, 2406.74, 30131351, 2669, 0, 0
12244, 164, 815, 1200, 1, 0, 4.07%, 0, 0, 26, 2464.96, 30144180, 2669, 0, 0
12249, 164, 583, 1200, 1, 0, 4.07%, 0, 0, 26, 2358.98, 30156099, 2669, 0, 0
12254, 164, 508, 1200, 1, 0, 4.07%, 0, 0, 26, 2475.01, 30168685, 2669, 0, 0
12259, 164, 787, 1200, 1, 0, 4.07%, 0, 0, 26, 2438.04, 30180732, 2669, 0, 0
12264, 164, 781, 1200, 1, 0, 4.07%, 0, 0, 26, 2458.56, 30193060, 2669, 0, 0
12269, 164, 796, 1200, 1, 0, 4.07%, 0, 0, 26, 2437.13, 30205303, 2669, 0, 0
12274, 164, 704, 1200, 1, 0, 4.07%, 0, 0, 26, 2429.64, 30217703, 2669, 0, 0
12279, 164, 165, 1200, 1, 0, 4.07%, 0, 0, 26, 2387.19, 30229660, 2669, 0, 0
12284, 164, 715, 1200, 1, 0, 4.07%, 0, 0, 26, 2451.51, 30242108, 2669, 0, 0
12289, 164, 667, 1200, 1, 0, 4.07%, 0, 0, 26, 2402.54, 30254280, 2669, 0, 0
12294, 164, 1199, 1201, 2, 0, 4.07%, 0, 0, 26, 2416.22, 30266937, 2669, 0, 0
12299, 164, 882, 1202, 1, 0, 4.08%, 0, 0, 26, 2435.20, 30278891, 2676, 0, 0
12305, 164, 583, 1202, 1, 0, 4.08%, 0, 0, 26, 2462.21, 30291513, 2676, 0, 0
12310, 164, 654, 1202, 1, 0, 4.08%, 0, 0, 26, 2496.61, 30304241, 2676, 0, 0
12315, 164, 1168, 1202, 1, 0, 4.08%, 0, 0, 26, 2347.30, 30316396, 2676, 0, 0
12320, 164, 123, 1202, 1, 0, 4.08%, 0, 0, 26, 2313.86, 30328186, 2676, 0, 0
12325, 164, 294, 1203, 2, 0, 4.08%, 0, 0, 26, 2183.91, 30339774, 2676, 0, 0
12330, 164, 936, 1203, 1, 0, 4.08%, 0, 0, 26, 2377.93, 30351976, 2676, 0, 0
12335, 164, 62, 1203, 1, 0, 4.08%, 0, 0, 26, 2436.05, 30364314, 2676, 0, 0
12340, 165, 736, 1203, 1, 0, 4.08%, 0, 0, 26, 2433.84, 30376604, 2676, 0, 0
12345, 165, 287, 1203, 1, 0, 4.08%, 0, 0, 26, 2452.32, 30388839, 2676, 0, 0
12350, 165, 787, 1203, 1, 0, 4.08%, 0, 0, 26, 2381.98, 30400684, 2676, 0, 0
12355, 165, 1191, 1203, 1, 0, 4.08%, 0, 0, 26, 2452.04, 30413589, 2676, 0, 0
12361, 165, 649, 1203, 1, 0, 4.08%, 0, 0, 26, 2470.48, 30426351, 2676, 0, 0
12366, 165, 882, 1203, 1, 0, 4.08%, 0, 0, 26, 2442.99, 30438406, 2676, 0, 0
12372, 165, 1202, 1203, 1, 0, 4.08%, 0, 0, 26, 2460.93, 30454455, 2676, 0, 0
12378, 165, 58, 1203, 0, 0, 4.08%, 0, 0, 26, 2480.41, 30467228, 2676, 0, 0
12383, 165, 240, 1203, 0, 0, 4.08%, 0, 0, 26, 2448.34, 30479548, 2676, 0, 0
12388, 165, 42, 1203, 0, 0, 4.08%, 0, 0, 26, 2501.24, 30492074, 2676, 0, 0
12393, 165, 823, 1203, 0, 0, 4.08%, 0, 0, 26, 2401.85, 30504091, 2676, 0, 0
12398, 165, 697, 1203, 0, 0, 4.08%, 0, 0, 26, 2345.21, 30516109, 2676, 0, 0
12403, 165, 1058, 1203, 0, 0, 4.08%, 0, 0, 26, 2432.04, 30528494, 2676, 0, 0
12408, 165, 849, 1203, 0, 0, 4.08%, 0, 0, 26, 2494.71, 30541149, 2676, 0, 0
12413, 165, 600, 1203, 0, 0, 4.08%, 0, 0, 26, 2467.17, 30553497, 2676, 0, 0
12418, 165, 42, 1203, 0, 0, 4.08%, 0, 0, 26, 2438.64, 30565843, 2676, 0, 0
12423, 165, 288, 1203, 0, 0, 4.08%, 0, 0, 26, 2380.00, 30577789, 2676, 0, 0
12428, 165, 997, 1203, 0, 0, 4.08%, 0, 0, 26, 2363.29, 30589925, 2676, 0, 0
12433, 165, 326, 1203, 0, 0, 4.08%, 0, 0, 26, 2454.98, 30602643, 2676, 0, 0
12438, 166, 987, 1203, 0, 0, 4.08%, 0, 0, 26, 2451.47, 30614893, 2676, 0, 0
12443, 166, 257, 1203, 0, 0, 4.08%, 0, 0, 26, 2439.80, 30627193, 2676, 0, 0
12448, 166, 851, 1203, 0, 0, 4.08%, 0, 0, 26, 2380.87, 30639142, 2676, 0, 0
12453, 166, 823, 1203, 0, 0, 4.08%, 0, 0, 26, 2432.51, 30651314, 2676, 0, 0
12458, 166, 1168, 1203, 0, 0, 4.08%, 0, 0, 26, 2466.04, 30663744, 2676, 0, 0
12463, 166, 508, 1203, 0, 0, 4.08%, 0, 0, 26, 2457.23, 30676537, 2676, 0, 0
12469, 166, 1035, 1204, 1, 0, 4.08%, 0, 0, 26, 2421.50, 30688861, 2676, 0, 0
12474, 166, 1134, 1204, 1, 0, 4.08%, 0, 0, 26, 2493.91, 30701500, 2676, 0, 0
12479, 166, 735, 1204, 1, 0, 4.08%, 0, 0, 26, 2483.69, 30714076, 2676, 0, 0
12484, 166, 413, 1204, 1, 0, 4.08%, 0, 0, 26, 2512.57, 30726551, 2676, 0, 0
12489, 166, 285, 1204, 1, 0, 4.08%, 0, 0, 26, 2474.16, 30739025, 2676, 0, 0
12494, 166, 663, 1204, 1, 0, 4.08%, 0, 0, 26, 2510.51, 30752077, 2676, 0, 0
12499, 166, 1007, 1205, 2, 0, 4.08%, 0, 0, 26, 2438.85, 30764353, 2676, 0, 0
12504, 166, 1135, 1205, 2, 0, 4.08%, 0, 0, 26, 2482.03, 30776828, 2676, 0, 0
12509, 166, 632, 1205, 1, 0, 4.08%, 0, 0, 26, 2508.17, 30789565, 2676, 0, 0
12515, 166, 1203, 1206, 2, 0, 4.08%, 0, 0, 26, 2504.51, 30803816, 2676, 0, 0
12520, 166, 600, 1206, 1, 0, 4.08%, 0, 0, 26, 2417.09, 30815674, 2676, 0, 0
12525, 166, 1014, 1206, 1, 0, 4.08%, 0, 0, 26, 2469.77, 30828224, 2676, 0, 0
12530, 166, 572, 1206, 1, 0, 4.08%, 0, 0, 26, 2488.84, 30840800, 2676, 0, 0
12535, 166, 162, 1206, 1, 0, 4.08%, 0, 0, 26, 2518.14, 30853676, 2676, 0, 0
12540, 167, 911, 1206, 1, 0, 4.08%, 0, 0, 26, 2526.13, 30866277, 2676, 0, 0
12545, 167, 970, 1206, 1, 0, 4.08%, 0, 0, 26, 2446.42, 30878551, 2676, 0, 0
12550, 167, 625, 1206, 1, 0, 4.08%, 0, 0, 26, 2475.90, 30891075, 2676, 0, 0
12557, 167, 1205, 1206, 1, 0, 4.08%, 0, 0, 26, 2422.78, 30907866, 2676, 0, 0
12562, 167, 782, 1206, 0, 0, 4.08%, 0, 0, 26, 2385.20, 30919979, 2676, 0, 0
12567, 167, 778, 1206, 0, 0, 4.08%, 0, 0, 26, 2350.29, 30931920, 2676, 0, 0
12572, 167, 358, 1206, 0, 0, 4.08%, 0, 0, 26, 2430.63, 30944263, 2676, 0, 0
12577, 167, 258, 1206, 0, 0, 4.08%, 0, 0, 26, 2355.83, 30956068, 2676, 0, 0
12583, 167, 738, 1206, 0, 0, 4.08%, 0, 0, 26, 2497.98, 30969121, 2676, 0, 0
12588, 167, 900, 1206, 0, 0, 4.08%, 0, 0, 26, 2517.23, 30981896, 2676, 0, 0
12593, 167, 774, 1206, 0, 0, 4.08%, 0, 0, 26, 2515.22, 30994646, 2676, 0, 0
12598, 167, 123, 1206, 0, 0, 4.08%, 0, 0, 26, 2500.99, 31007444, 2676, 0, 0
12603, 167, 69, 1206, 0, 0, 4.08%, 0, 0, 26, 2424.35, 31019594, 2676, 0, 0
12608, 167, 508, 1206, 0, 0, 4.08%, 0, 0, 26, 2502.58, 31032271, 2676, 0, 0
12613, 167, 775, 1206, 0, 0, 4.08%, 0, 0, 26, 2465.49, 31045020, 2676, 0, 0
12618, 167, 1144, 1206, 0, 0, 4.08%, 0, 0, 26, 2448.05, 31057413, 2676, 0, 0
12623, 167, 569, 1206, 0, 0, 4.08%, 0, 0, 26, 2466.10, 31069894, 2676, 0, 0
12628, 167, 1192, 1206, 0, 0, 4.08%, 0, 0, 26, 2391.12, 31081737, 2676, 0, 0
12633, 167, 986, 1206, 0, 0, 4.08%, 0, 0, 26, 2463.23, 31094342, 2676, 0, 0
12638, 167, 139, 1206, 0, 0, 4.08%, 0, 0, 26, 2402.93, 31106418, 2676, 0, 0
12643, 168, 762, 1206, 0, 0, 4.08%, 0, 0, 26, 2490.29, 31118942, 2676, 0, 0
12648, 168, 165, 1206, 0, 0, 4.08%, 0, 0, 26, 2371.72, 31130845, 2676, 0, 0
12653, 168, 1191, 1206, 0, 0, 4.08%, 0, 0, 26, 2414.14, 31143590, 2676, 0, 0
12659, 168, 1091, 1206, 0, 0, 4.08%, 0, 0, 26, 2483.33, 31156414, 2676, 0, 0
12664, 168, 729, 1206, 0, 0, 4.08%, 0, 0, 26, 2425.12, 31168410, 2676, 0, 0
12669, 168, 736, 1206, 0, 0, 4.08%, 0, 0, 26, 2446.50, 31181289, 2676, 0, 0
12674, 168, 909, 1206, 0, 0, 4.08%, 0, 0, 26, 2411.16, 31193181, 2676, 0, 0
12679, 168, 909, 1206, 0, 0, 4.08%, 0, 0, 26, 2418.11, 31205477, 2676, 0, 0
12684, 168, 789, 1206, 0, 0, 4.08%, 0, 0, 26, 2487.50, 31218387, 2676, 0, 0
12689, 168, 165, 1206, 0, 0, 4.08%, 0, 0, 26, 2414.42, 31231014, 2676, 0, 0
12694, 168, 736, 1206, 0, 0, 4.08%, 0, 0, 26, 2453.03, 31243453, 2676, 0, 0
12699, 168, 782, 1206, 0, 0, 4.08%, 0, 0, 26, 2475.04, 31255810, 2676, 0, 0
12704, 168, 896, 1206, 0, 0, 4.08%, 0, 0, 26, 2469.29, 31268355, 2676, 0, 0
12709, 168, 1191, 1206, 0, 0, 4.08%, 0, 0, 26, 2465.62, 31280680, 2676, 0, 0
12714, 168, 760, 1207, 1, 0, 4.08%, 0, 0, 26, 2388.77, 31292806, 2676, 0, 0
12719, 168, 1170, 1207, 1, 0, 4.08%, 0, 0, 26, 2443.51, 31305115, 2676, 0, 0
12725, 168, 909, 1207, 1, 0, 4.08%, 0, 0, 26, 2489.64, 31317990, 2676, 0, 0
12730, 168, 1195, 1207, 1, 0, 4.08%, 0, 0, 26, 2417.00, 31330132, 2676, 0, 0
12735, 168, 1194, 1207, 0, 0, 4.08%, 0, 0, 26, 2442.04, 31342818, 2676, 0, 0
12740, 169, 936, 1207, 0, 0, 4.08%, 0, 0, 26, 2460.88, 31355064, 2676, 0, 0
12745, 169, 1194, 1207, 0, 0, 4.08%, 0, 0, 26, 2517.20, 31367665, 2676, 0, 0
12750, 169, 1029, 1207, 0, 0, 4.08%, 0, 0, 26, 2442.60, 31379935, 2676, 0, 0
12755, 169, 654, 1207, 0, 0, 4.08%, 0, 0, 26, 2504.52, 31392514, 2676, 0, 0
12760, 169, 508, 1207, 0, 0, 4.08%, 0, 0, 26, 2465.18, 31405289, 2676, 0, 0
12765, 169, 1008, 1208, 1, 0, 4.08%, 0, 0, 26, 2433.42, 31417189, 2676, 0, 0
12770, 169, 780, 1208, 1, 0, 4.08%, 0, 0, 26, 2455.43, 31429516, 2676, 0, 0
12775, 169, 779, 1208, 1, 0, 4.08%, 0, 0, 26, 2378.90, 31441471, 2676, 0, 0
12780, 169, 231, 1208, 1, 0, 4.08%, 0, 0, 26, 2447.59, 31453995, 2676, 0, 0
12785, 169, 123, 1208, 0, 0, 4.08%, 0, 0, 26, 2481.26, 31466908, 2676, 0, 0
12790, 169, 900, 1208, 0, 0, 4.08%, 0, 0, 26, 2458.75, 31479226, 2676, 0, 0
12796, 169, 973, 1208, 0, 0, 4.08%, 0, 0, 26, 2415.53, 31491305, 2676, 0, 0
12801, 169, 968, 1208, 0, 0, 4.08%, 0, 0, 26, 2472.74, 31503827, 2676, 0, 0
12806, 169, 909, 1208, 0, 0, 4.08%, 0, 0, 26, 2503.45, 31516426, 2676, 0, 0
12811, 169, 1134, 1208, 0, 0, 4.08%, 0, 0, 26, 2481.93, 31529079, 2676, 0, 0
12816, 169, 998, 1208, 0, 0, 4.08%, 0, 0, 26, 2371.46, 31541336, 2676, 0, 0
12821, 169, 86, 1208, 0, 0, 4.08%, 0, 0, 26, 2449.20, 31554263, 2676, 0, 0
12826, 169, 1129, 1208, 0, 0, 4.08%, 0, 0, 26, 2436.01, 31566460, 2676, 0, 0
12831, 169, 909, 1208, 0, 0, 4.08%, 0, 0, 26, 2496.26, 31579058, 2676, 0, 0
12836, 169, 997, 1208, 0, 0, 4.08%, 0, 0, 26, 2512.27, 31591788, 2676, 0, 0
12841, 170, 375, 1208, 0, 0, 4.08%, 0, 0, 26, 2506.91, 31604264, 2676, 0, 0
12846, 170, 1197, 1208, 0, 0, 4.08%, 0, 0, 26, 2506.54, 31616914, 2676, 0, 0
12851, 170, 787, 1208, 0, 0, 4.08%, 0, 0, 26, 2412.90, 31628883, 2676, 0, 0
12856, 170, 909, 1208, 0, 0, 4.08%, 0, 0, 26, 2465.38, 31641894, 2676, 0, 0
12862, 170, 102, 1209, 1, 0, 4.08%, 0, 0, 26, 2495.23, 31654881, 2676, 0, 0
12867, 170, 53, 1209, 1, 0, 4.08%, 0, 0, 26, 2503.98, 31667507, 2676, 0, 0
12872, 170, 1014, 1209, 1, 0, 4.08%, 0, 0, 26, 2450.89, 31679930, 2676, 0, 0
12877, 170, 1208, 1209, 1, 0, 4.08%, 0, 0, 26, 2287.90, 31690711, 2676, 0, 0
12882, 170, 886, 1209, 0, 0, 4.08%, 0, 0, 26, 2423.04, 31702776, 2676, 0, 0
12887, 170, 1191, 1209, 0, 0, 4.08%, 0, 0, 26, 2455.27, 31715607, 2676, 0, 0
12892, 170, 295, 1209, 0, 0, 4.08%, 0, 0, 26, 2452.42, 31727857, 2676, 0, 0
12897, 170, 77, 1209, 0, 0, 4.08%, 0, 0, 26, 2405.62, 31740287, 2676, 0, 0
12902, 170, 810, 1209, 0, 0, 4.08%, 0, 0, 26, 2400.34, 31752304, 2676, 0, 0
12908, 170, 782, 1209, 0, 0, 4.08%, 0, 0, 26, 2434.50, 31765131, 2676, 0, 0
12913, 170, 1134, 1209, 0, 0, 4.08%, 0, 0, 26, 2460.14, 31777537, 2676, 0, 0
12918, 170, 1144, 1209, 0, 0, 4.08%, 0, 0, 26, 2445.68, 31789858, 2676, 0, 0
12923, 170, 986, 1209, 0, 0, 4.08%, 0, 0, 26, 2446.31, 31802263, 2676, 0, 0
12928, 170, 595, 1209, 0, 0, 4.08%, 0, 0, 26, 2433.71, 31814662, 2676, 0, 0
12933, 170, 258, 1209, 0, 0, 4.08%, 0, 0, 26, 2228.07, 31826090, 2676, 0, 0
12938, 170, 610, 1209, 0, 0, 4.08%, 0, 0, 26, 2436.36, 31839035, 2676, 0, 0
12943, 171, 1204, 1210, 1, 0, 4.08%, 0, 0, 26, 2445.32, 31851125, 2676, 0, 0
12948, 171, 1194, 1210, 1, 0, 4.08%, 0, 0, 26, 2454.21, 31863584, 2676, 0, 0
12953, 171, 342, 1210, 0, 0, 4.08%, 0, 0, 26, 2473.68, 31875897, 2676, 0, 0
12958, 171, 46, 1210, 0, 0, 4.08%, 0, 0, 26, 2460.92, 31888396, 2676, 0, 0
12963, 171, 1191, 1210, 0, 0, 4.08%, 0, 0, 26, 2455.90, 31900792, 2676, 0, 0
12968, 171, 486, 1210, 0, 0, 4.08%, 0, 0, 26, 2485.66, 31913344, 2676, 0, 0
12974, 171, 989, 1210, 0, 0, 4.08%, 0, 0, 26, 2474.27, 31926195, 2676, 0, 0
12979, 171, 1193, 1210, 0, 0, 4.08%, 0, 0, 26, 2471.71, 31938494, 2676, 0, 0
12984, 171, 600, 1210, 0, 0, 4.08%, 0, 0, 26, 2482.70, 31950792, 2676, 0, 0
12989, 171, 1144, 1210, 0, 0, 4.08%, 0, 0, 26, 2411.66, 31962959, 2676, 0, 0
12994, 171, 572, 1210, 0, 0, 4.08%, 0, 0, 26, 2508.33, 31975648, 2676, 0, 0
12999, 171, 578, 1210, 0, 0, 4.08%, 0, 0, 26, 2496.51, 31988571, 2676, 0, 0
13004, 171, 548, 1210, 0, 0, 4.08%, 0, 0, 26, 2482.77, 32000972, 2676, 0, 0
13009, 171, 524, 1210, 0, 0, 4.08%, 0, 0, 26, 2458.67, 32013419, 2676, 0, 0
13014, 171, 386, 1210, 0, 0, 4.08%, 0, 0, 26, 2491.59, 32025947, 2676, 0, 0
13019, 171, 76, 1210, 0, 0, 4.08%, 0, 0, 26, 2481.20, 32038546, 2676, 0, 0
13024, 171, 782, 1210, 0, 0, 4.08%, 0, 0, 26, 2337.20, 32050136, 2676, 0, 0
13029, 171, 286, 1210, 0, 0, 4.08%, 0, 0, 26, 2397.63, 32062115, 2676, 0, 0
13034, 171, 375, 1210, 0, 0, 4.08%, 0, 0, 26, 2459.81, 32074616, 2676, 0, 0
13039, 172, 896, 1210, 0, 0, 4.08%, 0, 0, 26, 2492.80, 32087214, 2676, 0, 0
13044, 172, 422, 1210, 0, 0, 4.08%, 0, 0, 26, 2493.40, 32099742, 2676, 0, 0
13049, 172, 892, 1210, 0, 0, 4.08%, 0, 0, 26, 2497.48, 32112360, 2676, 0, 0
13054, 172, 791, 1210, 0, 0, 4.08%, 0, 0, 26, 2491.00, 32124816, 2676, 0, 0
13059, 172, 886, 1210, 0, 0, 4.08%, 0, 0, 26, 2499.09, 32137435, 2676, 0, 0
13065, 172, 1185, 1210, 0, 0, 4.08%, 0, 0, 26, 2497.41, 32150241, 2676, 0, 0
13070, 172, 1191, 1210, 0, 0, 4.08%, 0, 0, 26, 2505.44, 32162743, 2676, 0, 0
13075, 172, 46, 1210, 0, 0, 4.08%, 0, 0, 26, 2456.04, 32174891, 2676, 0, 0
13080, 172, 886, 1210, 0, 0, 4.08%, 0, 0, 26, 2458.63, 32187335, 2676, 0, 0
13085, 172, 324, 1210, 0, 0, 4.08%, 0, 0, 26, 2462.29, 32199691, 2676, 0, 0
13090, 172, 375, 1210, 0, 0, 4.08%, 0, 0, 26, 2470.24, 32212034, 2676, 0, 0
13095, 172, 1144, 1210, 0, 0, 4.08%, 0, 0, 26, 2480.06, 32224481, 2676, 0, 0
13100, 172, 654, 1210, 0, 0, 4.08%, 0, 0, 26, 2428.95, 32236655, 2676, 0, 0
13105, 172, 591, 1210, 0, 0, 4.08%, 0, 0, 26, 2345.42, 32248355, 2676, 0, 0
13110, 172, 1083, 1210, 0, 0, 4.08%, 0, 0, 26, 2467.90, 32260882, 2676, 0, 0
13115, 172, 682, 1210, 0, 0, 4.08%, 0, 0, 26, 2492.13, 32273286, 2676, 0, 0
13120, 172, 886, 1210, 0, 0, 4.08%, 0, 0, 26, 2499.50, 32285787, 2676, 0, 0
13125, 172, 1201, 1210, 0, 0, 4.08%, 0, 0, 26, 2474.09, 32298388, 2676, 0, 0
13131, 172, 1210, 1211, 1, 0, 4.08%, 0, 0, 26, 2061.02, 32308535, 2676, 0, 0
13136, 172, 936, 1212, 1, 0, 4.08%, 0, 0, 26, 2230.36, 32319112, 2676, 0, 0
13141, 172, 697, 1212, 0, 0, 4.08%, 0, 0, 26, 1860.05, 32326665, 2676, 0, 0
13146, 173, 1058, 1212, 0, 0, 4.08%, 0, 0, 26, 2341.25, 32339273, 2676, 0, 0
13151, 173, 962, 1212, 0, 0, 4.08%, 0, 0, 26, 2424.73, 32351551, 2676, 0, 0
13156, 173, 11, 1212, 0, 0, 4.08%, 0, 0, 26, 2486.37, 32363979, 2676, 0, 0
13161, 173, 214, 1212, 0, 0, 4.08%, 0, 0, 26, 2378.06, 32376104, 2676, 0, 0
13166, 173, 205, 1212, 0, 0, 4.08%, 0, 0, 26, 2410.14, 32388278, 2676, 0, 0
13171, 173, 1191, 1212, 0, 0, 4.08%, 0, 0, 26, 2428.93, 32400496, 2676, 0, 0
13177, 173, 663, 1212, 0, 0, 4.08%, 0, 0, 26, 2426.75, 32413201, 2676, 0, 0
13182, 173, 853, 1212, 0, 0, 4.08%, 0, 0, 26, 2453.47, 32425499, 2676, 0, 0
13187, 173, 548, 1212, 0, 0, 4.08%, 0, 0, 26, 2505.15, 32438155, 2676, 0, 0
13192, 173, 851, 1212, 0, 0, 4.08%, 0, 0, 26, 2505.06, 32450780, 2676, 0, 0
13197, 173, 138, 1212, 0, 0, 4.08%, 0, 0, 26, 2532.94, 32463379, 2676, 0, 0
13202, 173, 855, 1212, 0, 0, 4.08%, 0, 0, 26, 2523.52, 32475979, 2676, 0, 0
13207, 173, 71, 1212, 0, 0, 4.08%, 0, 0, 26, 2432.24, 32488701, 2676, 0, 0
13212, 173, 1192, 1212, 0, 0, 4.08%, 0, 0, 26, 2417.76, 32501248, 2676, 0, 0
13217, 173, 1004, 1212, 0, 0, 4.08%, 0, 0, 26, 2475.49, 32513650, 2676, 0, 0
13222, 173, 936, 1212, 0, 0, 4.08%, 0, 0, 26, 2516.23, 32526380, 2676, 0, 0
13227, 173, 42, 1212, 0, 0, 4.08%, 0, 0, 26, 2498.73, 32539104, 2676, 0, 0
13232, 173, 123, 1212, 0, 0, 4.08%, 0, 0, 26, 2485.92, 32551478, 2676, 0, 0
13237, 173, 550, 1212, 0, 0, 4.08%, 0, 0, 26, 2518.39, 32564305, 2676, 0, 0
13242, 173, 1007, 1213, 1, 0, 4.08%, 0, 0, 26, 2474.35, 32576608, 2676, 0, 0
13247, 174, 1098, 1213, 1, 0, 4.08%, 0, 0, 26, 2501.61, 32589260, 2676, 0, 0
13252, 174, 184, 1214, 2, 0, 4.08%, 0, 0, 26, 2345.64, 32600861, 2676, 0, 0
13257, 174, 33, 1214, 1, 0, 4.08%, 0, 0, 26, 2391.22, 32613010, 2676, 0, 0
13262, 174, 997, 1214, 1, 0, 4.08%, 0, 0, 26, 2484.15, 32625636, 2676, 0, 0
13268, 174, 674, 1214, 1, 0, 4.08%, 0, 0, 26, 2395.90, 32637956, 2676, 0, 0
13273, 174, 208, 1214, 1, 0, 4.08%, 0, 0, 26, 2256.74, 32649281, 2676, 0, 0
13278, 174, 46, 1215, 2, 0, 4.08%, 0, 0, 26, 2419.32, 32661623, 2676, 0, 0
13283, 174, 575, 1215, 2, 0, 4.08%, 0, 0, 26, 2426.80, 32674208, 2676, 0, 0
13288, 174, 1072, 1215, 1, 0, 4.08%, 0, 0, 26, 2412.77, 32686502, 2676, 0, 0
13293, 174, 886, 1215, 1, 0, 4.08%, 0, 0, 26, 2392.09, 32698424, 2676, 0, 0
13298, 174, 697, 1215, 1, 0, 4.08%, 0, 0, 26, 2469.24, 32710974, 2676, 0, 0
13303, 174, 139, 1215, 1, 0, 4.08%, 0, 0, 26, 2396.33, 32722969, 2676, 0, 0
13308, 174, 732, 1215, 1, 0, 4.08%, 0, 0, 26, 2428.52, 32735273, 2676, 0, 0
13313, 174, 997, 1215, 1, 0, 4.08%, 0, 0, 26, 2459.73, 32747648, 2676, 0, 0
13318, 174, 503, 1215, 1, 0, 4.08%, 0, 0, 26, 2486.25, 32760574, 2676, 0, 0
13323, 174, 1150, 1215, 0, 0, 4.08%, 0, 0, 26, 2412.18, 32771999, 2676, 0, 0
13328, 174, 853, 1215, 0, 0, 4.08%, 0, 0, 26, 2300.70, 32783474, 2676, 0, 0
13334, 174, 909, 1215, 0, 0, 4.08%, 0, 0, 26, 2426.22, 32796186, 2676, 0, 0
13339, 174, 896, 1215, 0, 0, 4.08%, 0, 0, 26, 2470.23, 32808624, 2676, 0, 0
13344, 174, 783, 1215, 0, 0, 4.08%, 0, 0, 26, 2426.73, 32820838, 2676, 0, 0
13349, 175, 1144, 1215, 0, 0, 4.08%, 0, 0, 26, 2480.39, 32833867, 2676, 0, 0
13354, 175, 780, 1215, 0, 0, 4.08%, 0, 0, 26, 2479.34, 32846374, 2676, 0, 0
13359, 175, 561, 1215, 0, 0, 4.08%, 0, 0, 26, 2470.36, 32858766, 2676, 0, 0
13364, 175, 619, 1215, 0, 0, 4.08%, 0, 0, 26, 2488.13, 32871218, 2676, 0, 0
13369, 175, 55, 1215, 0, 0, 4.08%, 0, 0, 26, 2480.82, 32883780, 2676, 0, 0
13374, 175, 288, 1215, 0, 0, 4.08%, 0, 0, 26, 2477.25, 32896254, 2676, 0, 0
13379, 175, 969, 1215, 0, 0, 4.08%, 0, 0, 26, 2356.88, 32908115, 2676, 0, 0
13384, 175, 318, 1216, 1, 0, 4.08%, 0, 0, 26, 2355.85, 32920135, 2676, 0, 0
13389, 175, 805, 1216, 1, 0, 4.08%, 0, 0, 26, 2409.45, 32932357, 2676, 0, 0
13394, 175, 884, 1217, 2, 0, 4.08%, 0, 0, 26, 2351.11, 32944087, 2676, 0, 0
13399, 175, 144, 1217, 2, 0, 4.08%, 0, 0, 26, 2483.28, 32956798, 2676, 0, 0
13404, 175, 1216, 1217, 2, 0, 4.08%, 0, 0, 26, 2476.85, 32969387, 2676, 0, 0
13409, 175, 1007, 1217, 1, 0, 4.08%, 0, 0, 26, 2515.56, 32982087, 2676, 0, 0
13415, 175, 663, 1217, 1, 0, 4.08%, 0, 0, 26, 2433.18, 32994308, 2676, 0, 0
13420, 175, 747, 1217, 1, 0, 4.08%, 0, 0, 26, 2440.21, 33006875, 2676, 0, 0
13425, 175, 625, 1217, 1, 0, 4.08%, 0, 0, 26, 2451.46, 33019156, 2676, 0, 0
13430, 175, 1004, 1217, 1, 0, 4.08%, 0, 0, 26, 2428.27, 33031408, 2676, 0, 0
13435, 175, 752, 1217, 1, 0, 4.08%, 0, 0, 26, 2471.14, 33043883, 2676, 0, 0
13440, 175, 420, 1217, 1, 0, 4.08%, 0, 0, 26, 2512.86, 33056637, 2676, 0, 0
13445, 176, 1215, 1217, 1, 0, 4.08%, 0, 0, 26, 2365.08, 33068941, 2676, 0, 0
13450, 176, 667, 1217, 0, 0, 4.08%, 0, 0, 26, 2420.73, 33081262, 2676, 0, 0
13456, 176, 144, 1217, 0, 0, 4.08%, 0, 0, 26, 2414.34, 33093512, 2676, 0, 0
13461, 176, 1179, 1217, 0, 0, 4.08%, 0, 0, 26, 2464.15, 33105933, 2676, 0, 0
13466, 176, 916, 1217, 0, 0, 4.08%, 0, 0, 26, 2501.72, 33118440, 2676, 0, 0
13471, 176, 663, 1217, 0, 0, 4.08%, 0, 0, 26, 2432.90, 33130612, 2676, 0, 0
13476, 176, 1213, 1217, 0, 0, 4.08%, 0, 0, 26, 2480.58, 33143039, 2676, 0, 0
13481, 176, 655, 1217, 0, 0, 4.08%, 0, 0, 26, 2269.04, 33154276, 2676, 0, 0
13486, 176, 324, 1217, 0, 0, 4.08%, 0, 0, 26, 2462.61, 33166626, 2676, 0, 0
13491, 176, 278, 1217, 0, 0, 4.08%, 0, 0, 26, 2468.96, 33178900, 2676, 0, 0
13496, 176, 998, 1217, 0, 0, 4.08%, 0, 0, 26, 2389.11, 33191312, 2676, 0, 0
13501, 176, 1037, 1218, 1, 0, 4.08%, 0, 0, 26, 2445.15, 33203660, 2676, 0, 0
13506, 176, 792, 1218, 1, 0, 4.08%, 0, 0, 26, 2475.47, 33216025, 2676, 0, 0
13511, 176, 645, 1218, 1, 0, 4.08%, 0, 0, 26, 2424.25, 33228276, 2676, 0, 0
13516, 176, 882, 1218, 1, 0, 4.08%, 0, 0, 26, 2458.32, 33240854, 2676, 0, 0
13521, 176, 1108, 1218, 1, 0, 4.08%, 0, 0, 26, 2497.27, 33253396, 2676, 0, 0
13526, 176, 838, 1218, 1, 0, 4.08%, 0, 0, 26, 2493.55, 33266049, 2676, 0, 0
13531, 176, 1061, 1218, 1, 0, 4.08%, 0, 0, 26, 2466.83, 33278420, 2676, 0, 0
13536, 176, 108, 1218, 1, 0, 4.08%, 0, 0, 26, 2464.94, 33290772, 2676, 0, 0
13541, 177, 121, 1218, 1, 0, 4.08%, 0, 0, 26, 2470.97, 33303198, 2676, 0, 0
13546, 177, 375, 1218, 1, 0, 4.08%, 0, 0, 26, 2497.38, 33315595, 2676, 0, 0
13551, 177, 316, 1218, 1, 0, 4.08%, 0, 0, 26, 2471.99, 33327823, 2676, 0, 0
13556, 177, 654, 1218, 1, 0, 4.08%, 0, 0, 26, 2488.84, 33340347, 2676, 0, 0
13561, 177, 1010, 1218, 1, 0, 4.08%, 0, 0, 26, 2485.66, 33352769, 2676, 0, 0
13566, 177, 77, 1218, 1, 0, 4.08%, 0, 0, 26, 2450.52, 33365049, 2676, 0, 0
13572, 177, 600, 1218, 1, 0, 4.08%, 0, 0, 26, 2417.62, 33377122, 2676, 0, 0
13577, 177, 853, 1218, 1, 0, 4.08%, 0, 0, 26, 2431.18, 33389712, 2676, 0, 0
13582, 177, 508, 1218, 1, 0, 4.08%, 0, 0, 26, 2376.93, 33401893, 2676, 0, 0
13587, 177, 1007, 1218, 1, 0, 4.08%, 0, 0, 26, 2452.76, 33414720, 2676, 0, 0
13592, 177, 524, 1218, 1, 0, 4.08%, 0, 0, 26, 2488.33, 33427221, 2676, 0, 0
13597, 177, 998, 1218, 1, 0, 4.08%, 0, 0, 26, 2449.72, 33439381, 2676, 0, 0
13602, 177, 654, 1218, 1, 0, 4.08%, 0, 0, 26, 2444.60, 33451600, 2676, 0, 0
13607, 177, 1207, 1218, 1, 0, 4.08%, 0, 0, 26, 2481.20, 33464154, 2676, 0, 0
13612, 177, 965, 1218, 1, 0, 4.08%, 0, 0, 26, 2434.97, 33476352, 2676, 0, 0
13617, 177, 1121, 1218, 1, 0, 4.08%, 0, 0, 26, 2047.88, 33487074, 2676, 0, 0
13622, 177, 583, 1218, 1, 0, 4.08%, 0, 0, 26, 2398.92, 33499452, 2676, 0, 0
13627, 177, 851, 1219, 2, 0, 4.08%, 0, 0, 26, 2471.95, 33512035, 2676, 0, 0
13633, 177, 583, 1219, 2, 0, 4.08%, 0, 0, 26, 2454.24, 33524686, 2676, 0, 0
13638, 177, 781, 1219, 1, 0, 4.08%, 0, 0, 26, 2474.13, 33537137, 2676, 0, 0
13643, 178, 513, 1219, 1, 0, 4.08%, 0, 0, 26, 2521.36, 33549915, 2676, 0, 0
13648, 178, 989, 1219, 1, 0, 4.08%, 0, 0, 26, 2442.85, 33562382, 2676, 0, 0
13653, 178, 1012, 1219, 1, 0, 4.08%, 0, 0, 26, 2475.92, 33574710, 2676, 0, 0
13658, 178, 741, 1219, 1, 0, 4.08%, 0, 0, 26, 2477.61, 33587560, 2676, 0, 0
13663, 178, 1144, 1219, 1, 0, 4.08%, 0, 0, 26, 2507.21, 33600640, 2676, 0, 0
13668, 178, 1144, 1219, 1, 0, 4.08%, 0, 0, 26, 2491.19, 33613215, 2676, 0, 0
13673, 178, 968, 1219, 1, 0, 4.08%, 0, 0, 26, 2453.40, 33625664, 2676, 0, 0
13679, 178, 900, 1219, 1, 0, 4.08%, 0, 0, 26, 2522.08, 33638870, 2676, 0, 0
13684, 178, 1144, 1219, 1, 0, 4.08%, 0, 0, 26, 2525.56, 33651645, 2676, 0, 0
13689, 178, 998, 1219, 1, 0, 4.08%, 0, 0, 26, 2525.16, 33664795, 2676, 0, 0
13694, 178, 886, 1219, 1, 0, 4.08%, 0, 0, 26, 2516.49, 33677495, 2676, 0, 0
13699, 178, 997, 1219, 1, 0, 4.08%, 0, 0, 26, 2470.76, 33689893, 2676, 0, 0
13704, 178, 886, 1219, 1, 0, 4.08%, 0, 0, 26, 2492.23, 33702489, 2676, 0, 0
13709, 178, 900, 1219, 0, 0, 4.08%, 0, 0, 26, 2425.45, 33714387, 2676, 0, 0
13714, 178, 544, 1219, 0, 0, 4.08%, 0, 0, 26, 2492.06, 33727394, 2676, 0, 0
13719, 178, 843, 1219, 0, 0, 4.08%, 0, 0, 26, 2536.63, 33740220, 2676, 0, 0
13724, 178, 638, 1219, 0, 0, 4.08%, 0, 0, 26, 2395.53, 33752058, 2676, 0, 0
13729, 178, 936, 1219, 0, 0, 4.08%, 0, 0, 26, 2418.70, 33764716, 2676, 0, 0
13734, 178, 431, 1219, 0, 0, 4.08%, 0, 0, 26, 2487.58, 33777168, 2676, 0, 0
13739, 179, 486, 1220, 1, 0, 4.08%, 0, 0, 26, 2435.51, 33789398, 2676, 0, 0
13744, 179, 1168, 1220, 1, 0, 4.08%, 0, 0, 26, 2470.92, 33801825, 2676, 0, 0
13749, 179, 601, 1220, 1, 0, 4.08%, 0, 0, 26, 2438.62, 33814276, 2676, 0, 0
13755, 179, 1219, 1222, 3, 0, 4.08%, 0, 0, 26, 2489.10, 33827183, 2676, 0, 0
13760, 179, 843, 1223, 3, 0, 4.08%, 0, 0, 26, 2439.45, 33839567, 2676, 0, 0
13765, 179, 1220, 1223, 3, 0, 4.08%, 0, 0, 26, 2446.06, 33851956, 2676, 0, 0
13770, 179, 780, 1223, 2, 0, 4.08%, 0, 0, 26, 2366.59, 33863705, 2676, 0, 0
13775, 179, 663, 1223, 2, 0, 4.08%, 0, 0, 26, 2456.58, 33876630, 2676, 0, 0
13780, 179, 69, 1223, 2, 0, 4.08%, 0, 0, 26, 2456.40, 33889005, 2676, 0, 0
13785, 179, 1222, 1224, 3, 0, 4.08%, 0, 0, 26, 2423.32, 33901379, 2676, 0, 0
13790, 179, 896, 1224, 2, 0, 4.08%, 0, 0, 26, 2486.07, 33913983, 2676, 0, 0
13795, 179, 969, 1224, 1, 0, 4.08%, 0, 0, 26, 2518.11, 33926952, 2676, 0, 0
13800, 179, 790, 1224, 1, 0, 4.08%, 0, 0, 26, 2248.61, 33937759, 2676, 0, 0
13805, 179, 400, 1224, 0, 0, 4.08%, 0, 0, 26, 2404.96, 33950062, 2676, 0, 0
13810, 179, 564, 1224, 0, 0, 4.08%, 0, 0, 26, 2467.60, 33962639, 2676, 0, 0
13815, 179, 609, 1224, 0, 0, 4.08%, 0, 0, 26, 2472.34, 33974926, 2676, 0, 0
13821, 179, 1004, 1224, 0, 0, 4.08%, 0, 0, 26, 2395.63, 33987121, 2676, 0, 0
13826, 179, 402, 1224, 0, 0, 4.08%, 0, 0, 26, 2407.80, 33999505, 2676, 0, 0
13831, 179, 649, 1224, 0, 0, 4.08%, 0, 0, 26, 2437.10, 34011755, 2676, 0, 0
13836, 179, 86, 1224, 0, 0, 4.08%, 0, 0, 26, 2475.65, 34024106, 2676, 0, 0
13841, 179, 896, 1224, 0, 0, 4.08%, 0, 0, 26, 2405.56, 34036145, 2676, 0, 0
13846, 180, 775, 1224, 0, 0, 4.08%, 0, 0, 26, 2441.39, 34048420, 2676, 0, 0
13851, 180, 1058, 1224, 0, 0, 4.08%, 0, 0, 26, 2512.38, 34061206, 2676, 0, 0
13856, 180, 886, 1224, 0, 0, 4.08%, 0, 0, 26, 2518.93, 34073882, 2676, 0, 0
13861, 180, 336, 1225, 1, 0, 4.08%, 0, 0, 26, 2492.75, 34086688, 2676, 0, 0
13866, 180, 851, 1226, 1, 0, 4.08%, 0, 0, 26, 2461.40, 34098866, 2676, 0, 0
13871, 180, 324, 1226, 1, 0, 4.08%, 0, 0, 26, 2502.79, 34111517, 2676, 0, 0
13876, 180, 732, 1226, 1, 0, 4.08%, 0, 0, 26, 2398.18, 34123638, 2676, 0, 0
13881, 180, 969, 1226, 0, 0, 4.08%, 0, 0, 26, 2496.71, 34136628, 2676, 0, 0
13886, 180, 46, 1226, 0, 0, 4.08%, 0, 0, 26, 2454.72, 34148852, 2676, 0, 0
13892, 180, 1125, 1226, 0, 0, 4.08%, 0, 0, 26, 2429.69, 34161553, 2676, 0, 0
13897, 180, 853, 1226, 0, 0, 4.08%, 0, 0, 26, 2459.48, 34174224, 2676, 0, 0
13902, 180, 1203, 1226, 0, 0, 4.08%, 0, 0, 26, 2456.68, 34186572, 2676, 0, 0
13907, 180, 5, 1226, 0, 0, 4.08%, 0, 0, 26, 2453.20, 34198927, 2676, 0, 0
13912, 180, 1220, 1226, 0, 0, 4.08%, 0, 0, 26, 2360.30, 34210932, 2676, 0, 0
13917, 180, 625, 1226, 0, 0, 4.08%, 0, 0, 26, 2466.21, 34223400, 2676, 0, 0
13922, 180, 711, 1226, 0, 0, 4.08%, 0, 0, 26, 2494.68, 34236403, 2676, 0, 0
13927, 180, 1166, 1226, 0, 0, 4.08%, 0, 0, 26, 2446.52, 34248521, 2676, 0, 0
13932, 180, 843, 1226, 0, 0, 4.08%, 0, 0, 26, 2408.73, 34260698, 2676, 0, 0
13937, 180, 732, 1226, 0, 0, 4.08%, 0, 0, 26, 2462.76, 34273152, 2676, 0, 0
13942, 180, 1217, 1226, 0, 0, 4.08%, 0, 0, 26, 2504.24, 34285679, 2676, 0, 0
13947, 181, 654, 1226, 0, 0, 4.08%, 0, 0, 26, 2515.86, 34298404, 2676, 0, 0
13953, 181, 538, 1226, 0, 0, 4.08%, 0, 0, 26, 2269.48, 34309744, 2676, 0, 0
13958, 181, 358, 1226, 0, 0, 4.08%, 0, 0, 26, 2424.35, 34322621, 2676, 0, 0
13963, 181, 715, 1226, 0, 0, 4.08%, 0, 0, 26, 2431.86, 34334877, 2676, 0, 0
13968, 181, 1216, 1226, 0, 0, 4.08%, 0, 0, 26, 2495.97, 34347461, 2676, 0, 0
13973, 181, 257, 1226, 0, 0, 4.08%, 0, 0, 26, 2438.77, 34359752, 2676, 0, 0
13978, 181, 1226, 1227, 1, 0, 4.08%, 0, 0, 26, 2365.87, 34371550, 2676, 0, 0
13983, 181, 1007, 1227, 0, 0, 4.08%, 0, 0, 26, 2464.60, 34384606, 2676, 0, 0
13988, 181, 123, 1227, 0, 0, 4.08%, 0, 0, 26, 2403.30, 34396702, 2676, 0, 0
13993, 181, 548, 1227, 0, 0, 4.08%, 0, 0, 26, 2390.02, 34408630, 2676, 0, 0
13998, 181, 379, 1227, 0, 0, 4.08%, 0, 0, 26, 2452.18, 34421055, 2676, 0, 0
14003, 181, 749, 1227, 0, 0, 4.08%, 0, 0, 26, 2454.21, 34433431, 2676, 0, 0
14008, 181, 697, 1227, 0, 0, 4.08%, 0, 0, 26, 2378.52, 34445454, 2676, 0, 0
14014, 181, 304, 1227, 0, 0, 4.08%, 0, 0, 26, 2403.20, 34458105, 2676, 0, 0
14019, 181, 535, 1227, 0, 0, 4.08%, 0, 0, 26, 2399.14, 34470177, 2676, 0, 0
14024, 181, 17, 1227, 0, 0, 4.08%, 0, 0, 26, 2463.01, 34482756, 2676, 0, 0
14029, 181, 42, 1227, 0, 0, 4.08%, 0, 0, 26, 2506.46, 34495482, 2676, 0, 0
14034, 181, 823, 1227, 0, 0, 4.08%, 0, 0, 26, 2422.53, 34507679, 2676, 0, 0
14039, 181, 909, 1227, 0, 0, 4.08%, 0, 0, 26, 2414.61, 34520073, 2676, 0, 0
14044, 182, 980, 1227, 0, 0, 4.08%, 0, 0, 26, 2414.81, 34532550, 2676, 0, 0
14049, 182, 537, 1228, 1, 0, 4.08%, 0, 0, 26, 2435.34, 34544838, 2676, 0, 0
14054, 182, 456, 1228, 1, 0, 4.08%, 0, 0, 26, 2488.43, 34557839, 2676, 0, 0
14060, 182, 936, 1228, 1, 0, 4.08%, 0, 0, 26, 2538.00, 34571115, 2676, 0, 0
14065, 182, 527, 1228, 1, 0, 4.08%, 0, 0, 26, 2481.54, 34583387, 2676, 0, 0
14070, 182, 775, 1228, 1, 0, 4.08%, 0, 0, 26, 2472.89, 34595961, 2676, 0, 0
14075, 182, 1009, 1228, 1, 0, 4.08%, 0, 0, 26, 2478.50, 34608757, 2676, 0, 0
14080, 182, 969, 1228, 1, 0, 4.08%, 0, 0, 26, 2430.92, 34621382, 2676, 0, 0
14085, 182, 947, 1228, 1, 0, 4.08%, 0, 0, 26, 2514.74, 34634090, 2676, 0, 0
14090, 182, 672, 1228, 1, 0, 4.08%, 0, 0, 26, 2474.34, 34646535, 2676, 0, 0
14095, 182, 787, 1228, 1, 0, 4.08%, 0, 0, 26, 2526.98, 34659340, 2676, 0, 0
14100, 182, 851, 1228, 1, 0, 4.08%, 0, 0, 26, 2471.55, 34671759, 2676, 0, 0
14105, 182, 402, 1228, 1, 0, 4.08%, 0, 0, 26, 2442.45, 34683938, 2676, 0, 0
14110, 182, 1094, 1228, 1, 0, 4.08%, 0, 0, 26, 2420.30, 34696028, 2676, 0, 0
14115, 182, 649, 1228, 1, 0, 4.08%, 0, 0, 26, 2436.49, 34708286, 2676, 0, 0
14120, 182, 1058, 1228, 0, 0, 4.08%, 0, 0, 26, 2346.81, 34720132, 2676, 0, 0
14125, 182, 997, 1228, 0, 0, 4.08%, 0, 0, 26, 2439.20, 34732453, 2676, 0, 0
14131, 182, 525, 1228, 0, 0, 4.08%, 0, 0, 26, 2501.84, 34745384, 2676, 0, 0
14136, 182, 682, 1228, 0, 0, 4.08%, 0, 0, 26, 2462.03, 34757485, 2676, 0, 0
14141, 182, 621, 1228, 0, 0, 4.08%, 0, 0, 26, 2487.46, 34770110, 2676, 0, 0
14146, 183, 886, 1228, 0, 0, 4.08%, 0, 0, 26, 2503.82, 34782657, 2676, 0, 0
14151, 183, 226, 1228, 0, 0, 4.08%, 0, 0, 26, 2492.75, 34795335, 2676, 0, 0
14156, 183, 324, 1228, 0, 0, 4.08%, 0, 0, 26, 2470.63, 34807710, 2676, 0, 0
14161, 183, 823, 1228, 0, 0, 4.08%, 0, 0, 26, 2436.05, 34819632, 2676, 0, 0
14166, 183, 855, 1228, 0, 0, 4.08%, 0, 0, 26, 2420.77, 34832002, 2676, 0, 0
14171, 183, 1191, 1228, 0, 0, 4.08%, 0, 0, 26, 2495.04, 34845005, 2676, 0, 0
14176, 183, 527, 1228, 0, 0, 4.08%, 0, 0, 26, 2504.55, 34857979, 2676, 0, 0
14181, 183, 774, 1228, 0, 0, 4.08%, 0, 0, 26, 2379.80, 34869755, 2676, 0, 0
14186, 183, 705, 1228, 0, 0, 4.08%, 0, 0, 26, 2454.85, 34882300, 2676, 0, 0
14192, 183, 1144, 1228, 0, 0, 4.08%, 0, 0, 26, 2482.89, 34895127, 2676, 0, 0
14197, 183, 1013, 1228, 0, 0, 4.08%, 0, 0, 26, 2435.58, 34907504, 2676, 0, 0
14202, 183, 989, 1228, 0, 0, 4.08%, 0, 0, 26, 2435.36, 34919754, 2676, 0, 0
14207, 183, 244, 1228, 0, 0, 4.08%, 0, 0, 26, 2460.08, 34932529, 2676, 0, 0
14212, 183, 1217, 1228, 0, 0, 4.08%, 0, 0, 26, 2466.17, 34944985, 2676, 0, 0
14217, 183, 1191, 1228, 0, 0, 4.08%, 0, 0, 26, 2463.20, 34957498, 2676, 0, 0
14222, 183, 662, 1228, 0, 0, 4.08%, 0, 0, 26, 2434.86, 34969775, 2676, 0, 0
14227, 183, 936, 1228, 0, 0, 4.08%, 0, 0, 26, 2505.02, 34982881, 2676, 0, 0
14232, 183, 144, 1228, 0, 0, 4.08%, 0, 0, 26, 2453.16, 34995329, 2676, 0, 0
14237, 183, 108, 1228, 0, 0, 4.08%, 0, 0, 26, 2422.19, 35007579, 2676, 0, 0
14243, 184, 1168, 1228, 0, 0, 4.08%, 0, 0, 26, 2440.59, 35020298, 2676, 0, 0
14248, 184, 886, 1228, 0, 0, 4.08%, 0, 0, 26, 2420.81, 35032580, 2676, 0, 0
14253, 184, 1220, 1228, 0, 0, 4.08%, 0, 0, 26, 2498.19, 35045554, 2676, 0, 0
14258, 184, 508, 1228, 0, 0, 4.08%, 0, 0, 26, 2490.67, 35058005, 2676, 0, 0
14263, 184, 682, 1228, 0, 0, 4.08%, 0, 0, 26, 2464.28, 35070476, 2676, 0, 0
14268, 184, 5, 1228, 0, 0, 4.08%, 0, 0, 26, 2393.42, 35082674, 2676, 0, 0
14273, 184, 1168, 1228, 0, 0, 4.08%, 0, 0, 26, 2486.86, 35095777, 2676, 0, 0
14278, 184, 1203, 1228, 0, 0, 4.08%, 0, 0, 26, 2507.05, 35108277, 2676, 0, 0
14283, 184, 898, 1228, 0, 0, 4.08%, 0, 0, 26, 2479.67, 35120626, 2676, 0, 0
14288, 184, 1213, 1228, 0, 0, 4.08%, 0, 0, 26, 2379.80, 35132404, 2676, 0, 0
14293, 184, 1059, 1228, 0, 0, 4.08%, 0, 0, 26, 2412.84, 35144521, 2676, 0, 0
14299, 184, 780, 1228, 0, 0, 4.08%, 0, 0, 26, 2458.23, 35157347, 2676, 0, 0
14304, 184, 638, 1228, 0, 0, 4.08%, 0, 0, 26, 2509.37, 35169874, 2676, 0, 0
14309, 184, 604, 1228, 0, 0, 4.08%, 0, 0, 26, 2501.53, 35182452, 2676, 0, 0
14314, 184, 288, 1228, 0, 0, 4.08%, 0, 0, 26, 2479.21, 35195351, 2676, 0, 0
14319, 184, 810, 1228, 0, 0, 4.08%, 0, 0, 26, 2514.25, 35208002, 2676, 0, 0
14324, 184, 510, 1228, 0, 0, 4.08%, 0, 0, 26, 2471.65, 35220201, 2676, 0, 0
14329, 184, 900, 1228, 0, 0, 4.08%, 0, 0, 26, 2495.53, 35233124, 2676, 0, 0
14334, 184, 1114, 1228, 0, 0, 4.08%, 0, 0, 26, 2525.98, 35246227, 2676, 0, 0
14339, 185, 969, 1228, 0, 0, 4.08%, 0, 0, 26, 2493.20, 35258752, 2676, 0, 0
14344, 185, 372, 1228, 0, 0, 4.08%, 0, 0, 26, 2311.97, 35270269, 2676, 0, 0
14350, 185, 1227, 1228, 0, 0, 4.08%, 0, 0, 26, 2446.29, 35283221, 2676, 0, 0
14355, 185, 735, 1228, 0, 0, 4.08%, 0, 0, 26, 2461.10, 35295398, 2676, 0, 0
14360, 185, 775, 1228, 0, 0, 4.08%, 0, 0, 26, 2505.48, 35308052, 2676, 0, 0
14365, 185, 370, 1228, 0, 0, 4.08%, 0, 0, 26, 2529.81, 35320802, 2676, 0, 0
14370, 185, 1007, 1228, 0, 0, 4.08%, 0, 0, 26, 2518.46, 35333752, 2676, 0, 0
14375, 185, 1154, 1228, 0, 0, 4.08%, 0, 0, 26, 2466.30, 35346076, 2676, 0, 0
14380, 185, 900, 1228, 0, 0, 4.08%, 0, 0, 26, 2487.68, 35358595, 2676, 0, 0
14385, 185, 781, 1228, 0, 0, 4.08%, 0, 0, 26, 2468.20, 35370973, 2676, 0, 0
14390, 185, 194, 1229, 0, 0, 4.09%, 0, 0, 26, 2447.92, 35383586, 2682, 0, 0
14395, 185, 402, 1229, 0, 0, 4.09%, 0, 0, 26, 2402.79, 35395726, 2682, 0, 0
14400, 185, 512, 1229, 0, 0, 4.09%, 0, 0, 26, 2289.10, 35407303, 2682, 0, 0
14405, 185, 1228, 1229, 0, 0, 4.09%, 0, 0, 26, 2461.49, 35420291, 2682, 0, 0
14411, 185, 288, 1229, 0, 0, 4.09%, 0, 0, 26, 2489.61, 35433311, 2682, 0, 0
14416, 185, 1228, 1229, 0, 0, 4.09%, 0, 0, 26, 2443.43, 35445230, 2682, 0, 0
14421, 185, 513, 1229, 0, 0, 4.09%, 0, 0, 26, 2410.04, 35457259, 2682, 0, 0
14426, 185, 609, 1229, 0, 0, 4.09%, 0, 0, 26, 2505.66, 35469913, 2682, 0, 0
14431, 185, 1228, 1230, 1, 0, 4.09%, 0, 0, 26, 2489.97, 35482563, 2682, 0, 0
14436, 185, 1208, 1231, 1, 0, 4.09%, 0, 0, 26, 2278.19, 35494253, 2682, 0, 0
14441, 186, 324, 1231, 1, 0, 4.09%, 0, 0, 26, 2397.13, 35506413, 2682, 0, 0
14446, 186, 787, 1231, 1, 0, 4.09%, 0, 0, 26, 2438.88, 35518833, 2682, 0, 0
14452, 186, 1233, 1235, 4, 0, 4.09%, 0, 0, 26, 2467.17, 35532861, 2682, 0, 0
14457, 186, 342, 1235, 1, 0, 4.09%, 0, 0, 26, 2494.94, 35545571, 2682, 0, 0
14462, 186, 863, 1235, 1, 0, 4.09%, 0, 0, 26, 2485.99, 35557839, 2682, 0, 0
14467, 186, 1156, 1235, 1, 0, 4.09%, 0, 0, 26, 2385.71, 35569891, 2682, 0, 0
14472, 186, 255, 1235, 1, 0, 4.09%, 0, 0, 26, 2453.12, 35582341, 2682, 0, 0
14477, 186, 851, 1235, 0, 0, 4.09%, 0, 0, 26, 2436.42, 35594636, 2682, 0, 0
14482, 186, 588, 1235, 0, 0, 4.09%, 0, 0, 26, 2490.15, 35607367, 2682, 0, 0
14487, 186, 1068, 1236, 1, 0, 4.09%, 0, 0, 26, 2153.58, 35617755, 2682, 0, 0
14492, 186, 900, 1236, 1, 0, 4.09%, 0, 0, 26, 2355.19, 35630234, 2682, 0, 0
14497, 186, 1235, 1236, 1, 0, 4.09%, 0, 0, 26, 2325.51, 35642323, 2682, 0, 0
14502, 186, 1226, 1237, 1, 0, 4.09%, 0, 0, 26, 2079.97, 35650675, 2682, 0, 0
14508, 186, 1228, 1237, 1, 0, 4.09%, 0, 0, 26, 2423.39, 35663621, 2682, 0, 0
14514, 186, 1236, 1237, 1, 0, 4.09%, 0, 0, 26, 1991.74, 35674490, 2682, 0, 0
14519, 186, 1236, 1241, 5, 0, 4.09%, 0, 0, 26, 1449.99, 35681101, 2682, 0, 0
14524, 186, 54, 1242, 5, 0, 4.09%, 0, 0, 26, 1377.24, 35687724, 2682, 0, 0
14529, 186, 1238, 1242, 5, 0, 4.09%, 0, 0, 26, 1997.34, 35699645, 2682, 0, 0
14534, 186, 144, 1242, 4, 0, 4.09%, 0, 0, 26, 2084.16, 35708586, 2682, 0, 0
14539, 186, 1210, 1242, 4, 0, 4.09%, 0, 0, 26, 2136.42, 35720176, 2682, 0, 0
14544, 186, 377, 1244, 5, 0, 4.09%, 0, 0, 26, 1819.51, 35727634, 2682, 0, 0
14549, 186, 882, 1244, 4, 0, 4.09%, 0, 0, 26, 1913.84, 35735757, 2682, 0, 0
14556, 186, 1241, 1244, 4, 0, 4.09%, 0, 0, 26, 1941.84, 35749007, 2682, 0, 0
14561, 186, 1007, 1246, 5, 0, 4.09%, 0, 0, 26, 1931.48, 35757461, 2682, 0, 0
14567, 186, 287, 1246, 4, 0, 4.09%, 0, 0, 26, 1793.47, 35765640, 2682, 0, 0
14572, 186, 1220, 1246, 4, 0, 4.09%, 0, 0, 26, 2301.19, 35778321, 2682, 0, 0
14577, 186, 304, 1246, 4, 0, 4.09%, 0, 0, 26, 2438.38, 35790912, 2682, 0, 0
14582, 186, 1243, 1246, 4, 0, 4.09%, 0, 0, 26, 2395.95, 35803965, 2682, 0, 0
14587, 186, 1240, 1246, 3, 0, 4.09%, 0, 0, 26, 2288.91, 35815711, 2682, 0, 0
14593, 186, 1245, 1246, 2, 0, 4.09%, 0, 0, 26, 2024.89, 35823847, 2682, 0, 0
14598, 186, 271, 1246, 1, 0, 4.09%, 0, 0, 26, 1919.88, 35831642, 2682, 0, 0
14603, 187, 897, 1246, 1, 0, 4.09%, 0, 0, 26, 2319.20, 35844311, 2682, 0, 0
14608, 187, 107, 1246, 1, 0, 4.09%, 0, 0, 26, 2250.16, 35855931, 2682, 0, 0
14613, 187, 587, 1246, 1, 0, 4.09%, 0, 0, 26, 2397.48, 35867931, 2682, 0, 0
14618, 187, 1241, 1246, 1, 0, 4.09%, 0, 0, 26, 2253.86, 35879754, 2682, 0, 0
14624, 187, 1244, 1246, 1, 0, 4.09%, 0, 0, 26, 1948.70, 35891032, 2682, 0, 0
14629, 187, 569, 1247, 1, 0, 4.09%, 0, 0, 26, 2098.15, 35901563, 2682, 0, 0
14634, 187, 184, 1247, 1, 0, 4.09%, 0, 0, 26, 2417.47, 35914479, 2682, 0, 0
14639, 187, 158, 1247, 1, 0, 4.09%, 0, 0, 26, 2469.83, 35927029, 2682, 0, 0
14644, 187, 900, 1247, 1, 0, 4.09%, 0, 0, 26, 2489.99, 35939599, 2682, 0, 0
14649, 187, 33, 1247, 1, 0, 4.09%, 0, 0, 26, 2490.24, 35952079, 2682, 0, 0
14655, 187, 853, 1247, 1, 0, 4.09%, 0, 0, 26, 2349.77, 35963703, 2682, 0, 0
14660, 187, 550, 1247, 1, 0, 4.09%, 0, 0, 26, 2485.00, 35976354, 2682, 0, 0
14665, 187, 816, 1247, 1, 0, 4.09%, 0, 0, 26, 2364.77, 35988356, 2682, 0, 0
14670, 187, 1191, 1247, 0, 0, 4.09%, 0, 0, 26, 2218.29, 35997048, 2682, 0, 0
14675, 187, 606, 1247, 0, 0, 4.09%, 0, 0, 26, 2376.74, 36009227, 2682, 0, 0
14680, 187, 672, 1247, 0, 0, 4.09%, 0, 0, 26, 2484.25, 36021957, 2682, 0, 0
14685, 187, 569, 1247, 0, 0, 4.09%, 0, 0, 26, 2497.28, 36034606, 2682, 0, 0
14690, 187, 1228, 1247, 0, 0, 4.09%, 0, 0, 26, 2417.52, 36046808, 2682, 0, 0
14695, 187, 1238, 1247, 0, 0, 4.09%, 0, 0, 26, 2421.15, 36059226, 2682, 0, 0
14700, 187, 909, 1247, 0, 0, 4.09%, 0, 0, 26, 2328.16, 36070484, 2682, 0, 0
14705, 187, 481, 1247, 0, 0, 4.09%, 0, 0, 26, 2474.33, 36083499, 2682, 0, 0
14710, 187, 992, 1247, 0, 0, 4.09%, 0, 0, 26, 2503.36, 36096472, 2682, 0, 0
14716, 188, 937, 1247, 0, 0, 4.09%, 0, 0, 26, 2445.00, 36109188, 2682, 0, 0
14721, 188, 989, 1247, 0, 0, 4.09%, 0, 0, 26, 2506.18, 36121799, 2682, 0, 0
14726, 188, 606, 1247, 0, 0, 4.09%, 0, 0, 26, 2492.64, 36134749, 2682, 0, 0
14731, 188, 1134, 1247, 0, 0, 4.09%, 0, 0, 26, 2492.29, 36147497, 2682, 0, 0
14736, 188, 150, 1247, 0, 0, 4.09%, 0, 0, 26, 2395.58, 36159547, 2682, 0, 0
14741, 188, 941, 1247, 0, 0, 4.09%, 0, 0, 26, 2423.04, 36171967, 2682, 0, 0
14746, 188, 548, 1247, 0, 0, 4.09%, 0, 0, 26, 2371.16, 36183996, 2682, 0, 0
14751, 188, 1228, 1247, 0, 0, 4.09%, 0, 0, 26, 2465.18, 36196975, 2682, 0, 0
14756, 188, 712, 1247, 0, 0, 4.09%, 0, 0, 26, 2454.54, 36209269, 2682, 0, 0
14762, 188, 873, 1247, 0, 0, 4.09%, 0, 0, 26, 2316.30, 36220570, 2682, 0, 0
14767, 188, 1165, 1247, 0, 0, 4.09%, 0, 0, 26, 2403.94, 36233271, 2682, 0, 0
14772, 188, 667, 1247, 0, 0, 4.09%, 0, 0, 26, 2401.22, 36245541, 2682, 0, 0
14777, 188, 760, 1247, 0, 0, 4.09%, 0, 0, 26, 2418.08, 36257393, 2682, 0, 0
14782, 188, 982, 1247, 0, 0, 4.09%, 0, 0, 26, 2401.89, 36269614, 2682, 0, 0
14787, 188, 1228, 1247, 0, 0, 4.09%, 0, 0, 26, 2397.11, 36281292, 2682, 0, 0
14792, 188, 896, 1247, 0, 0, 4.09%, 0, 0, 26, 2452.09, 36293754, 2682, 0, 0
14797, 188, 1134, 1247, 0, 0, 4.09%, 0, 0, 26, 2428.94, 36305869, 2682, 0, 0
14802, 188, 604, 1247, 0, 0, 4.09%, 0, 0, 26, 2496.21, 36318489, 2682, 0, 0
14807, 188, 1212, 1247, 0, 0, 4.09%, 0, 0, 26, 2316.15, 36329571, 2682, 0, 0
14812, 188, 46, 1247, 0, 0, 4.09%, 0, 0, 26, 2482.48, 36342518, 2682, 0, 0
14817, 189, 1144, 1247, 0, 0, 4.09%, 0, 0, 26, 2476.24, 36355116, 2682, 0, 0
14823, 189, 844, 1247, 0, 0, 4.09%, 0, 0, 26, 2485.21, 36368217, 2682, 0, 0
14828, 189, 1228, 1247, 0, 0, 4.09%, 0, 0, 26, 2502.25, 36380670, 2682, 0, 0
14833, 189, 805, 1247, 0, 0, 4.09%, 0, 0, 26, 2422.88, 36392862, 2682, 0, 0
14838, 189, 54, 1248, 1, 0, 4.09%, 0, 0, 26, 2422.51, 36404903, 2682, 0, 0
14843, 189, 1008, 1248, 1, 0, 4.09%, 0, 0, 26, 2367.42, 36417081, 2682, 0, 0
14848, 189, 1234, 1248, 0, 0, 4.09%, 0, 0, 26, 2339.19, 36429161, 2682, 0, 0
14853, 189, 1083, 1248, 0, 0, 4.09%, 0, 0, 26, 2312.88, 36440997, 2682, 0, 0
14858, 189, 68, 1249, 1, 0, 4.09%, 0, 0, 26, 2327.96, 36452702, 2682, 0, 0
14863, 189, 1240, 1249, 1, 0, 4.09%, 0, 0, 26, 2354.82, 36464591, 2682, 0, 0
14868, 189, 78, 1249, 1, 0, 4.09%, 0, 0, 26, 2371.41, 36476175, 2682, 0, 0
14873, 189, 774, 1249, 1, 0, 4.09%, 0, 0, 26, 2469.99, 36489073, 2682, 0, 0
14878, 189, 286, 1249, 1, 0, 4.09%, 0, 0, 26, 2183.13, 36500358, 2682, 0, 0
14883, 189, 591, 1249, 1, 0, 4.09%, 0, 0, 26, 2305.91, 36512365, 2682, 0, 0
14888, 189, 467, 1250, 2, 0, 4.09%, 0, 0, 26, 2465.55, 36525275, 2682, 0, 0
14894, 189, 886, 1250, 2, 0, 4.09%, 0, 0, 26, 2470.61, 36538196, 2682, 0, 0
14899, 189, 1044, 1250, 1, 0, 4.09%, 0, 0, 26, 2451.33, 36550786, 2682, 0, 0
14904, 189, 1238, 1250, 1, 0, 4.09%, 0, 0, 26, 2365.81, 36562533, 2682, 0, 0
14909, 189, 689, 1250, 1, 0, 4.09%, 0, 0, 26, 2416.86, 36574896, 2682, 0, 0
14914, 189, 375, 1250, 1, 0, 4.09%, 0, 0, 26, 2379.10, 36587153, 2682, 0, 0
14919, 189, 982, 1250, 1, 0, 4.09%, 0, 0, 26, 2446.33, 36599676, 2682, 0, 0
14924, 190, 540, 1250, 1, 0, 4.09%, 0, 0, 26, 2473.73, 36612280, 2682, 0, 0
14929, 190, 1245, 1250, 1, 0, 4.09%, 0, 0, 26, 2322.34, 36624242, 2682, 0, 0
14934, 190, 537, 1250, 1, 0, 4.09%, 0, 0, 26, 2389.11, 36636303, 2682, 0, 0
14939, 190, 612, 1250, 1, 0, 4.09%, 0, 0, 26, 2396.78, 36648544, 2682, 0, 0
14944, 190, 1144, 1250, 1, 0, 4.09%, 0, 0, 26, 2415.81, 36660577, 2682, 0, 0
14950, 190, 286, 1250, 1, 0, 4.09%, 0, 0, 26, 2437.91, 36672777, 2682, 0, 0
14955, 190, 108, 1250, 1, 0, 4.09%, 0, 0, 26, 2315.57, 36684051, 2682, 0, 0
14960, 190, 989, 1250, 1, 0, 4.09%, 0, 0, 26, 2443.02, 36696454, 2682, 0, 0
14965, 190, 997, 1250, 1, 0, 4.09%, 0, 0, 26, 2463.42, 36709001, 2682, 0, 0
14970, 190, 486, 1250, 1, 0, 4.09%, 0, 0, 26, 2401.60, 36721369, 2682, 0, 0
14975, 190, 1083, 1250, 1, 0, 4.09%, 0, 0, 26, 2440.78, 36734196, 2682, 0, 0
14980, 190, 920, 1250, 1, 0, 4.09%, 0, 0, 26, 2340.69, 36745913, 2682, 0, 0
14985, 190, 997, 1250, 1, 0, 4.09%, 0, 0, 26, 2453.29, 36758311, 2682, 0, 0
14990, 190, 486, 1250, 1, 0, 4.09%, 0, 0, 26, 2449.89, 36770536, 2682, 0, 0
14995, 190, 167, 1250, 1, 0, 4.09%, 0, 0, 26, 2442.60, 36782938, 2682, 0, 0
15000, 190, 150, 1250, 1, 0, 4.09%, 0, 0, 26, 2395.59, 36794811, 2682, 0, 0
15005, 190, 843, 1250, 1, 0, 4.09%, 0, 0, 26, 2448.47, 36807740, 2682, 0, 0
15011, 190, 1201, 1250, 1, 0, 4.09%, 0, 0, 26, 2402.01, 36820058, 2682, 0, 0
15016, 190, 1228, 1250, 1, 0, 4.09%, 0, 0, 26, 2464.18, 36832587, 2682, 0, 0
15021, 190, 661, 1250, 1, 0, 4.09%, 0, 0, 26, 2397.33, 36844652, 2682, 0, 0
15026, 190, 692, 1250, 1, 0, 4.09%, 0, 0, 26, 2483.28, 36857191, 2682, 0, 0
15031, 190, 244, 1250, 1, 0, 4.09%, 0, 0, 26, 2486.55, 36869690, 2682, 0, 0
15036, 191, 636, 1250, 1, 0, 4.09%, 0, 0, 26, 2429.59, 36881713, 2682, 0, 0
15041, 191, 736, 1250, 1, 0, 4.09%, 0, 0, 26, 2432.69, 36893940, 2682, 0, 0
15046, 191, 1235, 1251, 2, 0, 4.09%, 0, 0, 26, 2355.51, 36906087, 2682, 0, 0
15051, 191, 1058, 1251, 2, 0, 4.09%, 0, 0, 26, 2292.08, 36916648, 2682, 0, 0
15056, 191, 286, 1251, 2, 0, 4.09%, 0, 0, 26, 2356.84, 36928443, 2682, 0, 0
15061, 191, 1250, 1251, 2, 0, 4.09%, 0, 0, 26, 1972.05, 36937153, 2682, 0, 0
15066, 191, 286, 1252, 2, 0, 4.09%, 0, 0, 26, 2336.09, 36949181, 2682, 0, 0
15072, 191, 78, 1252, 2, 0, 4.09%, 0, 0, 26, 2392.88, 36961612, 2682, 0, 0
15077, 191, 600, 1252, 2, 0, 4.09%, 0, 0, 26, 2444.76, 36974089, 2682, 0, 0
15082, 191, 826, 1252, 2, 0, 4.09%, 0, 0, 26, 2460.93, 36986509, 2682, 0, 0
15087, 191, 787, 1252, 2, 0, 4.09%, 0, 0, 26, 2452.01, 36998786, 2682, 0, 0
15092, 191, 628, 1252, 2, 0, 4.09%, 0, 0, 26, 2407.21, 37011217, 2682, 0, 0
15097, 191, 851, 1252, 2, 0, 4.09%, 0, 0, 26, 2440.32, 37023394, 2682, 0, 0
15102, 191, 1233, 1252, 2, 0, 4.09%, 0, 0, 26, 2435.43, 37035906, 2682, 0, 0
15107, 191, 715, 1255, 4, 0, 4.09%, 0, 0, 26, 2438.13, 37048186, 2682, 0, 0
15113, 191, 1251, 1255, 4, 0, 4.09%, 0, 0, 26, 2050.82, 37057478, 2682, 0, 0
15118, 191, 1255, 1256, 3, 1, 4.10%, 0, 0, 26, 2188.51, 37069622, 2685, 0, 0
15123, 191, 1085, 1256, 2, 0, 4.10%, 0, 0, 26, 2425.17, 37082575, 2685, 0, 0
15129, 191, 513, 1257, 3, 0, 4.10%, 0, 0, 26, 2422.21, 37095142, 2685, 0, 0
15134, 191, 61, 1257, 3, 0, 4.10%, 0, 0, 26, 2351.93, 37106673, 2685, 0, 0
15139, 191, 120, 1257, 3, 0, 4.10%, 0, 0, 26, 2484.91, 37119771, 2685, 0, 0
15144, 191, 866, 1257, 3, 0, 4.10%, 0, 0, 26, 2488.00, 37132272, 2685, 0, 0
15149, 191, 1134, 1257, 3, 0, 4.10%, 0, 0, 26, 2318.50, 37144173, 2685, 0, 0
15154, 192, 589, 1257, 3, 0, 4.10%, 0, 0, 26, 2477.94, 37157372, 2685, 0, 0
15159, 192, 595, 1257, 3, 0, 4.10%, 0, 0, 26, 2456.00, 37169847, 2685, 0, 0
15164, 192, 609, 1257, 2, 0, 4.10%, 0, 0, 26, 2403.77, 37181344, 2685, 0, 0
15170, 192, 700, 1257, 2, 0, 4.10%, 0, 0, 26, 2404.29, 37193295, 2685, 0, 0
15175, 192, 886, 1257, 2, 0, 4.10%, 0, 0, 26, 2436.38, 37205610, 2685, 0, 0
15180, 192, 316, 1257, 2, 0, 4.10%, 0, 0, 26, 2315.40, 37216987, 2685, 0, 0
15185, 192, 752, 1257, 2, 0, 4.10%, 0, 0, 26, 2401.49, 37229291, 2685, 0, 0
15190, 192, 1191, 1257, 2, 0, 4.10%, 0, 0, 26, 2334.20, 37241052, 2685, 0, 0
15195, 192, 968, 1257, 2, 0, 4.10%, 0, 0, 26, 2391.65, 37253079, 2685, 0, 0
15200, 192, 682, 1257, 2, 0, 4.10%, 0, 0, 26, 2417.02, 37265012, 2685, 0, 0
15205, 192, 1251, 1257, 2, 0, 4.10%, 0, 0, 26, 2183.21, 37276452, 2685, 0, 0
15210, 192, 972, 1258, 3, 0, 4.10%, 0, 0, 26, 2299.39, 37287199, 2685, 0, 0
15215, 192, 667, 1258, 3, 0, 4.10%, 0, 0, 26, 2395.50, 37299420, 2685, 0, 0
15222, 192, 1248, 1258, 3, 0, 4.10%, 0, 0, 26, 2333.65, 37314796, 2685, 0, 0
15227, 192, 805, 1258, 2, 0, 4.10%, 0, 0, 26, 2405.83, 37326434, 2685, 0, 0
15232, 192, 1228, 1258, 1, 0, 4.10%, 0, 0, 26, 1925.37, 37334414, 2685, 0, 0
15237, 192, 795, 1258, 1, 0, 4.10%, 0, 0, 26, 2366.58, 37346781, 2685, 0, 0
15242, 192, 155, 1258, 1, 0, 4.10%, 0, 0, 26, 2500.24, 37359549, 2685, 0, 0
15247, 192, 1254, 1258, 1, 0, 4.10%, 0, 0, 26, 2500.95, 37372426, 2685, 0, 0
15252, 192, 513, 1258, 0, 0, 4.10%, 0, 0, 26, 2488.94, 37384898, 2685, 0, 0
15257, 192, 969, 1258, 0, 0, 4.10%, 0, 0, 26, 2474.79, 37397370, 2685, 0, 0
15262, 192, 1083, 1258, 0, 0, 4.10%, 0, 0, 26, 2424.04, 37409449, 2685, 0, 0
15267, 192, 503, 1258, 0, 0, 4.10%, 0, 0, 26, 2459.70, 37421772, 2685, 0, 0
15272, 192, 851, 1258, 0, 0, 4.10%, 0, 0, 26, 2374.27, 37433773, 2685, 0, 0
15277, 193, 853, 1258, 0, 0, 4.10%, 0, 0, 26, 2446.51, 37446092, 2685, 0, 0
15283, 193, 1228, 1258, 0, 0, 4.10%, 0, 0, 26, 2444.88, 37458662, 2685, 0, 0
15288, 193, 71, 1258, 0, 0, 4.10%, 0, 0, 26, 2453.95, 37471074, 2685, 0, 0
15293, 193, 1255, 1259, 1, 0, 4.10%, 0, 0, 26, 2480.18, 37483587, 2685, 0, 0
15298, 193, 1222, 1259, 1, 0, 4.10%, 0, 0, 26, 2463.21, 37496078, 2685, 0, 0
15303, 193, 422, 1259, 1, 0, 4.10%, 0, 0, 26, 2441.98, 37508231, 2685, 0, 0
15308, 193, 1228, 1259, 1, 0, 4.10%, 0, 0, 26, 2476.16, 37521241, 2685, 0, 0
15313, 193, 984, 1259, 1, 0, 4.10%, 0, 0, 26, 2484.22, 37534256, 2685, 0, 0
15318, 193, 1255, 1259, 1, 0, 4.10%, 0, 0, 26, 2489.38, 37546753, 2685, 0, 0
15323, 193, 732, 1259, 1, 0, 4.10%, 0, 0, 26, 2442.74, 37558950, 2685, 0, 0
15328, 193, 1255, 1259, 1, 0, 4.10%, 0, 0, 26, 2405.03, 37571220, 2685, 0, 0
15333, 193, 512, 1259, 1, 0, 4.10%, 0, 0, 26, 2453.19, 37583602, 2685, 0, 0
15338, 193, 150, 1259, 1, 0, 4.10%, 0, 0, 26, 2415.80, 37595806, 2685, 0, 0
15343, 193, 545, 1259, 1, 0, 4.10%, 0, 0, 26, 2410.51, 37607880, 2685, 0, 0
15348, 193, 1253, 1259, 1, 0, 4.10%, 0, 0, 26, 2420.57, 37620155, 2685, 0, 0
15354, 193, 90, 1259, 1, 0, 4.10%, 0, 0, 26, 2439.97, 37632456, 2685, 0, 0
15359, 193, 1160, 1259, 1, 0, 4.10%, 0, 0, 26, 2478.76, 37645077, 2685, 0, 0
15364, 193, 123, 1259, 1, 0, 4.10%, 0, 0, 26, 2514.66, 37657682, 2685, 0, 0
15369, 193, 1106, 1259, 1, 0, 4.10%, 0, 0, 26, 2474.79, 37670030, 2685, 0, 0
15374, 193, 1258, 1259, 1, 0, 4.10%, 0, 0, 26, 2374.52, 37682142, 2685, 0, 0
15379, 193, 304, 1259, 0, 0, 4.10%, 0, 0, 26, 2468.33, 37694621, 2685, 0, 0
15384, 194, 1251, 1259, 0, 0, 4.10%, 0, 0, 26, 2479.78, 37707046, 2685, 0, 0
15389, 194, 578, 1259, 0, 0, 4.10%, 0, 0, 26, 2075.61, 37716396, 2685, 0, 0
15394, 194, 909, 1259, 0, 0, 4.10%, 0, 0, 26, 2320.73, 37727906, 2685, 0, 0
15399, 194, 515, 1259, 0, 0, 4.10%, 0, 0, 26, 2446.38, 37740812, 2685, 0, 0
15404, 194, 998, 1259, 0, 0, 4.10%, 0, 0, 26, 2472.95, 37753435, 2685, 0, 0
15409, 194, 525, 1259, 0, 0, 4.10%, 0, 0, 26, 2476.65, 37766013, 2685, 0, 0
15414, 194, 120, 1259, 0, 0, 4.10%, 0, 0, 26, 2478.75, 37778513, 2685, 0, 0
15419, 194, 853, 1259, 0, 0, 4.10%, 0, 0, 26, 2406.31, 37790713, 2685, 0, 0
15425, 194, 1089, 1259, 0, 0, 4.10%, 0, 0, 26, 2333.62, 37803306, 2685, 0, 0
15430, 194, 1228, 1259, 0, 0, 4.10%, 0, 0, 26, 2477.42, 37815934, 2685, 0, 0
15435, 194, 969, 1259, 0, 0, 4.10%, 0, 0, 26, 2515.39, 37828589, 2685, 0, 0
15440, 194, 735, 1259, 0, 0, 4.10%, 0, 0, 26, 2475.85, 37841061, 2685, 0, 0
15445, 194, 754, 1259, 0, 0, 4.10%, 0, 0, 26, 2505.99, 37853664, 2685, 0, 0
15450, 194, 604, 1259, 0, 0, 4.10%, 0, 0, 26, 2440.19, 37866182, 2685, 0, 0
15455, 194, 1255, 1259, 0, 0, 4.10%, 0, 0, 26, 2443.70, 37878547, 2685, 0, 0
15460, 194, 810, 1259, 0, 0, 4.10%, 0, 0, 26, 2503.67, 37891669, 2685, 0, 0
15465, 194, 1229, 1259, 0, 0, 4.10%, 0, 0, 26, 2325.06, 37903150, 2685, 0, 0
15470, 194, 632, 1259, 0, 0, 4.10%, 0, 0, 26, 2404.67, 37915213, 2685, 0, 0
15475, 194, 943, 1259, 0, 0, 4.10%, 0, 0, 26, 2355.25, 37927515, 2685, 0, 0
15480, 194, 840, 1259, 0, 0, 4.10%, 0, 0, 26, 2371.84, 37939463, 2685, 0, 0
15485, 194, 882, 1259, 0, 0, 4.10%, 0, 0, 26, 2470.42, 37951943, 2685, 0, 0
15490, 194, 62, 1259, 0, 0, 4.10%, 0, 0, 26, 2443.92, 37964265, 2685, 0, 0
15496, 195, 853, 1259, 0, 0, 4.10%, 0, 0, 26, 2453.41, 37977064, 2685, 0, 0
15501, 195, 782, 1259, 0, 0, 4.10%, 0, 0, 26, 2448.01, 37989536, 2685, 0, 0
15506, 195, 1007, 1259, 0, 0, 4.10%, 0, 0, 26, 2138.44, 38000671, 2685, 0, 0
15511, 195, 403, 1259, 0, 0, 4.10%, 0, 0, 26, 2400.88, 38013441, 2685, 0, 0
15516, 195, 660, 1259, 0, 0, 4.10%, 0, 0, 26, 2401.55, 38025557, 2685, 0, 0
15521, 195, 766, 1259, 0, 0, 4.10%, 0, 0, 26, 2451.32, 38038390, 2685, 0, 0
15526, 195, 1133, 1259, 0, 0, 4.10%, 0, 0, 26, 2478.72, 38050814, 2685, 0, 0
15531, 195, 732, 1259, 0, 0, 4.10%, 0, 0, 26, 2505.23, 38063492, 2685, 0, 0
15536, 195, 139, 1259, 0, 0, 4.10%, 0, 0, 26, 2468.97, 38076013, 2685, 0, 0
15541, 195, 1092, 1259, 0, 0, 4.10%, 0, 0, 26, 2415.83, 38088352, 2685, 0, 0
15546, 195, 1194, 1259, 0, 0, 4.10%, 0, 0, 26, 2449.47, 38100686, 2685, 0, 0
15551, 195, 1191, 1259, 0, 0, 4.10%, 0, 0, 26, 2525.29, 38113514, 2685, 0, 0
15556, 195, 177, 1259, 0, 0, 4.10%, 0, 0, 26, 2478.64, 38125787, 2685, 0, 0
15561, 195, 900, 1259, 0, 0, 4.10%, 0, 0, 26, 2368.58, 38137812, 2685, 0, 0
15566, 195, 672, 1259, 0, 0, 4.10%, 0, 0, 26, 2453.08, 38150337, 2685, 0, 0
15571, 195, 682, 1259, 0, 0, 4.10%, 0, 0, 26, 2419.47, 38162062, 2685, 0, 0
15577, 195, 1126, 1259, 0, 0, 4.10%, 0, 0, 26, 2504.21, 38174789, 2685, 0, 0
15582, 195, 729, 1259, 0, 0, 4.10%, 0, 0, 26, 2262.08, 38185440, 2685, 0, 0
15587, 195, 672, 1259, 0, 0, 4.10%, 0, 0, 26, 2432.23, 38197860, 2685, 0, 0
15592, 195, 396, 1259, 0, 0, 4.10%, 0, 0, 26, 2474.92, 38210710, 2685, 0, 0
15597, 196, 1004, 1259, 0, 0, 4.10%, 0, 0, 26, 2506.01, 38223358, 2685, 0, 0
15602, 196, 1144, 1259, 0, 0, 4.10%, 0, 0, 26, 2427.58, 38235279, 2685, 0, 0
15607, 196, 1255, 1259, 0, 0, 4.10%, 0, 0, 26, 2380.86, 38247679, 2685, 0, 0
15612, 196, 512, 1259, 0, 0, 4.10%, 0, 0, 26, 2475.83, 38260672, 2685, 0, 0
15617, 196, 158, 1259, 0, 0, 4.10%, 0, 0, 26, 2366.31, 38272797, 2685, 0, 0
15622, 196, 663, 1259, 0, 0, 4.10%, 0, 0, 26, 2474.69, 38285373, 2685, 0, 0
15627, 196, 851, 1259, 0, 0, 4.10%, 0, 0, 26, 2482.86, 38297897, 2685, 0, 0
15632, 196, 1255, 1259, 0, 0, 4.10%, 0, 0, 26, 2510.31, 38310475, 2685, 0, 0
15638, 196, 600, 1259, 0, 0, 4.10%, 0, 0, 26, 2459.23, 38322970, 2685, 0, 0
15643, 196, 600, 1259, 0, 0, 4.10%, 0, 0, 26, 2418.49, 38335023, 2685, 0, 0
15648, 196, 1183, 1259, 0, 0, 4.10%, 0, 0, 26, 2327.40, 38346821, 2685, 0, 0
15653, 196, 907, 1259, 0, 0, 4.10%, 0, 0, 26, 2361.92, 38358854, 2685, 0, 0
15658, 196, 1228, 1259, 0, 0, 4.10%, 0, 0, 26, 2461.64, 38371398, 2685, 0, 0
15663, 196, 1255, 1259, 0, 0, 4.10%, 0, 0, 26, 2431.24, 38383628, 2685, 0, 0
15668, 196, 851, 1259, 0, 0, 4.10%, 0, 0, 26, 2452.99, 38396167, 2685, 0, 0
15673, 196, 1176, 1259, 0, 0, 4.10%, 0, 0, 26, 2536.22, 38409120, 2685, 0, 0
15678, 196, 1168, 1259, 0, 0, 4.10%, 0, 0, 26, 2377.02, 38421161, 2685, 0, 0
15683, 196, 609, 1259, 0, 0, 4.10%, 0, 0, 26, 2421.79, 38432964, 2685, 0, 0
15688, 196, 1255, 1260, 1, 0, 4.10%, 0, 0, 26, 2483.28, 38445530, 2685, 0, 0
15693, 196, 782, 1261, 2, 0, 4.10%, 0, 0, 26, 2447.42, 38457728, 2685, 0, 0
15698, 196, 1144, 1261, 2, 0, 4.10%, 0, 0, 26, 2450.89, 38470303, 2685, 0, 0
15703, 196, 548, 1262, 2, 0, 4.10%, 0, 0, 26, 2409.51, 38481928, 2685, 0, 0
15708, 196, 1261, 1263, 2, 0, 4.10%, 0, 0, 26, 2263.30, 38493253, 2685, 0, 0
15713, 196, 719, 1263, 1, 0, 4.10%, 0, 0, 26, 2378.49, 38505172, 2685, 0, 0
15718, 197, 1246, 1263, 1, 0, 4.10%, 0, 0, 26, 2320.37, 38516911, 2685, 0, 0
15723, 197, 604, 1263, 1, 0, 4.10%, 0, 0, 26, 2384.40, 38528447, 2685, 0, 0
15728, 197, 269, 1263, 0, 0, 4.10%, 0, 0, 26, 2433.25, 38540505, 2685, 0, 0
15734, 197, 882, 1263, 0, 0, 4.10%, 0, 0, 26, 2416.90, 38553049, 2685, 0, 0
15739, 197, 358, 1263, 0, 0, 4.10%, 0, 0, 26, 2441.24, 38565428, 2685, 0, 0
15744, 197, 602, 1264, 1, 0, 4.10%, 0, 0, 26, 2360.93, 38576796, 2685, 0, 0
15749, 197, 719, 1264, 1, 0, 4.10%, 0, 0, 26, 2395.94, 38589180, 2685, 0, 0
15754, 197, 909, 1264, 1, 0, 4.10%, 0, 0, 26, 2406.31, 38601183, 2685, 0, 0
15759, 197, 78, 1264, 1, 0, 4.10%, 0, 0, 26, 2478.67, 38613737, 2685, 0, 0
15764, 197, 589, 1264, 1, 0, 4.10%, 0, 0, 26, 2454.98, 38625962, 2685, 0, 0
15769, 197, 1255, 1264, 1, 0, 4.10%, 0, 0, 26, 2347.35, 38637629, 2685, 0, 0
15774, 197, 781, 1266, 3, 0, 4.10%, 0, 0, 26, 2477.37, 38650580, 2685, 0, 0
15779, 197, 629, 1266, 2, 0, 4.10%, 0, 0, 26, 2511.50, 38663097, 2685, 0, 0
15784, 197, 1111, 1266, 2, 0, 4.10%, 0, 0, 26, 2473.50, 38675441, 2685, 0, 0
15789, 197, 649, 1266, 1, 0, 4.10%, 0, 0, 26, 2419.14, 38687408, 2685, 0, 0
15794, 197, 224, 1266, 1, 0, 4.10%, 0, 0, 26, 2365.31, 38699585, 2685, 0, 0
15799, 197, 1249, 1266, 1, 0, 4.10%, 0, 0, 26, 2426.29, 38711737, 2685, 0, 0
15804, 197, 845, 1266, 1, 0, 4.10%, 0, 0, 26, 2431.29, 38724079, 2685, 0, 0
15809, 197, 997, 1266, 0, 0, 4.10%, 0, 0, 26, 2453.10, 38736320, 2685, 0, 0
15814, 197, 882, 1266, 0, 0, 4.10%, 0, 0, 26, 2377.36, 38748187, 2685, 0, 0
15819, 197, 1120, 1266, 0, 0, 4.10%, 0, 0, 26, 2334.49, 38759885, 2685, 0, 0
15825, 197, 735, 1266, 0, 0, 4.10%, 0, 0, 26, 2397.43, 38772399, 2685, 0, 0
15830, 198, 736, 1266, 0, 0, 4.10%, 0, 0, 26, 2426.09, 38784745, 2685, 0, 0
15835, 198, 546, 1266, 0, 0, 4.10%, 0, 0, 26, 2427.00, 38797304, 2685, 0, 0
15840, 198, 1255, 1266, 0, 0, 4.10%, 0, 0, 26, 2467.05, 38810275, 2685, 0, 0
15845, 198, 110, 1266, 0, 0, 4.10%, 0, 0, 26, 2450.89, 38822476, 2685, 0, 0
15850, 198, 719, 1266, 0, 0, 4.10%, 0, 0, 26, 2347.80, 38834393, 2685, 0, 0
15855, 198, 105, 1266, 0, 0, 4.10%, 0, 0, 26, 2404.86, 38846499, 2685, 0, 0
15860, 198, 503, 1266, 0, 0, 4.10%, 0, 0, 26, 2435.74, 38858878, 2685, 0, 0
15865, 198, 632, 1266, 0, 0, 4.10%, 0, 0, 26, 2524.44, 38871704, 2685, 0, 0
15870, 198, 742, 1266, 0, 0, 4.10%, 0, 0, 26, 2388.09, 38883665, 2685, 0, 0
15875, 198, 1247, 1266, 0, 0, 4.10%, 0, 0, 26, 2425.77, 38895718, 2685, 0, 0
15880, 198, 239, 1266, 0, 0, 4.10%, 0, 0, 26, 2380.25, 38907579, 2685, 0, 0
15885, 198, 1213, 1266, 0, 0, 4.10%, 0, 0, 26, 2444.15, 38919953, 2685, 0, 0
15891, 198, 896, 1266, 0, 0, 4.10%, 0, 0, 26, 2509.32, 38933055, 2685, 0, 0
15896, 198, 969, 1266, 0, 0, 4.10%, 0, 0, 26, 2500.94, 38945951, 2685, 0, 0
15901, 198, 689, 1266, 0, 0, 4.10%, 0, 0, 26, 2440.64, 38958038, 2685, 0, 0
15906, 198, 1261, 1266, 0, 0, 4.10%, 0, 0, 26, 2398.78, 38970268, 2685, 0, 0
15911, 198, 1194, 1266, 0, 0, 4.10%, 0, 0, 26, 2337.26, 38981758, 2685, 0, 0
15916, 198, 609, 1266, 0, 0, 4.10%, 0, 0, 26, 2355.68, 38993316, 2685, 0, 0
15921, 198, 56, 1266, 0, 0, 4.10%, 0, 0, 26, 2435.72, 39005894, 2685, 0, 0
15926, 198, 972, 1266, 0, 0, 4.10%, 0, 0, 26, 2499.13, 39018419, 2685, 0, 0
15931, 198, 736, 1266, 0, 0, 4.10%, 0, 0, 26, 2337.66, 39029994, 2685, 0, 0
15936, 199, 900, 1266, 0, 0, 4.10%, 0, 0, 26, 2354.93, 39041704, 2685, 0, 0
15941, 199, 1144, 1266, 0, 0, 4.10%, 0, 0, 26, 2465.47, 39054037, 2685, 0, 0
15946, 199, 708, 1266, 0, 0, 4.10%, 0, 0, 26, 2192.20, 39065023, 2685, 0, 0
15951, 199, 996, 1266, 0, 0, 4.10%, 0, 0, 26, 2405.46, 39077478, 2685, 0, 0
15956, 199, 1255, 1266, 0, 0, 4.10%, 0, 0, 26, 2410.76, 39089464, 2685, 0, 0
15961, 199, 998, 1266, 0, 0, 4.10%, 0, 0, 26, 2439.30, 39101838, 2685, 0, 0
15966, 199, 1228, 1266, 0, 0, 4.10%, 0, 0, 26, 2471.89, 39114362, 2685, 0, 0
15971, 199, 149, 1266, 0, 0, 4.10%, 0, 0, 26, 2462.57, 39126764, 2685, 0, 0
15976, 199, 886, 1266, 0, 0, 4.10%, 0, 0, 26, 2456.42, 39139105, 2685, 0, 0
15981, 199, 498, 1266, 0, 0, 4.10%, 0, 0, 26, 2413.65, 39151288, 2685, 0, 0
15987, 199, 787, 1266, 0, 0, 4.10%, 0, 0, 26, 2429.95, 39163486, 2685, 0, 0
15992, 199, 735, 1266, 0, 0, 4.10%, 0, 0, 26, 2429.79, 39175736, 2685, 0, 0
15997, 199, 1184, 1266, 0, 0, 4.10%, 0, 0, 26, 2495.97, 39188707, 2685, 0, 0
16002, 199, 486, 1266, 0, 0, 4.10%, 0, 0, 26, 2498.77, 39201288, 2685, 0, 0
16007, 199, 1255, 1266, 0, 0, 4.10%, 0, 0, 26, 2481.05, 39213756, 2685, 0, 0
16012, 199, 609, 1266, 0, 0, 4.10%, 0, 0, 26, 2424.09, 39226063, 2685, 0, 0
16017, 199, 70, 1266, 0, 0, 4.10%, 0, 0, 26, 2462.57, 39238464, 2685, 0, 0
16022, 199, 512, 1266, 0, 0, 4.10%, 0, 0, 26, 2450.63, 39250857, 2685, 0, 0
16027, 199, 909, 1266, 0, 0, 4.10%, 0, 0, 26, 2383.98, 39262625, 2685, 0, 0
16032, 199, 466, 1266, 0, 0, 4.10%, 0, 0, 26, 2427.55, 39274536, 2685, 0, 0
16037, 199, 774, 1266, 0, 0, 4.10%, 0, 0, 26, 2441.80, 39286832, 2685, 0, 0
16042, 199, 909, 1266, 0, 0, 4.10%, 0, 0, 26, 2435.03, 39299451, 2685, 0, 0
16047, 200, 591, 1266, 0, 0, 4.10%, 0, 0, 26, 2350.81, 39311182, 2685, 0, 0
16052, 200, 997, 1266, 0, 0, 4.10%, 0, 0, 26, 2490.37, 39323814, 2685, 0, 0
16057, 200, 1228, 1266, 0, 0, 4.10%, 0, 0, 26, 2405.31, 39335622, 2685, 0, 0
16063, 200, 1255, 1266, 0, 0, 4.10%, 0, 0, 26, 2435.50, 39347774, 2685, 0, 0
16068, 200, 682, 1266, 0, 0, 4.10%, 0, 0, 26, 2441.66, 39359814, 2685, 0, 0
16073, 200, 843, 1266, 0, 0, 4.10%, 0, 0, 26, 2429.86, 39372109, 2685, 0, 0
16078, 200, 638, 1266, 0, 0, 4.10%, 0, 0, 26, 2194.26, 39383058, 2685, 0, 0
16083, 200, 997, 1266, 0, 0, 4.10%, 0, 0, 26, 2382.07, 39395225, 2685, 0, 0
16088, 200, 736, 1266, 0, 0, 4.10%, 0, 0, 26, 2483.43, 39407863, 2685, 0, 0
16093, 200, 936, 1266, 0, 0, 4.10%, 0, 0, 26, 2459.22, 39420289, 2685, 0, 0
16098, 200, 324, 1266, 0, 0, 4.10%, 0, 0, 26, 2296.43, 39431962, 2685, 0, 0
16103, 200, 1255, 1266, 0, 0, 4.10%, 0, 0, 26, 2437.32, 39444473, 2685, 0, 0
16108, 200, 1128, 1266, 0, 0, 4.10%, 0, 0, 26, 2134.74, 39455524, 2685, 0, 0
16113, 200, 854, 1266, 0, 0, 4.10%, 0, 0, 26, 2296.37, 39467497, 2685, 0, 0
16118, 200, 936, 1266, 0, 0, 4.10%, 0, 0, 26, 2433.73, 39480003, 2685, 0, 0
16123, 200, 1087, 1266, 0, 0, 4.10%, 0, 0, 26, 2448.62, 39492802, 2685, 0, 0
16128, 200, 980, 1266, 0, 0, 4.10%, 0, 0, 26, 2426.49, 39504895, 2685, 0, 0
16133, 200, 626, 1266, 0, 0, 4.10%, 0, 0, 26, 2422.56, 39517055, 2685, 0, 0
16138, 200, 58, 1266, 0, 0, 4.10%, 0, 0, 26, 2429.55, 39529380, 2685, 0, 0
16143, 200, 523, 1266, 0, 0, 4.10%, 0, 0, 26, 2442.71, 39541879, 2685, 0, 0
16149, 200, 766, 1266, 0, 0, 4.10%, 0, 0, 26, 2487.09, 39554478, 2685, 0, 0
16154, 201, 936, 1267, 1, 0, 4.10%, 0, 0, 26, 2369.11, 39566543, 2685, 0, 0
16159, 201, 55, 1267, 1, 0, 4.10%, 0, 0, 26, 2289.04, 39578414, 2685, 0, 0
16164, 201, 844, 1267, 1, 0, 4.10%, 0, 0, 26, 2394.30, 39590693, 2685, 0, 0
16169, 201, 537, 1267, 1, 0, 4.10%, 0, 0, 26, 2481.57, 39603641, 2685, 0, 0
16174, 201, 909, 1267, 1, 0, 4.10%, 0, 0, 26, 2503.89, 39616219, 2685, 0, 0
16179, 201, 62, 1267, 1, 0, 4.10%, 0, 0, 26, 2495.35, 39628667, 2685, 0, 0
16184, 201, 851, 1267, 1, 0, 4.10%, 0, 0, 26, 2377.72, 39640782, 2685, 0, 0
16190, 201, 896, 1267, 1, 0, 4.10%, 0, 0, 26, 2459.68, 39653661, 2685, 0, 0
16195, 201, 1125, 1267, 1, 0, 4.10%, 0, 0, 26, 2419.31, 39665786, 2685, 0, 0
16200, 201, 108, 1267, 1, 0, 4.10%, 0, 0, 26, 2496.81, 39678818, 2685, 0, 0
16205, 201, 750, 1268, 2, 0, 4.10%, 0, 0, 26, 2221.24, 39689427, 2685, 0, 0
16210, 201, 812, 1268, 2, 0, 4.10%, 0, 0, 26, 2475.31, 39702525, 2685, 0, 0
16215, 201, 78, 1268, 2, 0, 4.10%, 0, 0, 26, 2374.46, 39714345, 2685, 0, 0
16220, 201, 1083, 1268, 2, 0, 4.10%, 0, 0, 26, 2297.54, 39725811, 2685, 0, 0
16225, 201, 775, 1268, 2, 0, 4.10%, 0, 0, 26, 2449.53, 39738414, 2685, 0, 0
16230, 201, 1134, 1268, 1, 0, 4.10%, 0, 0, 26, 2475.17, 39751004, 2685, 0, 0
16235, 201, 998, 1268, 1, 0, 4.10%, 0, 0, 26, 2420.76, 39763221, 2685, 0, 0
16240, 201, 939, 1268, 1, 0, 4.10%, 0, 0, 26, 2470.15, 39775628, 2685, 0, 0
16245, 201, 69, 1268, 0, 0, 4.10%, 0, 0, 26, 1799.23, 39782234, 2685, 0, 0
16251, 201, 735, 1268, 0, 0, 4.10%, 0, 0, 26, 2365.51, 39795244, 2685, 0, 0
16256, 201, 481, 1268, 0, 0, 4.10%, 0, 0, 26, 2457.55, 39807699, 2685, 0, 0
16261, 201, 1191, 1268, 0, 0, 4.10%, 0, 0, 26, 2520.42, 39820400, 2685, 0, 0
16266, 202, 1255, 1268, 0, 0, 4.10%, 0, 0, 26, 2477.86, 39832870, 2685, 0, 0
16271, 202, 158, 1268, 0, 0, 4.10%, 0, 0, 26, 2460.75, 39845423, 2685, 0, 0
16276, 202, 591, 1268, 0, 0, 4.10%, 0, 0, 26, 2398.55, 39857397, 2685, 0, 0
16281, 202, 588, 1268, 0, 0, 4.10%, 0, 0, 26, 2476.07, 39869998, 2685, 0, 0
16286, 202, 1058, 1268, 0, 0, 4.10%, 0, 0, 26, 2431.93, 39882693, 2685, 0, 0
16291, 202, 287, 1269, 1, 0, 4.10%, 0, 0, 26, 2484.30, 39895325, 2685, 0, 0
16296, 202, 1268, 1270, 2, 0, 4.10%, 0, 0, 26, 2406.26, 39907316, 2685, 0, 0
16301, 202, 1083, 1270, 1, 0, 4.10%, 0, 0, 26, 2383.15, 39919761, 2685, 0, 0
16307, 202, 909, 1270, 1, 0, 4.10%, 0, 0, 26, 2458.66, 39932376, 2685, 0, 0
16312, 202, 456, 1270, 1, 0, 4.10%, 0, 0, 26, 2434.86, 39945000, 2685, 0, 0
16317, 202, 886, 1270, 0, 0, 4.10%, 0, 0, 26, 2449.39, 39956955, 2685, 0, 0
16322, 202, 1007, 1270, 0, 0, 4.10%, 0, 0, 26, 2352.93, 39968757, 2685, 0, 0
16327, 202, 625, 1270, 0, 0, 4.10%, 0, 0, 26, 2459.20, 39981328, 2685, 0, 0
16332, 202, 853, 1270, 0, 0, 4.10%, 0, 0, 26, 2453.19, 39993617, 2685, 0, 0
16337, 202, 524, 1270, 0, 0, 4.10%, 0, 0, 26, 2395.57, 40005669, 2685, 0, 0
16342, 202, 1236, 1270, 0, 0, 4.10%, 0, 0, 26, 2411.18, 40018230, 2685, 0, 0
16347, 202, 108, 1270, 0, 0, 4.10%, 0, 0, 26, 2410.81, 40030565, 2685, 0, 0
16353, 202, 672, 1270, 0, 0, 4.10%, 0, 0, 26, 2328.91, 40041735, 2685, 0, 0
16358, 202, 924, 1270, 0, 0, 4.10%, 0, 0, 26, 2494.10, 40054883, 2685, 0, 0
16363, 202, 1027, 1270, 0, 0, 4.10%, 0, 0, 26, 2449.78, 40067107, 2685, 0, 0
16368, 202, 905, 1270, 0, 0, 4.10%, 0, 0, 26, 2467.86, 40079500, 2685, 0, 0
16373, 202, 102, 1270, 0, 0, 4.10%, 0, 0, 26, 2436.97, 40091989, 2685, 0, 0
16378, 203, 1257, 1270, 0, 0, 4.10%, 0, 0, 26, 2326.41, 40103874, 2685, 0, 0
16383, 203, 56, 1270, 0, 0, 4.10%, 0, 0, 26, 2358.54, 40115834, 2685, 0, 0
16388, 203, 594, 1270, 0, 0, 4.10%, 0, 0, 26, 2361.36, 40127873, 2685, 0, 0
16393, 203, 42, 1270, 0, 0, 4.10%, 0, 0, 26, 2452.34, 40140259, 2685, 0, 0
16398, 203, 1255, 1270, 0, 0, 4.10%, 0, 0, 26, 2334.67, 40151941, 2685, 0, 0
16403, 203, 1191, 1270, 0, 0, 4.10%, 0, 0, 26, 2431.15, 40164259, 2685, 0, 0
16408, 203, 144, 1270, 0, 0, 4.10%, 0, 0, 26, 2395.94, 40175956, 2685, 0, 0
16413, 203, 177, 1270, 0, 0, 4.10%, 0, 0, 26, 2205.83, 40187602, 2685, 0, 0
16418, 203, 133, 1270, 0, 0, 4.10%, 0, 0, 26, 2453.41, 40200030, 2685, 0, 0
16423, 203, 1228, 1271, 1, 0, 4.10%, 0, 0, 26, 2499.02, 40212711, 2685, 0, 0
16429, 203, 22, 1271, 0, 0, 4.10%, 0, 0, 26, 2495.26, 40225526, 2685, 0, 0
16434, 203, 851, 1271, 0, 0, 4.10%, 0, 0, 26, 2498.29, 40238024, 2685, 0, 0
16439, 203, 1255, 1271, 0, 0, 4.10%, 0, 0, 26, 2499.18, 40250601, 2685, 0, 0
16444, 203, 851, 1271, 0, 0, 4.10%, 0, 0, 26, 2403.25, 40262524, 2685, 0, 0
16449, 203, 39, 1271, 0, 0, 4.10%, 0, 0, 26, 2504.17, 40275626, 2685, 0, 0
16454, 203, 844, 1271, 0, 0, 4.10%, 0, 0, 26, 2456.68, 40287897, 2685, 0, 0
16459, 203, 1175, 1271, 0, 0, 4.10%, 0, 0, 26, 2461.12, 40300247, 2685, 0, 0
16464, 203, 600, 1271, 0, 0, 4.10%, 0, 0, 26, 2469.90, 40312574, 2685, 0, 0
16469, 203, 1193, 1271, 0, 0, 4.10%, 0, 0, 26, 2472.42, 40325107, 2685, 0, 0
16474, 203, 1063, 1271, 0, 0, 4.10%, 0, 0, 26, 2368.99, 40336923, 2685, 0, 0
16479, 203, 583, 1271, 0, 0, 4.10%, 0, 0, 26, 2416.46, 40349154, 2685, 0, 0
16484, 204, 605, 1271, 0, 0, 4.10%, 0, 0, 26, 2450.94, 40361352, 2685, 0, 0
16489, 204, 609, 1271, 0, 0, 4.10%, 0, 0, 26, 2490.37, 40373909, 2685, 0, 0
16494, 204, 158, 1271, 0, 0, 4.10%, 0, 0, 26, 2518.45, 40386560, 2685, 0, 0
16499, 204, 1244, 1271, 0, 0, 4.10%, 0, 0, 26, 2421.86, 40398701, 2685, 0, 0
16504, 204, 77, 1271, 0, 0, 4.10%, 0, 0, 26, 2416.28, 40410401, 2685, 0, 0
16509, 204, 1004, 1271, 0, 0, 4.10%, 0, 0, 26, 2484.37, 40422879, 2685, 0, 0
16514, 204, 121, 1271, 0, 0, 4.10%, 0, 0, 26, 2404.71, 40434897, 2685, 0, 0
16520, 204, 609, 1271, 0, 0, 4.10%, 0, 0, 26, 2384.86, 40446744, 2685, 0, 0
16525, 204, 1191, 1271, 0, 0, 4.10%, 0, 0, 26, 2467.11, 40459722, 2685, 0, 0
16530, 204, 661, 1271, 0, 0, 4.10%, 0, 0, 26, 2433.18, 40471863, 2685, 0, 0
16535, 204, 67, 1271, 0, 0, 4.10%, 0, 0, 26, 2471.40, 40484299, 2685, 0, 0
16540, 204, 769, 1271, 0, 0, 4.10%, 0, 0, 26, 2486.04, 40496822, 2685, 0, 0
16545, 204, 583, 1271, 0, 0, 4.10%, 0, 0, 26, 2521.67, 40509499, 2685, 0, 0
16550, 204, 1168, 1271, 0, 0, 4.10%, 0, 0, 26, 2454.21, 40521873, 2685, 0, 0
16555, 204, 1228, 1271, 0, 0, 4.10%, 0, 0, 26, 2488.56, 40534423, 2685, 0, 0
16560, 204, 54, 1271, 0, 0, 4.10%, 0, 0, 26, 2536.76, 40547249, 2685, 0, 0
16565, 204, 90, 1271, 0, 0, 4.10%, 0, 0, 26, 2466.25, 40559574, 2685, 0, 0
16570, 204, 531, 1271, 0, 0, 4.10%, 0, 0, 26, 2433.45, 40571523, 2685, 0, 0
16575, 204, 730, 1271, 0, 0, 4.10%, 0, 0, 26, 2393.36, 40583522, 2685, 0, 0
16580, 204, 851, 1272, 1, 0, 4.10%, 0, 0, 26, 2426.48, 40595728, 2685, 0, 0
16585, 204, 901, 1273, 1, 0, 4.10%, 0, 0, 26, 1975.92, 40603884, 2685, 0, 0
16590, 204, 1134, 1273, 0, 0, 4.10%, 0, 0, 26, 1771.55, 40611501, 2685, 0, 0
16595, 205, 531, 1273, 0, 0, 4.10%, 0, 0, 26, 2326.65, 40623674, 2685, 0, 0
16600, 205, 1058, 1273, 0, 0, 4.10%, 0, 0, 26, 2439.79, 40636007, 2685, 0, 0
16605, 205, 719, 1273, 0, 0, 4.10%, 0, 0, 26, 2476.54, 40648512, 2685, 0, 0
16610, 205, 1007, 1273, 0, 0, 4.10%, 0, 0, 26, 2479.50, 40661339, 2685, 0, 0
16616, 205, 581, 1273, 0, 0, 4.10%, 0, 0, 26, 2518.24, 40674014, 2685, 0, 0
16621, 205, 286, 1273, 0, 0, 4.10%, 0, 0, 26, 2484.42, 40686614, 2685, 0, 0
16626, 205, 1265, 1273, 0, 0, 4.10%, 0, 0, 26, 2480.24, 40698907, 2685, 0, 0
16631, 205, 628, 1273, 0, 0, 4.10%, 0, 0, 26, 2427.65, 40711143, 2685, 0, 0
16636, 205, 978, 1273, 0, 0, 4.10%, 0, 0, 26, 2491.89, 40723796, 2685, 0, 0
16641, 205, 100, 1273, 0, 0, 4.10%, 0, 0, 26, 2479.29, 40736120, 2685, 0, 0
16646, 205, 886, 1273, 0, 0, 4.10%, 0, 0, 26, 2461.77, 40748539, 2685, 0, 0
16651, 205, 508, 1273, 0, 0, 4.10%, 0, 0, 26, 2426.96, 40760592, 2685, 0, 0
16656, 205, 1257, 1273, 0, 0, 4.10%, 0, 0, 26, 2395.77, 40772912, 2685, 0, 0
16661, 205, 46, 1273, 0, 0, 4.10%, 0, 0, 26, 2418.38, 40785067, 2685, 0, 0
16666, 205, 943, 1274, 1, 0, 4.10%, 0, 0, 26, 2260.22, 40796891, 2685, 0, 0
16671, 205, 53, 1274, 1, 0, 4.10%, 0, 0, 26, 2391.57, 40809002, 2685, 0, 0
16676, 205, 316, 1274, 1, 0, 4.10%, 0, 0, 26, 2476.11, 40821526, 2685, 0, 0
16681, 205, 1273, 1274, 1, 0, 4.10%, 0, 0, 26, 2499.66, 40834080, 2685, 0, 0
16686, 205, 155, 1274, 0, 0, 4.10%, 0, 0, 26, 2501.02, 40846604, 2685, 0, 0
16691, 205, 1067, 1274, 0, 0, 4.10%, 0, 0, 26, 2446.11, 40859329, 2685, 0, 0
16696, 205, 738, 1274, 0, 0, 4.10%, 0, 0, 26, 2454.11, 40871727, 2685, 0, 0
16701, 206, 161, 1274, 0, 0, 4.10%, 0, 0, 26, 2477.74, 40884228, 2685, 0, 0
16706, 206, 882, 1274, 0, 0, 4.10%, 0, 0, 26, 2508.05, 40896905, 2685, 0, 0
16712, 206, 787, 1274, 0, 0, 4.10%, 0, 0, 26, 2493.92, 40909576, 2685, 0, 0
16717, 206, 649, 1274, 0, 0, 4.10%, 0, 0, 26, 2444.31, 40922051, 2685, 0, 0
16722, 206, 519, 1274, 0, 0, 4.10%, 0, 0, 26, 2425.75, 40934273, 2685, 0, 0
16727, 206, 456, 1274, 0, 0, 4.10%, 0, 0, 26, 2241.26, 40945467, 2685, 0, 0
16732, 206, 548, 1274, 0, 0, 4.10%, 0, 0, 26, 2344.06, 40957746, 2685, 0, 0
16737, 206, 896, 1274, 0, 0, 4.10%, 0, 0, 26, 2476.62, 40970421, 2685, 0, 0
16742, 206, 1067, 1274, 0, 0, 4.10%, 0, 0, 26, 2357.33, 40982344, 2685, 0, 0
16747, 206, 854, 1274, 0, 0, 4.10%, 0, 0, 26, 2391.79, 40994544, 2685, 0, 0
16752, 206, 1144, 1274, 0, 0, 4.10%, 0, 0, 26, 2445.53, 41007369, 2685, 0, 0
16757, 206, 1269, 1274, 0, 0, 4.10%, 0, 0, 26, 2385.53, 41019519, 2685, 0, 0
16763, 206, 14, 1274, 0, 0, 4.10%, 0, 0, 26, 2310.85, 41030799, 2685, 0, 0
16768, 206, 851, 1274, 0, 0, 4.10%, 0, 0, 26, 2370.85, 41042763, 2685, 0, 0
16773, 206, 736, 1274, 0, 0, 4.10%, 0, 0, 26, 2307.59, 41053799, 2685, 0, 0
16778, 206, 588, 1274, 0, 0, 4.10%, 0, 0, 26, 2479.83, 41066572, 2685, 0, 0
16783, 206, 14, 1274, 0, 0, 4.10%, 0, 0, 26, 2483.47, 41079474, 2685, 0, 0
16788, 206, 642, 1274, 0, 0, 4.10%, 0, 0, 26, 2452.45, 41091999, 2685, 0, 0
16793, 206, 1007, 1274, 0, 0, 4.10%, 0, 0, 26, 2471.04, 41104568, 2685, 0, 0
16798, 206, 1058, 1274, 0, 0, 4.10%, 0, 0, 26, 2417.80, 41116646, 2685, 0, 0
16803, 206, 1007, 1274, 0, 0, 4.10%, 0, 0, 26, 2451.85, 41129544, 2685, 0, 0
16808, 207, 1168, 1274, 0, 0, 4.10%, 0, 0, 26, 2377.04, 41141691, 2685, 0, 0
16814, 207, 1084, 1274, 0, 0, 4.10%, 0, 0, 26, 2451.26, 41154494, 2685, 0, 0
16819, 207, 342, 1274, 0, 0, 4.10%, 0, 0, 26, 2491.15, 41167494, 2685, 0, 0
16824, 207, 729, 1274, 0, 0, 4.10%, 0, 0, 26, 2489.13, 41179841, 2685, 0, 0
16829, 207, 1267, 1274, 0, 0, 4.10%, 0, 0, 26, 2217.96, 41191569, 2685, 0, 0
16834, 207, 1160, 1274, 0, 0, 4.10%, 0, 0, 26, 2401.46, 41204392, 2685, 0, 0
16839, 207, 892, 1274, 0, 0, 4.10%, 0, 0, 26, 2444.09, 41216989, 2685, 0, 0
16845, 207, 823, 1274, 0, 0, 4.10%, 0, 0, 26, 2476.89, 41229744, 2685, 0, 0
16850, 207, 735, 1274, 0, 0, 4.10%, 0, 0, 26, 2458.96, 41241941, 2685, 0, 0
16855, 207, 578, 1274, 0, 0, 4.10%, 0, 0, 26, 2353.73, 41253629, 2685, 0, 0
16860, 207, 780, 1274, 0, 0, 4.10%, 0, 0, 26, 2472.77, 41266268, 2685, 0, 0
16865, 207, 1083, 1274, 0, 0, 4.10%, 0, 0, 26, 2452.93, 41278587, 2685, 0, 0
16870, 207, 754, 1274, 0, 0, 4.10%, 0, 0, 26, 2484.12, 41291537, 2685, 0, 0
16875, 207, 1058, 1274, 0, 0, 4.10%, 0, 0, 26, 2405.01, 41303470, 2685, 0, 0
16880, 207, 1255, 1274, 0, 0, 4.10%, 0, 0, 26, 2361.86, 41316068, 2685, 0, 0
16885, 207, 595, 1274, 0, 0, 4.10%, 0, 0, 26, 2395.21, 41328272, 2685, 0, 0
16890, 207, 1255, 1274, 0, 0, 4.10%, 0, 0, 26, 2422.48, 41340528, 2685, 0, 0
16895, 207, 1131, 1274, 0, 0, 4.10%, 0, 0, 26, 2489.48, 41353175, 2685, 0, 0
16900, 207, 787, 1274, 0, 0, 4.10%, 0, 0, 26, 2450.12, 41365289, 2685, 0, 0
16905, 207, 944, 1274, 0, 0, 4.10%, 0, 0, 26, 2461.59, 41377819, 2685, 0, 0
16910, 208, 1016, 1274, 0, 0, 4.10%, 0, 0, 26, 2461.18, 41390122, 2685, 0, 0
16915, 208, 663, 1274, 0, 0, 4.10%, 0, 0, 26, 2493.20, 41402800, 2685, 0, 0
16920, 208, 1168, 1274, 0, 0, 4.10%, 0, 0, 26, 2454.42, 41415218, 2685, 0, 0
16926, 208, 738, 1275, 1, 0, 4.10%, 0, 0, 26, 2403.39, 41427704, 2685, 0, 0
16931, 208, 1225, 1275, 1, 0, 4.10%, 0, 0, 26, 2434.99, 41439954, 2685, 0, 0
16936, 208, 50, 1275, 1, 0, 4.10%, 0, 0, 26, 2428.70, 41452256, 2685, 0, 0
16941, 208, 762, 1275, 1, 0, 4.10%, 0, 0, 26, 2444.44, 41464677, 2685, 0, 0
16946, 208, 735, 1275, 1, 0, 4.10%, 0, 0, 26, 2477.30, 41477607, 2685, 0, 0
16951, 208, 278, 1275, 1, 0, 4.10%, 0, 0, 26, 2452.67, 41490456, 2685, 0, 0
16956, 208, 1087, 1275, 1, 0, 4.10%, 0, 0, 26, 2395.86, 41502518, 2685, 0, 0
16961, 208, 600, 1275, 1, 0, 4.10%, 0, 0, 26, 2448.87, 41514953, 2685, 0, 0
16966, 208, 787, 1275, 1, 0, 4.10%, 0, 0, 26, 2311.25, 41526409, 2685, 0, 0
16971, 208, 1255, 1275, 1, 0, 4.10%, 0, 0, 26, 2380.78, 41538389, 2685, 0, 0
16976, 208, 1255, 1275, 1, 0, 4.10%, 0, 0, 26, 2478.51, 41550902, 2685, 0, 0
16981, 208, 1147, 1275, 1, 0, 4.10%, 0, 0, 26, 2430.83, 41563332, 2685, 0, 0
16986, 208, 77, 1275, 1, 0, 4.10%, 0, 0, 26, 2419.12, 41575355, 2685, 0, 0
16991, 208, 527, 1275, 1, 0, 4.10%, 0, 0, 26, 2455.30, 41587808, 2685, 0, 0
16996, 208, 139, 1275, 1, 0, 4.10%, 0, 0, 26, 2491.58, 41600357, 2685, 0, 0
17003, 208, 1274, 1275, 1, 0, 4.10%, 0, 0, 26, 2443.14, 41614425, 2685, 0, 0
17008, 208, 697, 1276, 1, 0, 4.10%, 0, 0, 26, 2456.60, 41626430, 2685, 0, 0
17013, 208, 969, 1276, 1, 0, 4.10%, 0, 0, 26, 2496.60, 41639452, 2685, 0, 0
17018, 208, 1068, 1276, 1, 0, 4.10%, 0, 0, 26, 2345.70, 41651004, 2685, 0, 0
17023, 209, 654, 1276, 1, 0, 4.10%, 0, 0, 26, 2414.91, 41663028, 2685, 0, 0
17028, 209, 1168, 1276, 1, 0, 4.10%, 0, 0, 26, 2338.91, 41674908, 2685, 0, 0
17033, 209, 103, 1276, 1, 0, 4.10%, 0, 0, 26, 2400.94, 41687079, 2685, 0, 0
17038, 209, 1144, 1276, 1, 0, 4.10%, 0, 0, 26, 2450.95, 41699405, 2685, 0, 0
17043, 209, 702, 1276, 1, 0, 4.10%, 0, 0, 26, 2449.47, 41711905, 2685, 0, 0
17048, 209, 591, 1276, 1, 0, 4.10%, 0, 0, 26, 2455.97, 41724606, 2685, 0, 0
17054, 209, 977, 1276, 1, 0, 4.10%, 0, 0, 26, 2383.50, 41736705, 2685, 0, 0
17059, 209, 531, 1276, 1, 0, 4.10%, 0, 0, 26, 2335.81, 41748951, 2685, 0, 0
17064, 209, 481, 1276, 1, 0, 4.10%, 0, 0, 26, 2387.12, 41761281, 2685, 0, 0
17069, 209, 1005, 1276, 1, 0, 4.10%, 0, 0, 26, 2388.62, 41773061, 2685, 0, 0
17074, 209, 108, 1276, 1, 0, 4.10%, 0, 0, 26, 2396.35, 41785054, 2685, 0, 0
17079, 209, 1004, 1276, 1, 0, 4.10%, 0, 0, 26, 2477.49, 41797854, 2685, 0, 0
17084, 209, 600, 1276, 1, 0, 4.10%, 0, 0, 26, 2461.97, 41810606, 2685, 0, 0
17089, 209, 1144, 1276, 1, 0, 4.10%, 0, 0, 26, 2422.19, 41822624, 2685, 0, 0
17094, 209, 5, 1276, 1, 0, 4.10%, 0, 0, 26, 2443.03, 41835255, 2685, 0, 0
17100, 209, 1010, 1276, 1, 0, 4.10%, 0, 0, 26, 2523.25, 41848057, 2685, 0, 0
17105, 209, 604, 1276, 1, 0, 4.10%, 0, 0, 26, 2437.52, 41860253, 2685, 0, 0
17110, 209, 1166, 1276, 1, 0, 4.10%, 0, 0, 26, 2461.42, 41872629, 2685, 0, 0
17115, 209, 1211, 1276, 1, 0, 4.10%, 0, 0, 26, 2400.74, 41884702, 2685, 0, 0
17120, 209, 1255, 1276, 1, 0, 4.10%, 0, 0, 26, 2412.33, 41896770, 2685, 0, 0
17125, 210, 762, 1276, 1, 0, 4.10%, 0, 0, 26, 2437.25, 41909326, 2685, 0, 0
17130, 210, 936, 1276, 1, 0, 4.10%, 0, 0, 26, 2479.72, 41922355, 2685, 0, 0
17135, 210, 1025, 1276, 1, 0, 4.10%, 0, 0, 26, 2425.30, 41934576, 2685, 0, 0
17140, 210, 638, 1276, 1, 0, 4.10%, 0, 0, 26, 2429.56, 41946896, 2685, 0, 0
17145, 210, 486, 1276, 1, 0, 4.10%, 0, 0, 26, 2398.00, 41958993, 2685, 0, 0
17150, 210, 1220, 1276, 1, 0, 4.10%, 0, 0, 26, 2512.06, 41971751, 2685, 0, 0
17155, 210, 909, 1276, 1, 0, 4.10%, 0, 0, 26, 2446.58, 41984023, 2685, 0, 0
17160, 210, 1053, 1276, 1, 0, 4.10%, 0, 0, 26, 2454.33, 41996647, 2685, 0, 0
17165, 210, 548, 1276, 1, 0, 4.10%, 0, 0, 26, 2457.29, 42008926, 2685, 0, 0
17170, 210, 1162, 1276, 1, 0, 4.10%, 0, 0, 26, 2505.05, 42021951, 2685, 0, 0
17176, 210, 1255, 1276, 1, 0, 4.10%, 0, 0, 26, 2457.82, 42034302, 2685, 0, 0
17181, 210, 375, 1276, 1, 0, 4.10%, 0, 0, 26, 2508.18, 42046851, 2685, 0, 0
17186, 210, 1018, 1276, 1, 0, 4.10%, 0, 0, 26, 2466.83, 42059089, 2685, 0, 0
17191, 210, 909, 1276, 1, 0, 4.10%, 0, 0, 26, 2350.36, 42070819, 2685, 0, 0
17196, 210, 793, 1276, 1, 0, 4.10%, 0, 0, 26, 2421.66, 42083418, 2685, 0, 0
17201, 210, 1126, 1276, 1, 0, 4.10%, 0, 0, 26, 2470.78, 42096070, 2685, 0, 0
17206, 210, 967, 1276, 1, 0, 4.10%, 0, 0, 26, 2455.12, 42108616, 2685, 0, 0
17211, 210, 805, 1276, 1, 0, 4.10%, 0, 0, 26, 2503.92, 42121222, 2685, 0, 0
17216, 210, 986, 1276, 1, 0, 4.10%, 0, 0, 26, 2475.17, 42133767, 2685, 0, 0
17221, 210, 1255, 1276, 1, 0, 4.10%, 0, 0, 26, 2436.18, 42145990, 2685, 0, 0
17226, 210, 1068, 1276, 1, 0, 4.10%, 0, 0, 26, 2448.96, 42158362, 2685, 0, 0
17231, 211, 1268, 1276, 1, 0, 4.10%, 0, 0, 26, 2442.34, 42171001, 2685, 0, 0
17236, 211, 624, 1276, 1, 0, 4.10%, 0, 0, 26, 2458.70, 42183345, 2685, 0, 0
17241, 211, 853, 1276, 1, 0, 4.10%, 0, 0, 26, 2451.88, 42195819, 2685, 0, 0
17247, 211, 78, 1276, 1, 0, 4.10%, 0, 0, 26, 2270.88, 42207067, 2685, 0, 0
17252, 211, 69, 1276, 1, 0, 4.10%, 0, 0, 26, 2441.28, 42219695, 2685, 0, 0
17257, 211, 1004, 1276, 1, 0, 4.10%, 0, 0, 26, 2399.10, 42231782, 2685, 0, 0
17262, 211, 37, 1276, 1, 0, 4.10%, 0, 0, 26, 2465.52, 42244446, 2685, 0, 0
17267, 211, 1275, 1278, 3, 0, 4.10%, 0, 0, 26, 2225.30, 42254763, 2685, 0, 0
17272, 211, 548, 1278, 2, 0, 4.10%, 0, 0, 26, 2369.47, 42267292, 2685, 0, 0
17277, 211, 548, 1278, 2, 0, 4.10%, 0, 0, 26, 2423.59, 42279419, 2685, 0, 0
17282, 211, 900, 1279, 3, 0, 4.10%, 0, 0, 26, 2410.10, 42291924, 2685, 0, 0
17287, 211, 853, 1280, 4, 0, 4.10%, 0, 0, 26, 2417.95, 42304256, 2685, 0, 0
17292, 211, 851, 1280, 4, 0, 4.10%, 0, 0, 26, 2473.27, 42316583, 2685, 0, 0
17298, 211, 1276, 1280, 4, 0, 4.10%, 0, 0, 26, 2392.56, 42328887, 2685, 0, 0
17303, 211, 621, 1280, 3, 0, 4.10%, 0, 0, 26, 2396.96, 42340492, 2685, 0, 0
17308, 211, 1134, 1280, 3, 0, 4.10%, 0, 0, 26, 2478.68, 42353059, 2685, 0, 0
17313, 211, 881, 1280, 3, 0, 4.10%, 0, 0, 26, 2454.49, 42365343, 2685, 0, 0
17318, 211, 1099, 1280, 2, 0, 4.10%, 0, 0, 26, 2478.08, 42377949, 2685, 0, 0
17323, 211, 155, 1280, 2, 0, 4.10%, 0, 0, 26, 2501.06, 42390524, 2685, 0, 0
17328, 211, 1277, 1281, 3, 0, 4.10%, 0, 0, 26, 2194.72, 42400658, 2685, 0, 0
17333, 211, 588, 1281, 2, 0, 4.10%, 0, 0, 26, 2173.17, 42411321, 2685, 0, 0
17338, 211, 1105, 1281, 2, 0, 4.10%, 0, 0, 26, 2360.80, 42423759, 2685, 0, 0
17343, 211, 665, 1281, 2, 0, 4.10%, 0, 0, 26, 2402.35, 42435915, 2685, 0, 0
17349, 211, 1228, 1281, 2, 0, 4.10%, 0, 0, 26, 2448.02, 42448675, 2685, 0, 0
17354, 211, 1280, 1282, 3, 0, 4.10%, 0, 0, 26, 2135.50, 42458061, 2685, 0, 0
17359, 212, 400, 1282, 2, 0, 4.10%, 0, 0, 26, 2428.19, 42470946, 2685, 0, 0
17364, 212, 969, 1282, 2, 0, 4.10%, 0, 0, 26, 2450.60, 42483627, 2685, 0, 0
17371, 212, 1281, 1283, 3, 0, 4.10%, 0, 0, 26, 2301.81, 42497764, 2685, 0, 0
17376, 212, 872, 1283, 2, 0, 4.10%, 0, 0, 26, 2383.64, 42509833, 2685, 0, 0
17381, 212, 395, 1283, 2, 0, 4.10%, 0, 0, 26, 2399.52, 42521963, 2685, 0, 0
17386, 212, 787, 1283, 2, 0, 4.10%, 0, 0, 26, 2352.27, 42533901, 2685, 0, 0
17391, 212, 853, 1283, 2, 0, 4.10%, 0, 0, 26, 2382.33, 42546504, 2685, 0, 0
17396, 212, 142, 1283, 2, 0, 4.10%, 0, 0, 26, 2432.18, 42558917, 2685, 0, 0
17401, 212, 177, 1283, 2, 0, 4.10%, 0, 0, 26, 2423.25, 42571265, 2685, 0, 0
17406, 212, 304, 1283, 2, 0, 4.10%, 0, 0, 26, 2436.90, 42583440, 2685, 0, 0
17411, 212, 787, 1283, 2, 0, 4.10%, 0, 0, 26, 2453.97, 42595863, 2685, 0, 0
17416, 212, 548, 1283, 2, 0, 4.10%, 0, 0, 26, 2466.79, 42608190, 2685, 0, 0
17421, 212, 913, 1283, 2, 0, 4.10%, 0, 0, 26, 2519.06, 42620894, 2685, 0, 0
17426, 212, 1228, 1283, 2, 0, 4.10%, 0, 0, 26, 2509.79, 42633494, 2685, 0, 0
17432, 212, 969, 1284, 3, 0, 4.10%, 0, 0, 26, 2434.27, 42646015, 2685, 0, 0
17437, 212, 775, 1284, 3, 0, 4.10%, 0, 0, 26, 2415.96, 42658163, 2685, 0, 0
17442, 212, 547, 1284, 3, 0, 4.10%, 0, 0, 26, 2450.41, 42670594, 2685, 0, 0
17447, 212, 660, 1284, 3, 0, 4.10%, 0, 0, 26, 2366.73, 42682434, 2685, 0, 0
17452, 212, 1260, 1285, 4, 0, 4.10%, 0, 0, 26, 2436.75, 42695214, 2685, 0, 0
17458, 212, 1278, 1285, 4, 0, 4.10%, 0, 0, 26, 2363.50, 42708896, 2685, 0, 0
17463, 212, 1284, 1287, 5, 0, 4.10%, 0, 0, 26, 2201.61, 42719844, 2685, 0, 0
17468, 212, 1168, 1287, 4, 0, 4.10%, 0, 0, 26, 2354.42, 42731751, 2685, 0, 0
17473, 212, 604, 1287, 4, 0, 4.10%, 0, 0, 26, 2390.81, 42743886, 2685, 0, 0
17480, 213, 1286, 1287, 4, 0, 4.10%, 0, 0, 26, 2431.58, 42760405, 2685, 0, 0
17485, 213, 503, 1287, 3, 0, 4.10%, 0, 0, 26, 2459.71, 42772653, 2685, 0, 0
17490, 213, 512, 1287, 3, 0, 4.10%, 0, 0, 26, 2492.81, 42785202, 2685, 0, 0
17495, 213, 853, 1287, 3, 0, 4.10%, 0, 0, 26, 2361.17, 42797249, 2685, 0, 0
17500, 213, 5, 1287, 3, 0, 4.10%, 0, 0, 26, 2428.41, 42809526, 2685, 0, 0
17505, 213, 600, 1287, 3, 0, 4.10%, 0, 0, 26, 2481.80, 42822100, 2685, 0, 0
17510, 213, 155, 1287, 3, 0, 4.10%, 0, 0, 26, 2472.67, 42834479, 2685, 0, 0
17515, 213, 697, 1287, 3, 0, 4.10%, 0, 0, 26, 2461.65, 42846849, 2685, 0, 0
17522, 213, 1285, 1287, 3, 0, 4.10%, 0, 0, 26, 2430.84, 42861780, 2685, 0, 0
17527, 213, 1267, 1288, 3, 0, 4.10%, 0, 0, 26, 2264.42, 42873290, 2685, 0, 0
17532, 213, 1287, 1290, 5, 0, 4.10%, 0, 0, 26, 1528.29, 42878694, 2685, 0, 0
17537, 213, 1007, 1291, 5, 0, 4.10%, 0, 0, 26, 1829.00, 42886956, 2685, 0, 0
17542, 213, 896, 1291, 4, 0, 4.10%, 0, 0, 26, 1541.76, 42893264, 2685, 0, 0
17547, 213, 896, 1291, 4, 0, 4.10%, 0, 0, 26, 2273.06, 42905996, 2685, 0, 0
17552, 213, 1150, 1291, 4, 0, 4.10%, 0, 0, 26, 2343.92, 42918610, 2685, 0, 0
17557, 213, 1004, 1291, 4, 0, 4.10%, 0, 0, 26, 2412.41, 42930405, 2685, 0, 0
17562, 213, 1083, 1291, 4, 0, 4.10%, 0, 0, 26, 2393.24, 42942557, 2685, 0, 0
17567, 213, 1134, 1291, 4, 0, 4.10%, 0, 0, 26, 2478.82, 42955382, 2685, 0, 0
17572, 213, 1171, 1291, 4, 0, 4.10%, 0, 0, 26, 2348.60, 42967360, 2685, 0, 0
17578, 213, 785, 1291, 4, 0, 4.10%, 0, 0, 26, 2464.71, 42980006, 2685, 0, 0
17583, 213, 900, 1291, 4, 0, 4.10%, 0, 0, 26, 2453.68, 42992193, 2685, 0, 0
17588, 213, 962, 1291, 4, 0, 4.10%, 0, 0, 26, 2461.15, 43004983, 2685, 0, 0
17593, 213, 337, 1291, 4, 0, 4.10%, 0, 0, 26, 2460.17, 43017383, 2685, 0, 0
17598, 213, 513, 1291, 4, 0, 4.10%, 0, 0, 26, 2407.74, 43029373, 2685, 0, 0
17603, 214, 729, 1291, 4, 0, 4.10%, 0, 0, 26, 2402.18, 43041746, 2685, 0, 0
17608, 214, 1289, 1291, 4, 0, 4.10%, 0, 0, 26, 2151.51, 43053022, 2685, 0, 0
17613, 214, 689, 1291, 3, 0, 4.10%, 0, 0, 26, 1961.99, 43060128, 2685, 0, 0
17618, 214, 648, 1291, 3, 0, 4.10%, 0, 0, 26, 2401.46, 43073201, 2685, 0, 0
17624, 214, 1288, 1291, 3, 0, 4.10%, 0, 0, 26, 1994.44, 43081228, 2685, 0, 0
17629, 214, 1144, 1291, 2, 0, 4.10%, 0, 0, 26, 2359.25, 43093316, 2685, 0, 0
17634, 214, 1082, 1291, 2, 0, 4.10%, 0, 0, 26, 2444.98, 43106248, 2685, 0, 0
17639, 214, 782, 1291, 2, 0, 4.10%, 0, 0, 26, 2427.94, 43119022, 2685, 0, 0
17644, 214, 667, 1291, 2, 0, 4.10%, 0, 0, 26, 2476.81, 43131601, 2685, 0, 0
17649, 214, 754, 1291, 2, 0, 4.10%, 0, 0, 26, 2508.63, 43144328, 2685, 0, 0
17654, 214, 776, 1291, 2, 0, 4.10%, 0, 0, 26, 2496.66, 43157364, 2685, 0, 0
17659, 214, 76, 1291, 2, 0, 4.10%, 0, 0, 26, 2353.93, 43169337, 2685, 0, 0
17665, 214, 99, 1291, 2, 0, 4.10%, 0, 0, 26, 2457.76, 43182287, 2685, 0, 0
17670, 214, 663, 1291, 2, 0, 4.10%, 0, 0, 26, 2396.69, 43194029, 2685, 0, 0
17675, 214, 678, 1291, 2, 0, 4.10%, 0, 0, 26, 2419.41, 43206363, 2685, 0, 0
17680, 214, 896, 1291, 2, 0, 4.10%, 0, 0, 26, 2431.73, 43218487, 2685, 0, 0
17685, 214, 679, 1291, 2, 0, 4.10%, 0, 0, 26, 2449.73, 43230768, 2685, 0, 0
17690, 214, 1138, 1291, 2, 0, 4.10%, 0, 0, 26, 2344.96, 43242519, 2685, 0, 0
17695, 214, 78, 1291, 2, 0, 4.10%, 0, 0, 26, 2461.05, 43254988, 2685, 0, 0
17700, 214, 909, 1291, 2, 0, 4.10%, 0, 0, 26, 2480.04, 43267413, 2685, 0, 0
17705, 214, 896, 1291, 2, 0, 4.10%, 0, 0, 26, 2424.89, 43279488, 2685, 0, 0
17710, 214, 54, 1291, 2, 0, 4.10%, 0, 0, 26, 2414.63, 43291986, 2685, 0, 0
17715, 214, 1083, 1291, 2, 0, 4.10%, 0, 0, 26, 2376.58, 43303757, 2685, 0, 0
17720, 215, 1014, 1291, 2, 0, 4.10%, 0, 0, 26, 2460.24, 43316194, 2685, 0, 0
17725, 215, 632, 1291, 2, 0, 4.10%, 0, 0, 26, 2470.72, 43328568, 2685, 0, 0
17730, 215, 808, 1291, 2, 0, 4.10%, 0, 0, 26, 2445.12, 43340877, 2685, 0, 0
17735, 215, 645, 1291, 2, 0, 4.10%, 0, 0, 26, 2489.82, 43353853, 2685, 0, 0
17740, 215, 324, 1291, 2, 0, 4.10%, 0, 0, 26, 2380.44, 43365827, 2685, 0, 0
17745, 215, 1144, 1291, 2, 0, 4.10%, 0, 0, 26, 2269.94, 43377073, 2685, 0, 0
17751, 215, 1137, 1291, 2, 0, 4.10%, 0, 0, 26, 2282.68, 43388748, 2685, 0, 0
17756, 215, 998, 1291, 2, 0, 4.10%, 0, 0, 26, 2437.99, 43401326, 2685, 0, 0
17763, 215, 1283, 1292, 3, 0, 4.10%, 0, 0, 26, 2405.74, 43417057, 2685, 0, 0
17768, 215, 823, 1292, 2, 0, 4.10%, 0, 0, 26, 2488.98, 43429505, 2685, 0, 0
17773, 215, 851, 1292, 1, 0, 4.10%, 0, 0, 26, 2479.69, 43441922, 2685, 0, 0
17778, 215, 853, 1292, 1, 0, 4.10%, 0, 0, 26, 2467.50, 43454346, 2685, 0, 0
17783, 215, 1197, 1292, 1, 0, 4.10%, 0, 0, 26, 2422.22, 43467088, 2685, 0, 0
17788, 215, 712, 1292, 1, 0, 4.10%, 0, 0, 26, 2446.99, 43479345, 2685, 0, 0
17793, 215, 853, 1292, 1, 0, 4.10%, 0, 0, 26, 2334.82, 43491324, 2685, 0, 0
17798, 215, 969, 1292, 1, 0, 4.10%, 0, 0, 26, 2318.87, 43503184, 2685, 0, 0
17803, 215, 513, 1292, 1, 0, 4.10%, 0, 0, 26, 2387.20, 43515322, 2685, 0, 0
17808, 215, 1018, 1292, 1, 0, 4.10%, 0, 0, 26, 2455.15, 43528248, 2685, 0, 0
17813, 215, 376, 1292, 1, 0, 4.10%, 0, 0, 26, 2438.28, 43540523, 2685, 0, 0
17818, 215, 108, 1292, 1, 0, 4.10%, 0, 0, 26, 2347.42, 43551924, 2685, 0, 0
17823, 215, 837, 1292, 1, 0, 4.10%, 0, 0, 26, 2409.02, 43564173, 2685, 0, 0
17829, 215, 1282, 1292, 1, 0, 4.10%, 0, 0, 26, 2313.04, 43576275, 2685, 0, 0
17834, 216, 1262, 1292, 0, 0, 4.10%, 0, 0, 26, 2370.79, 43588407, 2685, 0, 0
17839, 216, 247, 1292, 0, 0, 4.10%, 0, 0, 26, 2335.49, 43599924, 2685, 0, 0
17844, 216, 440, 1292, 0, 0, 4.10%, 0, 0, 26, 2418.57, 43612196, 2685, 0, 0
17850, 216, 886, 1292, 0, 0, 4.10%, 0, 0, 26, 2415.53, 43624415, 2685, 0, 0
17855, 216, 595, 1292, 0, 0, 4.10%, 0, 0, 26, 2403.79, 43636647, 2685, 0, 0
17860, 216, 1004, 1292, 0, 0, 4.10%, 0, 0, 26, 2449.40, 43648949, 2685, 0, 0
17865, 216, 595, 1292, 0, 0, 4.10%, 0, 0, 26, 2413.62, 43661032, 2685, 0, 0
17870, 216, 177, 1292, 0, 0, 4.10%, 0, 0, 26, 2430.63, 43673057, 2685, 0, 0
17875, 216, 929, 1292, 0, 0, 4.10%, 0, 0, 26, 2343.38, 43684899, 2685, 0, 0
17880, 216, 752, 1292, 0, 0, 4.10%, 0, 0, 26, 2384.17, 43696627, 2685, 0, 0
17885, 216, 961, 1292, 0, 0, 4.10%, 0, 0, 26, 2277.83, 43707816, 2685, 0, 0
17890, 216, 967, 1292, 0, 0, 4.10%, 0, 0, 26, 2316.02, 43718910, 2685, 0, 0
17895, 216, 909, 1292, 0, 0, 4.10%, 0, 0, 26, 2416.27, 43731722, 2685, 0, 0
17900, 216, 793, 1292, 0, 0, 4.10%, 0, 0, 26, 2377.92, 43743698, 2685, 0, 0
17905, 216, 531, 1292, 0, 0, 4.10%, 0, 0, 26, 2425.37, 43756275, 2685, 0, 0
17911, 216, 896, 1292, 0, 0, 4.10%, 0, 0, 26, 2442.27, 43768518, 2685, 0, 0
17916, 216, 1083, 1292, 0, 0, 4.10%, 0, 0, 26, 2472.18, 43780772, 2685, 0, 0
17921, 216, 853, 1292, 0, 0, 4.10%, 0, 0, 26, 2481.92, 43793145, 2685, 0, 0
17926, 216, 1168, 1292, 0, 0, 4.10%, 0, 0, 26, 2454.38, 43805368, 2685, 0, 0
17931, 216, 621, 1292, 0, 0, 4.10%, 0, 0, 26, 2281.19, 43816439, 2685, 0, 0
17936, 216, 440, 1292, 0, 0, 4.10%, 0, 0, 26, 2347.57, 43828120, 2685, 0, 0
17941, 216, 70, 1293, 1, 0, 4.10%, 0, 0, 26, 2377.92, 43839755, 2685, 0, 0
17946, 217, 84, 1293, 1, 0, 4.10%, 0, 0, 26, 2219.39, 43851626, 2685, 0, 0
17951, 217, 900, 1293, 1, 0, 4.10%, 0, 0, 26, 2427.15, 43864417, 2685, 0, 0
17956, 217, 1255, 1293, 1, 0, 4.10%, 0, 0, 26, 2483.18, 43876900, 2685, 0, 0
17961, 217, 945, 1293, 1, 0, 4.10%, 0, 0, 26, 2514.30, 43889406, 2685, 0, 0
17966, 217, 886, 1293, 1, 0, 4.10%, 0, 0, 26, 2480.03, 43901698, 2685, 0, 0
17971, 217, 1292, 1293, 1, 0, 4.10%, 0, 0, 26, 2389.86, 43913699, 2685, 0, 0
17976, 217, 402, 1293, 0, 0, 4.10%, 0, 0, 26, 2235.84, 43923159, 2685, 0, 0
17982, 217, 628, 1293, 0, 0, 4.10%, 0, 0, 26, 2289.30, 43935225, 2685, 0, 0
17987, 217, 150, 1293, 0, 0, 4.10%, 0, 0, 26, 2459.78, 43948209, 2685, 0, 0
17992, 217, 621, 1293, 0, 0, 4.10%, 0, 0, 26, 2480.21, 43960658, 2685, 0, 0
17997, 217, 1141, 1293, 0, 0, 4.10%, 0, 0, 26, 2379.42, 43973149, 2685, 0, 0
18002, 217, 654, 1293, 0, 0, 4.10%, 0, 0, 26, 2266.28, 43984525, 2685, 0, 0
18007, 217, 123, 1293, 0, 0, 4.10%, 0, 0, 26, 2381.26, 43997177, 2685, 0, 0
18012, 217, 1287, 1293, 0, 0, 4.10%, 0, 0, 26, 2255.13, 44009199, 2685, 0, 0
18017, 217, 682, 1294, 1, 0, 4.10%, 0, 0, 26, 2398.07, 44021281, 2685, 0, 0
18023, 217, 1097, 1294, 1, 0, 4.10%, 0, 0, 26, 2424.38, 44033860, 2685, 0, 0
18028, 217, 672, 1294, 1, 0, 4.10%, 0, 0, 26, 2454.10, 44046482, 2685, 0, 0
18033, 217, 909, 1294, 1, 0, 4.10%, 0, 0, 26, 2476.20, 44058961, 2685, 0, 0
18038, 217, 1266, 1294, 1, 0, 4.10%, 0, 0, 26, 2445.35, 44071282, 2685, 0, 0
18043, 217, 486, 1294, 1, 0, 4.10%, 0, 0, 26, 2325.29, 44083371, 2685, 0, 0
18048, 217, 246, 1294, 1, 0, 4.10%, 0, 0, 26, 2442.22, 44096083, 2685, 0, 0
18053, 218, 667, 1294, 1, 0, 4.10%, 0, 0, 26, 2195.81, 44107266, 2685, 0, 0
18058, 218, 1058, 1294, 1, 0, 4.10%, 0, 0, 26, 2393.47, 44119978, 2685, 0, 0
18063, 218, 609, 1294, 1, 0, 4.10%, 0, 0, 26, 2501.11, 44133061, 2685, 0, 0
18068, 218, 167, 1294, 1, 0, 4.10%, 0, 0, 26, 2383.07, 44145009, 2685, 0, 0
18073, 218, 787, 1294, 1, 0, 4.10%, 0, 0, 26, 2477.39, 44157459, 2685, 0, 0
18079, 218, 46, 1294, 1, 0, 4.10%, 0, 0, 26, 2380.15, 44169384, 2685, 0, 0
18084, 218, 853, 1294, 1, 0, 4.10%, 0, 0, 26, 2446.80, 44181677, 2685, 0, 0
18089, 218, 977, 1294, 1, 0, 4.10%, 0, 0, 26, 2436.50, 44194033, 2685, 0, 0
18094, 218, 843, 1294, 1, 0, 4.10%, 0, 0, 26, 2446.30, 44206708, 2685, 0, 0
18099, 218, 600, 1294, 1, 0, 4.10%, 0, 0, 26, 2439.39, 44218783, 2685, 0, 0
18104, 218, 944, 1294, 1, 0, 4.10%, 0, 0, 26, 2432.74, 44231250, 2685, 0, 0
18109, 218, 1036, 1294, 1, 0, 4.10%, 0, 0, 26, 2437.55, 44243930, 2685, 0, 0
18114, 218, 900, 1294, 1, 0, 4.10%, 0, 0, 26, 2271.55, 44255572, 2685, 0, 0
18119, 218, 909, 1294, 1, 0, 4.10%, 0, 0, 26, 2175.23, 44266736, 2685, 0, 0
18124, 218, 495, 1294, 0, 0, 4.10%, 0, 0, 26, 2378.73, 44278990, 2685, 0, 0
18130, 218, 167, 1294, 0, 0, 4.10%, 0, 0, 26, 2446.61, 44291822, 2685, 0, 0
18135, 218, 654, 1294, 0, 0, 4.10%, 0, 0, 26, 2514.03, 44304599, 2685, 0, 0
18140, 218, 1255, 1294, 0, 0, 4.10%, 0, 0, 26, 2283.13, 44315973, 2685, 0, 0
18145, 218, 682, 1294, 0, 0, 4.10%, 0, 0, 26, 2447.37, 44328872, 2685, 0, 0
18150, 218, 1053, 1294, 0, 0, 4.10%, 0, 0, 26, 2430.54, 44341653, 2685, 0, 0
18155, 218, 1058, 1294, 0, 0, 4.10%, 0, 0, 26, 2249.97, 44352267, 2685, 0, 0
18160, 218, 1228, 1294, 0, 0, 4.10%, 0, 0, 26, 2424.25, 44364625, 2685, 0, 0
18165, 219, 1256, 1294, 0, 0, 4.10%, 0, 0, 26, 2446.68, 44376773, 2685, 0, 0
18170, 219, 1166, 1294, 0, 0, 4.10%, 0, 0, 26, 2283.65, 44387840, 2685, 0, 0
18175, 219, 886, 1294, 0, 0, 4.10%, 0, 0, 26, 2429.99, 44400177, 2685, 0, 0
18180, 219, 1228, 1294, 0, 0, 4.10%, 0, 0, 26, 2495.45, 44412734, 2685, 0, 0
18186, 219, 569, 1294, 0, 0, 4.10%, 0, 0, 26, 2507.76, 44425860, 2685, 0, 0
18191, 219, 254, 1294, 0, 0, 4.10%, 0, 0, 26, 2484.93, 44438309, 2685, 0, 0
18196, 219, 784, 1294, 0, 0, 4.10%, 0, 0, 26, 2326.80, 44449784, 2685, 0, 0
18201, 219, 512, 1294, 0, 0, 4.10%, 0, 0, 26, 2407.82, 44462029, 2685, 0, 0
18206, 219, 609, 1294, 0, 0, 4.10%, 0, 0, 26, 2475.78, 44474556, 2685, 0, 0
18211, 219, 1004, 1294, 0, 0, 4.10%, 0, 0, 26, 2435.95, 44486679, 2685, 0, 0
18216, 219, 715, 1294, 0, 0, 4.10%, 0, 0, 26, 2364.81, 44498399, 2685, 0, 0
18221, 219, 569, 1294, 0, 0, 4.10%, 0, 0, 26, 2472.32, 44510981, 2685, 0, 0
18226, 219, 896, 1294, 0, 0, 4.10%, 0, 0, 26, 2460.78, 44523552, 2685, 0, 0
18231, 219, 378, 1294, 0, 0, 4.10%, 0, 0, 26, 2408.65, 44535304, 2685, 0, 0
18236, 219, 1209, 1294, 0, 0, 4.10%, 0, 0, 26, 2479.80, 44547727, 2685, 0, 0
18241, 219, 604, 1294, 0, 0, 4.10%, 0, 0, 26, 2507.51, 44560207, 2685, 0, 0
18246, 219, 998, 1294, 0, 0, 4.10%, 0, 0, 26, 2195.15, 44571251, 2685, 0, 0
18251, 219, 101, 1294, 0, 0, 4.10%, 0, 0, 26, 2428.25, 44583631, 2685, 0, 0
18256, 219, 1083, 1294, 0, 0, 4.10%, 0, 0, 26, 2239.12, 44594879, 2685, 0, 0
18261, 219, 512, 1294, 0, 0, 4.10%, 0, 0, 26, 2343.69, 44606577, 2685, 0, 0
18266, 219, 375, 1294, 0, 0, 4.10%, 0, 0, 26, 2291.72, 44617176, 2685, 0, 0
18271, 220, 1058, 1294, 0, 0, 4.10%, 0, 0, 26, 2392.03, 44629594, 2685, 0, 0
18276, 220, 900, 1294, 0, 0, 4.10%, 0, 0, 26, 2426.91, 44641965, 2685, 0, 0
18281, 220, 810, 1294, 0, 0, 4.10%, 0, 0, 26, 2495.08, 44654505, 2685, 0, 0
18287, 220, 775, 1294, 0, 0, 4.10%, 0, 0, 26, 2485.50, 44666980, 2685, 0, 0
18292, 220, 781, 1294, 0, 0, 4.10%, 0, 0, 26, 2341.13, 44678669, 2685, 0, 0
18297, 220, 572, 1294, 0, 0, 4.10%, 0, 0, 26, 2413.26, 44690670, 2685, 0, 0
18302, 220, 150, 1294, 0, 0, 4.10%, 0, 0, 26, 2381.07, 44702626, 2685, 0, 0
18307, 220, 785, 1294, 0, 0, 4.10%, 0, 0, 26, 2433.57, 44714927, 2685, 0, 0
18312, 220, 896, 1294, 0, 0, 4.10%, 0, 0, 26, 2431.87, 44727040, 2685, 0, 0
18317, 220, 1191, 1294, 0, 0, 4.10%, 0, 0, 26, 2434.42, 44739352, 2685, 0, 0
18322, 220, 226, 1294, 0, 0, 4.10%, 0, 0, 26, 2269.48, 44750799, 2685, 0, 0
18327, 220, 781, 1294, 0, 0, 4.10%, 0, 0, 26, 2336.50, 44762517, 2685, 0, 0
18332, 220, 1169, 1294, 0, 0, 4.10%, 0, 0, 26, 2421.04, 44774844, 2685, 0, 0
18337, 220, 843, 1294, 0, 0, 4.10%, 0, 0, 26, 2404.15, 44786923, 2685, 0, 0
18342, 220, 1284, 1294, 0, 0, 4.10%, 0, 0, 26, 2400.52, 44799245, 2685, 0, 0
18347, 220, 900, 1294, 0, 0, 4.10%, 0, 0, 26, 2415.97, 44811496, 2685, 0, 0
18352, 220, 54, 1294, 0, 0, 4.10%, 0, 0, 26, 2309.21, 44823053, 2685, 0, 0
18357, 220, 997, 1294, 0, 0, 4.10%, 0, 0, 26, 2443.14, 44835275, 2685, 0, 0
18363, 220, 1236, 1294, 0, 0, 4.10%, 0, 0, 26, 2398.84, 44847898, 2685, 0, 0
18368, 220, 569, 1295, 1, 0, 4.10%, 0, 0, 26, 2445.98, 44860233, 2685, 0, 0
18373, 220, 517, 1295, 1, 0, 4.10%, 0, 0, 26, 2459.83, 44872385, 2685, 0, 0
18378, 220, 672, 1295, 0, 0, 4.10%, 0, 0, 26, 2334.10, 44883985, 2685, 0, 0
18383, 221, 951, 1295, 0, 0, 4.10%, 0, 0, 26, 970.80, 44895913, 2685, 0, 0
18388, 221, 50, 1295, 0, 0, 4.10%, 0, 0, 26, 2205.75, 44908761, 2685, 0, 0
18393, 221, 1027, 1295, 0, 0, 4.10%, 0, 0, 26, 2223.52, 44920008, 2685, 0, 0
18398, 221, 737, 1295, 0, 0, 4.10%, 0, 0, 26, 2309.50, 44931669, 2685, 0, 0
18403, 221, 1191, 1295, 0, 0, 4.10%, 0, 0, 26, 2360.70, 44943537, 2685, 0, 0
18408, 221, 682, 1295, 0, 0, 4.10%, 0, 0, 26, 2427.40, 44955912, 2685, 0, 0
18413, 221, 738, 1295, 0, 0, 4.10%, 0, 0, 26, 2458.09, 44968490, 2685, 0, 0
18418, 221, 1232, 1295, 0, 0, 4.10%, 0, 0, 26, 2501.19, 44981093, 2685, 0, 0
18423, 221, 882, 1295, 0, 0, 4.10%, 0, 0, 26, 2453.53, 44993231, 2685, 0, 0
18428, 221, 654, 1295, 0, 0, 4.10%, 0, 0, 26, 2310.34, 45004963, 2685, 0, 0
18433, 221, 324, 1295, 0, 0, 4.10%, 0, 0, 26, 2214.21, 45015937, 2685, 0, 0
18438, 221, 108, 1295, 0, 0, 4.10%, 0, 0, 26, 2318.43, 45027910, 2685, 0, 0
18444, 221, 1278, 1295, 0, 0, 4.10%, 0, 0, 26, 2212.87, 45039777, 2685, 0, 0
18449, 221, 732, 1295, 0, 0, 4.10%, 0, 0, 26, 2311.06, 45051531, 2685, 0, 0
18454, 221, 358, 1295, 0, 0, 4.10%, 0, 0, 26, 2442.37, 45063910, 2685, 0, 0
18459, 221, 997, 1295, 0, 0, 4.10%, 0, 0, 26, 2433.92, 45075964, 2685, 0, 0
18464, 221, 96, 1295, 0, 0, 4.10%, 0, 0, 26, 2296.75, 45087038, 2685, 0, 0
18469, 221, 1282, 1295, 0, 0, 4.10%, 0, 0, 26, 2335.65, 45098960, 2685, 0, 0
18474, 221, 77, 1295, 0, 0, 4.10%, 0, 0, 26, 2405.98, 45111015, 2685, 0, 0
18479, 221, 729, 1295, 0, 0, 4.10%, 0, 0, 26, 2496.68, 45123717, 2685, 0, 0
18484, 221, 780, 1295, 0, 0, 4.10%, 0, 0, 26, 2398.64, 45135733, 2685, 0, 0
18489, 221, 630, 1295, 0, 0, 4.10%, 0, 0, 26, 2461.83, 45148192, 2685, 0, 0
18494, 222, 429, 1295, 0, 0, 4.10%, 0, 0, 26, 2457.09, 45160512, 2685, 0, 0
18499, 222, 827, 1295, 0, 0, 4.10%, 0, 0, 26, 2360.15, 45172315, 2685, 0, 0
18504, 222, 1273, 1295, 0, 0, 4.10%, 0, 0, 26, 2448.83, 45184605, 2685, 0, 0
18509, 222, 531, 1295, 0, 0, 4.10%, 0, 0, 26, 2487.26, 45197116, 2685, 0, 0
18514, 222, 595, 1295, 0, 0, 4.10%, 0, 0, 26, 2124.12, 45208135, 2685, 0, 0
18519, 222, 998, 1295, 0, 0, 4.10%, 0, 0, 26, 2427.64, 45221033, 2685, 0, 0
18524, 222, 572, 1295, 0, 0, 4.10%, 0, 0, 26, 2472.77, 45233417, 2685, 0, 0
18529, 222, 939, 1295, 0, 0, 4.10%, 0, 0, 26, 2421.56, 45245454, 2685, 0, 0
18534, 222, 103, 1295, 0, 0, 4.10%, 0, 0, 26, 2455.25, 45257841, 2685, 0, 0
18539, 222, 1228, 1296, 1, 0, 4.10%, 0, 0, 26, 2178.19, 45267897, 2685, 0, 0
18544, 222, 54, 1296, 1, 0, 4.10%, 0, 0, 26, 2422.90, 45280721, 2685, 0, 0
18550, 222, 248, 1296, 1, 0, 4.10%, 0, 0, 26, 2439.10, 45293123, 2685, 0, 0
18555, 222, 689, 1296, 1, 0, 4.10%, 0, 0, 26, 2402.95, 45305573, 2685, 0, 0
18560, 222, 211, 1296, 1, 0, 4.10%, 0, 0, 26, 2455.23, 45318024, 2685, 0, 0
18565, 222, 1002, 1296, 1, 0, 4.10%, 0, 0, 26, 2287.65, 45329130, 2685, 0, 0
18570, 222, 1132, 1296, 1, 0, 4.10%, 0, 0, 26, 2296.16, 45340695, 2685, 0, 0
18575, 222, 1295, 1296, 1, 0, 4.10%, 0, 0, 26, 2255.34, 45351942, 2685, 0, 0
18580, 222, 74, 1296, 0, 0, 4.10%, 0, 0, 26, 2423.21, 45364140, 2685, 0, 0
18585, 222, 1270, 1296, 0, 0, 4.10%, 0, 0, 26, 2387.62, 45376153, 2685, 0, 0
18590, 222, 654, 1296, 0, 0, 4.10%, 0, 0, 26, 2402.30, 45387716, 2685, 0, 0
18595, 222, 1193, 1296, 0, 0, 4.10%, 0, 0, 26, 2430.00, 45399855, 2685, 0, 0
18601, 222, 214, 1296, 0, 0, 4.10%, 0, 0, 26, 2437.68, 45412115, 2685, 0, 0
18606, 223, 630, 1296, 0, 0, 4.10%, 0, 0, 26, 2409.91, 45424161, 2685, 0, 0
18611, 223, 729, 1296, 0, 0, 4.10%, 0, 0, 26, 2339.23, 45435759, 2685, 0, 0
18616, 223, 1018, 1296, 0, 0, 4.10%, 0, 0, 26, 2478.96, 45448789, 2685, 0, 0
18621, 223, 324, 1296, 0, 0, 4.10%, 0, 0, 26, 2381.88, 45461265, 2685, 0, 0
18626, 223, 756, 1296, 0, 0, 4.10%, 0, 0, 26, 2482.43, 45473990, 2685, 0, 0
18631, 223, 402, 1296, 0, 0, 4.10%, 0, 0, 26, 2414.75, 45485991, 2685, 0, 0
18636, 223, 1058, 1296, 0, 0, 4.10%, 0, 0, 26, 2488.08, 45499041, 2685, 0, 0
18641, 223, 513, 1296, 0, 0, 4.10%, 0, 0, 26, 2405.00, 45511009, 2685, 0, 0
18646, 223, 766, 1296, 0, 0, 4.10%, 0, 0, 26, 2435.78, 45523309, 2685, 0, 0
18651, 223, 969, 1296, 0, 0, 4.10%, 0, 0, 26, 2398.18, 45535297, 2685, 0, 0
18656, 223, 900, 1296, 0, 0, 4.10%, 0, 0, 26, 2419.54, 45547403, 2685, 0, 0
18662, 223, 358, 1296, 0, 0, 4.10%, 0, 0, 26, 2392.62, 45559428, 2685, 0, 0
18667, 223, 782, 1296, 0, 0, 4.10%, 0, 0, 26, 2315.52, 45571086, 2685, 0, 0
18672, 223, 1083, 1296, 0, 0, 4.10%, 0, 0, 26, 2434.31, 45583811, 2685, 0, 0
18677, 223, 606, 1296, 0, 0, 4.10%, 0, 0, 26, 2378.95, 45596117, 2685, 0, 0
18682, 223, 236, 1296, 0, 0, 4.10%, 0, 0, 26, 2359.04, 45608045, 2685, 0, 0
18687, 223, 121, 1296, 0, 0, 4.10%, 0, 0, 26, 2408.54, 45620442, 2685, 0, 0
18692, 223, 853, 1296, 0, 0, 4.10%, 0, 0, 26, 2430.15, 45632833, 2685, 0, 0
18697, 223, 689, 1296, 0, 0, 4.10%, 0, 0, 26, 2393.82, 45644700, 2685, 0, 0
18702, 223, 991, 1296, 0, 0, 4.10%, 0, 0, 26, 2465.28, 45657213, 2685, 0, 0
18707, 223, 969, 1296, 0, 0, 4.10%, 0, 0, 26, 2421.97, 45669360, 2685, 0, 0
18712, 224, 644, 1296, 0, 0, 4.10%, 0, 0, 26, 2510.25, 45681968, 2685, 0, 0
18718, 224, 1152, 1296, 0, 0, 4.10%, 0, 0, 26, 2323.40, 45693239, 2685, 0, 0
18723, 224, 1058, 1296, 0, 0, 4.10%, 0, 0, 26, 2290.54, 45704717, 2685, 0, 0
18728, 224, 244, 1296, 0, 0, 4.10%, 0, 0, 26, 2439.04, 45717291, 2685, 0, 0
18733, 224, 1134, 1296, 0, 0, 4.10%, 0, 0, 26, 2503.44, 45730063, 2685, 0, 0
18738, 224, 689, 1296, 0, 0, 4.10%, 0, 0, 26, 2513.63, 45742668, 2685, 0, 0
18743, 224, 1144, 1296, 0, 0, 4.10%, 0, 0, 26, 2489.97, 45755193, 2685, 0, 0
18748, 224, 908, 1296, 0, 0, 4.10%, 0, 0, 26, 2470.06, 45767565, 2685, 0, 0
18753, 224, 667, 1296, 0, 0, 4.10%, 0, 0, 26, 2453.89, 45779866, 2685, 0, 0
18758, 224, 1156, 1296, 0, 0, 4.10%, 0, 0, 26, 2390.54, 45791791, 2685, 0, 0
18763, 224, 1268, 1296, 0, 0, 4.10%, 0, 0, 26, 2463.71, 45804640, 2685, 0, 0
18768, 224, 1291, 1297, 1, 0, 4.10%, 0, 0, 26, 2437.58, 45817463, 2685, 0, 0
18773, 224, 779, 1297, 1, 0, 4.10%, 0, 0, 26, 2383.48, 45829585, 2685, 0, 0
18778, 224, 853, 1297, 0, 0, 4.10%, 0, 0, 26, 2447.93, 45842070, 2685, 0, 0
18784, 224, 1149, 1297, 0, 0, 4.10%, 0, 0, 26, 2390.23, 45854121, 2685, 0, 0
18789, 224, 697, 1297, 0, 0, 4.10%, 0, 0, 26, 2417.10, 45865946, 2685, 0, 0
18794, 224, 682, 1297, 0, 0, 4.10%, 0, 0, 26, 2482.23, 45878392, 2685, 0, 0
18799, 224, 823, 1297, 0, 0, 4.10%, 0, 0, 26, 2479.19, 45891046, 2685, 0, 0
18804, 224, 54, 1297, 0, 0, 4.10%, 0, 0, 26, 2514.97, 45903647, 2685, 0, 0
18809, 224, 1091, 1297, 0, 0, 4.10%, 0, 0, 26, 2385.95, 45915463, 2685, 0, 0
18814, 224, 1090, 1297, 0, 0, 4.10%, 0, 0, 26, 2473.94, 45928096, 2685, 0, 0
18819, 224, 853, 1297, 0, 0, 4.10%, 0, 0, 26, 2445.75, 45940318, 2685, 0, 0
18824, 225, 649, 1297, 0, 0, 4.10%, 0, 0, 26, 2452.41, 45952712, 2685, 0, 0
18829, 225, 503, 1297, 0, 0, 4.10%, 0, 0, 26, 2404.35, 45964521, 2685, 0, 0
18834, 225, 715, 1297, 0, 0, 4.10%, 0, 0, 26, 2420.53, 45976439, 2685, 0, 0
18839, 225, 1168, 1297, 0, 0, 4.10%, 0, 0, 26, 2434.03, 45988667, 2685, 0, 0
18844, 225, 989, 1297, 0, 0, 4.10%, 0, 0, 26, 2391.32, 46000735, 2685, 0, 0
18849, 225, 781, 1297, 0, 0, 4.10%, 0, 0, 26, 2486.35, 46013368, 2685, 0, 0
18854, 225, 604, 1297, 0, 0, 4.10%, 0, 0, 26, 2523.20, 46026197, 2685, 0, 0
18859, 225, 508, 1297, 0, 0, 4.10%, 0, 0, 26, 2408.97, 46038120, 2685, 0, 0
18864, 225, 904, 1297, 0, 0, 4.10%, 0, 0, 26, 2464.79, 46050517, 2685, 0, 0
18869, 225, 697, 1297, 0, 0, 4.10%, 0, 0, 26, 2415.98, 46062691, 2685, 0, 0
18874, 225, 667, 1297, 0, 0, 4.10%, 0, 0, 26, 2496.38, 46075494, 2685, 0, 0
18879, 225, 1183, 1297, 0, 0, 4.10%, 0, 0, 26, 2195.65, 46086134, 2685, 0, 0
18884, 225, 111, 1297, 0, 0, 4.10%, 0, 0, 26, 2454.11, 46098745, 2685, 0, 0
18889, 225, 738, 1297, 0, 0, 4.10%, 0, 0, 26, 2437.14, 46110868, 2685, 0, 0
18894, 225, 1285, 1297, 0, 0, 4.10%, 0, 0, 26, 2482.17, 46123631, 2685, 0, 0
18899, 225, 735, 1297, 0, 0, 4.10%, 0, 0, 26, 2469.56, 46135895, 2685, 0, 0
18905, 225, 972, 1297, 0, 0, 4.10%, 0, 0, 26, 2485.82, 46148921, 2685, 0, 0
18910, 225, 854, 1297, 0, 0, 4.10%, 0, 0, 26, 2460.63, 46161293, 2685, 0, 0
18915, 225, 1297, 1298, 1, 0, 4.10%, 0, 0, 26, 2307.43, 46172833, 2685, 0, 0
18920, 225, 1007, 1298, 0, 0, 4.10%, 0, 0, 26, 2304.26, 46184316, 2685, 0, 0
18925, 225, 988, 1298, 0, 0, 4.10%, 0, 0, 26, 2411.12, 46196753, 2685, 0, 0
18930, 226, 1279, 1298, 0, 0, 4.10%, 0, 0, 26, 2460.82, 46209104, 2685, 0, 0
18935, 226, 882, 1298, 0, 0, 4.10%, 0, 0, 26, 2443.79, 46221724, 2685, 0, 0
18940, 226, 618, 1298, 0, 0, 4.10%, 0, 0, 26, 2421.77, 46233951, 2685, 0, 0
18945, 226, 936, 1298, 0, 0, 4.10%, 0, 0, 26, 2411.97, 46246168, 2685, 0, 0
18950, 226, 886, 1298, 0, 0, 4.10%, 0, 0, 26, 2456.73, 46258977, 2685, 0, 0
18955, 226, 738, 1298, 0, 0, 4.10%, 0, 0, 26, 2484.19, 46271498, 2685, 0, 0
18960, 226, 144, 1298, 0, 0, 4.10%, 0, 0, 26, 2424.47, 46283623, 2685, 0, 0
18966, 226, 1213, 1298, 0, 0, 4.10%, 0, 0, 26, 2489.55, 46296651, 2685, 0, 0
18971, 226, 652, 1298, 0, 0, 4.10%, 0, 0, 26, 2400.18, 46308465, 2685, 0, 0
18976, 226, 62, 1298, 0, 0, 4.10%, 0, 0, 26, 2492.61, 46321177, 2685, 0, 0
18981, 226, 867, 1298, 0, 0, 4.10%, 0, 0, 26, 2333.89, 46332889, 2685, 0, 0
18986, 226, 983, 1298, 0, 0, 4.10%, 0, 0, 26, 2128.04, 46343590, 2685, 0, 0
18991, 226, 1257, 1298, 0, 0, 4.10%, 0, 0, 26, 2358.86, 46356426, 2685, 0, 0
18996, 226, 900, 1298, 0, 0, 4.10%, 0, 0, 26, 2354.24, 46368492, 2685, 0, 0
19001, 226, 729, 1298, 0, 0, 4.10%, 0, 0, 26, 2331.34, 46380194, 2685, 0, 0
19006, 226, 609, 1298, 0, 0, 4.10%, 0, 0, 26, 2421.03, 46392041, 2685, 0, 0
19011, 226, 106, 1298, 0, 0, 4.10%, 0, 0, 26, 2471.35, 46404519, 2685, 0, 0
19016, 226, 936, 1298, 0, 0, 4.10%, 0, 0, 26, 2491.21, 46416994, 2685, 0, 0
19021, 226, 1192, 1298, 0, 0, 4.10%, 0, 0, 26, 2436.71, 46429194, 2685, 0, 0
19026, 226, 992, 1298, 0, 0, 4.10%, 0, 0, 26, 2446.80, 46441341, 2685, 0, 0
19031, 226, 151, 1298, 0, 0, 4.10%, 0, 0, 26, 2342.74, 46453217, 2685, 0, 0
19036, 226, 1148, 1298, 0, 0, 4.10%, 0, 0, 26, 2373.55, 46465273, 2685, 0, 0
19041, 227, 732, 1298, 0, 0, 4.10%, 0, 0, 26, 2408.00, 46477521, 2685, 0, 0
19046, 227, 909, 1298, 0, 0, 4.10%, 0, 0, 26, 2506.39, 46490178, 2685, 0, 0
19051, 227, 358, 1298, 0, 0, 4.10%, 0, 0, 26, 2494.06, 46502601, 2685, 0, 0
19056, 227, 780, 1298, 0, 0, 4.10%, 0, 0, 26, 2420.65, 46514773, 2685, 0, 0
19061, 227, 78, 1298, 0, 0, 4.10%, 0, 0, 26, 2360.35, 46526623, 2685, 0, 0
19066, 227, 1070, 1298, 0, 0, 4.10%, 0, 0, 26, 2211.93, 46537779, 2685, 0, 0
19071, 227, 370, 1298, 0, 0, 4.10%, 0, 0, 26, 2417.24, 46549925, 2685, 0, 0
19076, 227, 682, 1298, 0, 0, 4.10%, 0, 0, 26, 2464.57, 46562301, 2685, 0, 0
19081, 227, 503, 1298, 0, 0, 4.10%, 0, 0, 26, 2498.63, 46574778, 2685, 0, 0
19087, 227, 1255, 1298, 0, 0, 4.10%, 0, 0, 26, 2465.26, 46587174, 2685, 0, 0
19092, 227, 358, 1298, 0, 0, 4.10%, 0, 0, 26, 2493.21, 46599575, 2685, 0, 0
19097, 227, 1276, 1299, 1, 0, 4.10%, 0, 0, 26, 2431.93, 46611989, 2685, 0, 0
19102, 227, 324, 1299, 1, 0, 4.10%, 0, 0, 26, 2469.56, 46624260, 2685, 0, 0
19107, 227, 886, 1299, 1, 0, 4.10%, 0, 0, 26, 2518.52, 46636861, 2685, 0, 0
19112, 227, 1091, 1299, 1, 0, 4.10%, 0, 0, 26, 2389.18, 46648362, 2685, 0, 0
19117, 227, 781, 1300, 2, 0, 4.10%, 0, 0, 26, 1947.55, 46658071, 2685, 0, 0
19122, 227, 1299, 1300, 2, 0, 4.10%, 0, 0, 26, 1590.84, 46664999, 2685, 0, 0
19127, 227, 1007, 1300, 1, 0, 4.10%, 0, 0, 26, 2269.80, 46677188, 2685, 0, 0
19132, 227, 1207, 1300, 1, 0, 4.10%, 0, 0, 26, 2257.25, 46688857, 2685, 0, 0
19137, 227, 1281, 1300, 1, 0, 4.10%, 0, 0, 26, 2326.69, 46700913, 2685, 0, 0
19142, 227, 971, 1300, 1, 0, 4.10%, 0, 0, 26, 2331.77, 46713138, 2685, 0, 0
19147, 227, 1191, 1300, 1, 0, 4.10%, 0, 0, 26, 2420.75, 46725122, 2685, 0, 0
19152, 228, 1191, 1300, 1, 0, 4.10%, 0, 0, 26, 2305.38, 46736342, 2685, 0, 0
19158, 228, 42, 1300, 1, 0, 4.10%, 0, 0, 26, 2447.34, 46749267, 2685, 0, 0
19163, 228, 1204, 1301, 1, 0, 4.10%, 0, 0, 26, 2295.54, 46760652, 2685, 0, 0
19168, 228, 1134, 1301, 1, 0, 4.10%, 0, 0, 26, 2442.35, 46773137, 2685, 0, 0
19173, 228, 672, 1301, 1, 0, 4.10%, 0, 0, 26, 2503.51, 46785903, 2685, 0, 0
19178, 228, 853, 1301, 1, 0, 4.10%, 0, 0, 26, 2514.14, 46798552, 2685, 0, 0
19183, 228, 1168, 1301, 1, 0, 4.10%, 0, 0, 26, 2417.99, 46810774, 2685, 0, 0
19188, 228, 633, 1301, 1, 0, 4.10%, 0, 0, 26, 2406.17, 46822822, 2685, 0, 0
19193, 228, 738, 1301, 1, 0, 4.10%, 0, 0, 26, 2476.36, 46835176, 2685, 0, 0
19198, 228, 1281, 1301, 1, 0, 4.10%, 0, 0, 26, 2243.07, 46846453, 2685, 0, 0
19203, 228, 1278, 1301, 0, 0, 4.10%, 0, 0, 26, 2242.26, 46857992, 2685, 0, 0
19208, 228, 1191, 1301, 0, 0, 4.10%, 0, 0, 26, 2340.30, 46870098, 2685, 0, 0
19213, 228, 1185, 1301, 0, 0, 4.10%, 0, 0, 26, 2367.08, 46882137, 2685, 0, 0
19218, 228, 422, 1301, 0, 0, 4.10%, 0, 0, 26, 2465.25, 46894667, 2685, 0, 0
19224, 228, 935, 1301, 0, 0, 4.10%, 0, 0, 26, 2398.52, 46907017, 2685, 0, 0
19229, 228, 569, 1301, 0, 0, 4.10%, 0, 0, 26, 2421.63, 46919337, 2685, 0, 0
19234, 228, 113, 1301, 0, 0, 4.10%, 0, 0, 26, 2439.38, 46931317, 2685, 0, 0
19239, 228, 1300, 1301, 0, 0, 4.10%, 0, 0, 26, 2365.72, 46943347, 2685, 0, 0
19244, 228, 998, 1301, 0, 0, 4.10%, 0, 0, 26, 2432.98, 46955960, 2685, 0, 0
19249, 228, 358, 1301, 0, 0, 4.10%, 0, 0, 26, 2253.27, 46967575, 2685, 0, 0
19254, 228, 926, 1301, 0, 0, 4.10%, 0, 0, 26, 2399.70, 46980340, 2685, 0, 0
19259, 228, 645, 1301, 0, 0, 4.10%, 0, 0, 26, 2323.94, 46992387, 2685, 0, 0
19264, 229, 978, 1301, 0, 0, 4.10%, 0, 0, 26, 2389.04, 47004429, 2685, 0, 0
19269, 229, 105, 1301, 0, 0, 4.10%, 0, 0, 26, 2399.27, 47016635, 2685, 0, 0
19274, 229, 575, 1301, 0, 0, 4.10%, 0, 0, 26, 2450.87, 47028807, 2685, 0, 0
19279, 229, 667, 1301, 0, 0, 4.10%, 0, 0, 26, 2457.83, 47041161, 2685, 0, 0
19284, 229, 1289, 1301, 0, 0, 4.10%, 0, 0, 26, 2374.45, 47052959, 2685, 0, 0
19289, 229, 682, 1301, 0, 0, 4.10%, 0, 0, 26, 2203.63, 47063196, 2685, 0, 0
19295, 229, 962, 1301, 0, 0, 4.10%, 0, 0, 26, 2428.36, 47076034, 2685, 0, 0
19300, 229, 402, 1302, 1, 0, 4.10%, 0, 0, 26, 2403.95, 47088191, 2685, 0, 0
19305, 229, 853, 1302, 1, 0, 4.10%, 0, 0, 26, 2445.05, 47100454, 2685, 0, 0
19310, 229, 1144, 1303, 2, 0, 4.10%, 0, 0, 26, 2372.46, 47112396, 2685, 0, 0
19315, 229, 503, 1303, 2, 0, 4.10%, 0, 0, 26, 2447.83, 47125023, 2685, 0, 0
19320, 229, 402, 1303, 2, 0, 4.10%, 0, 0, 26, 2474.17, 47137299, 2685, 0, 0
19325, 229, 1162, 1303, 2, 0, 4.10%, 0, 0, 26, 2496.18, 47149902, 2685, 0, 0
19330, 229, 1091, 1303, 1, 0, 4.10%, 0, 0, 26, 2477.30, 47162102, 2685, 0, 0
19335, 229, 810, 1303, 1, 0, 4.10%, 0, 0, 26, 2283.84, 47173380, 2685, 0, 0
19340, 229, 736, 1303, 1, 0, 4.10%, 0, 0, 26, 2391.88, 47185448, 2685, 0, 0
19345, 229, 1255, 1303, 1, 0, 4.10%, 0, 0, 26, 2472.08, 47197878, 2685, 0, 0
19350, 229, 1120, 1303, 1, 0, 4.10%, 0, 0, 26, 2448.72, 47210245, 2685, 0, 0
19355, 229, 1086, 1303, 1, 0, 4.10%, 0, 0, 26, 2249.08, 47221451, 2685, 0, 0
19360, 229, 922, 1303, 1, 0, 4.10%, 0, 0, 26, 2347.71, 47233552, 2685, 0, 0
19365, 229, 1007, 1303, 1, 0, 4.10%, 0, 0, 26, 2366.17, 47245527, 2685, 0, 0
19370, 229, 689, 1303, 1, 0, 4.10%, 0, 0, 26, 2465.16, 47258054, 2685, 0, 0
19375, 230, 600, 1303, 1, 0, 4.10%, 0, 0, 26, 2497.42, 47270499, 2685, 0, 0
19380, 230, 932, 1303, 1, 0, 4.10%, 0, 0, 26, 2445.75, 47282593, 2685, 0, 0
19385, 230, 616, 1303, 1, 0, 4.10%, 0, 0, 26, 2494.48, 47295104, 2685, 0, 0
19390, 230, 442, 1303, 1, 0, 4.10%, 0, 0, 26, 2407.36, 47307201, 2685, 0, 0
19396, 230, 1016, 1304, 2, 0, 4.10%, 0, 0, 26, 2413.26, 47319794, 2685, 0, 0
19401, 230, 1199, 1304, 2, 0, 4.10%, 0, 0, 26, 2404.04, 47332119, 2685, 0, 0
19406, 230, 1303, 1304, 2, 0, 4.10%, 0, 0, 26, 2231.63, 47342614, 2685, 0, 0
19411, 230, 998, 1304, 1, 0, 4.10%, 0, 0, 26, 2223.95, 47353802, 2685, 0, 0
19416, 230, 998, 1304, 1, 0, 4.10%, 0, 0, 26, 2243.45, 47364561, 2685, 0, 0
19421, 230, 1266, 1304, 1, 0, 4.10%, 0, 0, 26, 2401.29, 47377138, 2685, 0, 0
19426, 230, 548, 1304, 1, 0, 4.10%, 0, 0, 26, 2433.29, 47389389, 2685, 0, 0
19431, 230, 654, 1304, 1, 0, 4.10%, 0, 0, 26, 2452.69, 47401693, 2685, 0, 0
19436, 230, 569, 1304, 1, 0, 4.10%, 0, 0, 26, 2371.10, 47413844, 2685, 0, 0
19441, 230, 997, 1304, 1, 0, 4.10%, 0, 0, 26, 2456.35, 47426310, 2685, 0, 0
19446, 230, 1289, 1304, 1, 0, 4.10%, 0, 0, 26, 2273.73, 47437870, 2685, 0, 0
19451, 230, 1168, 1304, 1, 0, 4.10%, 0, 0, 26, 2330.13, 47449523, 2685, 0, 0
19456, 230, 1228, 1304, 1, 0, 4.10%, 0, 0, 26, 2403.27, 47461663, 2685, 0, 0
19462, 230, 1302, 1304, 1, 0, 4.10%, 0, 0, 26, 2331.15, 47473186, 2685, 0, 0
19467, 230, 1228, 1304, 0, 0, 4.10%, 0, 0, 26, 2213.31, 47483465, 2685, 0, 0
19472, 230, 342, 1304, 0, 0, 4.10%, 0, 0, 26, 2435.42, 47496000, 2685, 0, 0
19477, 230, 33, 1304, 0, 0, 4.10%, 0, 0, 26, 2460.24, 47508277, 2685, 0, 0
19482, 230, 1058, 1304, 0, 0, 4.10%, 0, 0, 26, 2426.45, 47520646, 2685, 0, 0
19487, 230, 1116, 1304, 0, 0, 4.10%, 0, 0, 26, 2424.09, 47533402, 2685, 0, 0
19492, 231, 1231, 1304, 0, 0, 4.10%, 0, 0, 26, 2427.40, 47545927, 2685, 0, 0
19497, 231, 81, 1304, 0, 0, 4.10%, 0, 0, 26, 2438.11, 47558277, 2685, 0, 0
19502, 231, 548, 1304, 0, 0, 4.10%, 0, 0, 26, 2445.06, 47570971, 2685, 0, 0
19507, 231, 1213, 1304, 0, 0, 4.10%, 0, 0, 26, 2428.87, 47583377, 2685, 0, 0
19512, 231, 942, 1304, 0, 0, 4.10%, 0, 0, 26, 2425.34, 47595772, 2685, 0, 0
19518, 231, 1168, 1304, 0, 0, 4.10%, 0, 0, 26, 2464.95, 47608398, 2685, 0, 0
19523, 231, 625, 1304, 0, 0, 4.10%, 0, 0, 26, 2317.07, 47619694, 2685, 0, 0
19528, 231, 609, 1304, 0, 0, 4.10%, 0, 0, 26, 2383.51, 47632293, 2685, 0, 0
19533, 231, 969, 1304, 0, 0, 4.10%, 0, 0, 26, 2487.00, 47644921, 2685, 0, 0
19538, 231, 732, 1304, 0, 0, 4.10%, 0, 0, 26, 2182.79, 47655992, 2685, 0, 0
19543, 231, 713, 1304, 0, 0, 4.10%, 0, 0, 26, 2380.85, 47668169, 2685, 0, 0
19548, 231, 900, 1304, 0, 0, 4.10%, 0, 0, 26, 2396.16, 47680415, 2685, 0, 0
19553, 231, 1181, 1304, 0, 0, 4.10%, 0, 0, 26, 2473.38, 47693076, 2685, 0, 0
19558, 231, 1134, 1304, 0, 0, 4.10%, 0, 0, 26, 2450.98, 47705263, 2685, 0, 0
19563, 231, 752, 1304, 0, 0, 4.10%, 0, 0, 26, 2476.32, 47717924, 2685, 0, 0
19568, 231, 732, 1304, 0, 0, 4.10%, 0, 0, 26, 2489.46, 47730375, 2685, 0, 0
19573, 231, 775, 1304, 0, 0, 4.10%, 0, 0, 26, 2338.91, 47741717, 2685, 0, 0
19578, 231, 1081, 1304, 0, 0, 4.10%, 0, 0, 26, 2408.03, 47753894, 2685, 0, 0
19583, 231, 280, 1304, 0, 0, 4.10%, 0, 0, 26, 2448.02, 47765973, 2685, 0, 0
19588, 231, 30, 1304, 0, 0, 4.10%, 0, 0, 26, 2532.25, 47778700, 2685, 0, 0
19593, 231, 1031, 1304, 0, 0, 4.10%, 0, 0, 26, 2467.33, 47790997, 2685, 0, 0
19598, 232, 654, 1304, 0, 0, 4.10%, 0, 0, 26, 2450.84, 47803323, 2685, 0, 0
19603, 232, 1280, 1304, 0, 0, 4.10%, 0, 0, 26, 2302.41, 47815159, 2685, 0, 0
19608, 232, 630, 1304, 0, 0, 4.10%, 0, 0, 26, 2395.28, 47827417, 2685, 0, 0
19614, 232, 1228, 1304, 0, 0, 4.10%, 0, 0, 26, 2219.37, 47838595, 2685, 0, 0
19619, 232, 1271, 1304, 0, 0, 4.10%, 0, 0, 26, 2336.77, 47851091, 2685, 0, 0
19624, 232, 1134, 1304, 0, 0, 4.10%, 0, 0, 26, 2326.62, 47862572, 2685, 0, 0
19629, 232, 738, 1304, 0, 0, 4.10%, 0, 0, 26, 2458.97, 47875524, 2685, 0, 0
19634, 232, 896, 1304, 0, 0, 4.10%, 0, 0, 26, 2394.51, 47888038, 2685, 0, 0
19639, 232, 1292, 1304, 0, 0, 4.10%, 0, 0, 26, 2258.07, 47899495, 2685, 0, 0
19644, 232, 705, 1304, 0, 0, 4.10%, 0, 0, 26, 2321.70, 47911407, 2685, 0, 0
19649, 232, 909, 1304, 0, 0, 4.10%, 0, 0, 26, 2352.83, 47923292, 2685, 0, 0
19654, 232, 624, 1304, 0, 0, 4.10%, 0, 0, 26, 2277.35, 47934960, 2685, 0, 0
19660, 232, 832, 1304, 0, 0, 4.10%, 0, 0, 26, 2438.43, 47947838, 2685, 0, 0
19665, 232, 105, 1304, 0, 0, 4.10%, 0, 0, 26, 2430.58, 47959923, 2685, 0, 0
19670, 232, 184, 1304, 0, 0, 4.10%, 0, 0, 26, 2231.92, 47971015, 2685, 0, 0
19675, 232, 550, 1304, 0, 0, 4.10%, 0, 0, 26, 2368.78, 47983077, 2685, 0, 0
19680, 232, 20, 1304, 0, 0, 4.10%, 0, 0, 26, 2464.27, 47995904, 2685, 0, 0
19685, 232, 537, 1304, 0, 0, 4.10%, 0, 0, 26, 2434.74, 48008099, 2685, 0, 0
19690, 232, 289, 1304, 0, 0, 4.10%, 0, 0, 26, 2451.98, 48020878, 2685, 0, 0
19695, 232, 1287, 1304, 0, 0, 4.10%, 0, 0, 26, 2427.16, 48033628, 2685, 0, 0
19700, 232, 797, 1304, 0, 0, 4.10%, 0, 0, 26, 2411.75, 48045101, 2685, 0, 0
19706, 232, 522, 1304, 0, 0, 4.10%, 0, 0, 26, 2352.69, 48057302, 2685, 0, 0
19711, 233, 1304, 1305, 1, 0, 4.10%, 0, 0, 26, 2354.25, 48069286, 2685, 0, 0
19716, 233, 1299, 1305, 0, 0, 4.10%, 0, 0, 26, 2419.01, 48082024, 2685, 0, 0
19721, 233, 900, 1305, 0, 0, 4.10%, 0, 0, 26, 2420.91, 48093823, 2685, 0, 0
19726, 233, 682, 1305, 0, 0, 4.10%, 0, 0, 26, 2166.15, 48104856, 2685, 0, 0
19731, 233, 783, 1306, 1, 0, 4.10%, 0, 0, 26, 2270.76, 48116449, 2685, 0, 0
19736, 233, 1060, 1306, 1, 0, 4.10%, 0, 0, 26, 2421.49, 48129353, 2685, 0, 0
19741, 233, 105, 1306, 1, 0, 4.10%, 0, 0, 26, 2354.46, 48141403, 2685, 0, 0
19746, 233, 330, 1306, 1, 0, 4.10%, 0, 0, 26, 2435.87, 48153730, 2685, 0, 0
19751, 233, 1281, 1306, 1, 0, 4.10%, 0, 0, 26, 2362.33, 48165551, 2685, 0, 0
19757, 233, 909, 1306, 1, 0, 4.10%, 0, 0, 26, 2418.48, 48177526, 2685, 0, 0
19762, 233, 123, 1306, 1, 0, 4.10%, 0, 0, 26, 2467.04, 48190381, 2685, 0, 0
19767, 233, 689, 1306, 1, 0, 4.10%, 0, 0, 26, 2442.63, 48202697, 2685, 0, 0
19772, 233, 1279, 1306, 1, 0, 4.10%, 0, 0, 26, 2473.13, 48215320, 2685, 0, 0
19777, 233, 642, 1306, 1, 0, 4.10%, 0, 0, 26, 2385.13, 48227179, 2685, 0, 0
19782, 233, 630, 1306, 1, 0, 4.10%, 0, 0, 26, 2420.19, 48239476, 2685, 0, 0
19787, 233, 1148, 1306, 1, 0, 4.10%, 0, 0, 26, 2433.84, 48251760, 2685, 0, 0
19792, 233, 792, 1306, 1, 0, 4.10%, 0, 0, 26, 2319.62, 48263311, 2685, 0, 0
19797, 233, 286, 1306, 1, 0, 4.10%, 0, 0, 26, 2470.80, 48275910, 2685, 0, 0
19802, 233, 754, 1306, 1, 0, 4.10%, 0, 0, 26, 2475.73, 48288236, 2685, 0, 0
19807, 233, 221, 1306, 1, 0, 4.10%, 0, 0, 26, 2454.71, 48300561, 2685, 0, 0
19812, 233, 711, 1306, 1, 0, 4.10%, 0, 0, 26, 2460.95, 48312809, 2685, 0, 0
19817, 233, 1104, 1306, 1, 0, 4.10%, 0, 0, 26, 2482.10, 48325608, 2685, 0, 0
19822, 234, 589, 1306, 1, 0, 4.10%, 0, 0, 26, 2407.11, 48337656, 2685, 0, 0
19827, 234, 998, 1306, 1, 0, 4.10%, 0, 0, 26, 2444.70, 48350050, 2685, 0, 0
19832, 234, 1134, 1306, 1, 0, 4.10%, 0, 0, 26, 2409.29, 48361952, 2685, 0, 0
19837, 234, 925, 1306, 1, 0, 4.10%, 0, 0, 26, 2421.25, 48374008, 2685, 0, 0
19842, 234, 1242, 1307, 2, 0, 4.10%, 0, 0, 26, 2412.21, 48386340, 2685, 0, 0
19848, 234, 779, 1307, 2, 0, 4.10%, 0, 0, 26, 2422.61, 48398459, 2685, 0, 0
19853, 234, 1292, 1307, 1, 0, 4.10%, 0, 0, 26, 2365.96, 48410858, 2685, 0, 0
19858, 234, 102, 1307, 1, 0, 4.10%, 0, 0, 26, 2374.49, 48422855, 2685, 0, 0
19863, 234, 780, 1307, 1, 0, 4.10%, 0, 0, 26, 2423.91, 48435455, 2685, 0, 0
19868, 234, 152, 1307, 1, 0, 4.10%, 0, 0, 26, 2495.14, 48448159, 2685, 0, 0
19873, 234, 1266, 1307, 1, 0, 4.10%, 0, 0, 26, 2430.12, 48460603, 2685, 0, 0
19878, 234, 989, 1307, 1, 0, 4.10%, 0, 0, 26, 2463.26, 48473482, 2685, 0, 0
19883, 234, 962, 1307, 1, 0, 4.10%, 0, 0, 26, 2408.37, 48485509, 2685, 0, 0
19888, 234, 729, 1307, 1, 0, 4.10%, 0, 0, 26, 2377.41, 48497430, 2685, 0, 0
19893, 234, 1083, 1307, 1, 0, 4.10%, 0, 0, 26, 2439.03, 48509622, 2685, 0, 0
19899, 234, 1252, 1307, 1, 0, 4.10%, 0, 0, 26, 2402.78, 48521983, 2685, 0, 0
19904, 234, 1298, 1307, 1, 0, 4.10%, 0, 0, 26, 2298.34, 48533309, 2685, 0, 0
19909, 234, 1301, 1307, 1, 0, 4.10%, 0, 0, 26, 2409.64, 48546027, 2685, 0, 0
19914, 234, 663, 1307, 1, 0, 4.10%, 0, 0, 26, 2434.86, 48558677, 2685, 0, 0
19919, 234, 805, 1307, 1, 0, 4.10%, 0, 0, 26, 2501.93, 48571448, 2685, 0, 0
19924, 234, 34, 1307, 1, 0, 4.10%, 0, 0, 26, 2493.51, 48584353, 2685, 0, 0
19930, 235, 654, 1307, 1, 0, 4.10%, 0, 0, 26, 2447.57, 48596775, 2685, 0, 0
19935, 235, 1110, 1307, 1, 0, 4.10%, 0, 0, 26, 2500.12, 48609299, 2685, 0, 0
19940, 235, 303, 1307, 1, 0, 4.10%, 0, 0, 26, 2493.28, 48621804, 2685, 0, 0
19945, 235, 1058, 1307, 1, 0, 4.10%, 0, 0, 26, 2414.74, 48634102, 2685, 0, 0
19950, 235, 12, 1307, 1, 0, 4.10%, 0, 0, 26, 2455.76, 48646577, 2685, 0, 0
19955, 235, 103, 1307, 1, 0, 4.10%, 0, 0, 26, 2433.33, 48659127, 2685, 0, 0
19960, 235, 588, 1307, 1, 0, 4.10%, 0, 0, 26, 2398.52, 48671040, 2685, 0, 0
19965, 235, 672, 1307, 1, 0, 4.10%, 0, 0, 26, 2398.64, 48682665, 2685, 0, 0
19970, 235, 149, 1307, 1, 0, 4.10%, 0, 0, 26, 2425.63, 48695401, 2685, 0, 0
19975, 235, 1216, 1307, 1, 0, 4.10%, 0, 0, 26, 2474.50, 48707872, 2685, 0, 0
19980, 235, 78, 1307, 1, 0, 4.10%, 0, 0, 26, 2267.16, 48719176, 2685, 0, 0
19985, 235, 105, 1307, 1, 0, 4.10%, 0, 0, 26, 2431.11, 48731475, 2685, 0, 0
19990, 235, 324, 1307, 1, 0, 4.10%, 0, 0, 26, 2494.74, 48744151, 2685, 0, 0
19996, 235, 54, 1307, 1, 0, 4.10%, 0, 0, 26, 2458.15, 48756848, 2685, 0, 0
20001, 235, 771, 1307, 1, 0, 4.10%, 0, 0, 26, 2431.22, 48768971, 2685, 0, 0
20006, 235, 287, 1307, 1, 0, 4.10%, 0, 0, 26, 2376.02, 48781300, 2685, 0, 0
20011, 235, 1197, 1307, 1, 0, 4.10%, 0, 0, 26, 2291.10, 48793115, 2685, 0, 0
20016, 235, 738, 1307, 1, 0, 4.10%, 0, 0, 26, 2349.69, 48804913, 2685, 0, 0
20021, 235, 689, 1307, 1, 0, 4.10%, 0, 0, 26, 2369.32, 48816799, 2685, 0, 0
20026, 235, 569, 1307, 1, 0, 4.10%, 0, 0, 26, 2463.19, 48829249, 2685, 0, 0
20031, 235, 6, 1307, 1, 0, 4.10%, 0, 0, 26, 2482.21, 48841773, 2685, 0, 0
20036, 235, 1134, 1307, 1, 0, 4.10%, 0, 0, 26, 2458.14, 48854470, 2685, 0, 0
20041, 236, 736, 1307, 1, 0, 4.10%, 0, 0, 26, 2290.07, 48866265, 2685, 0, 0
20046, 236, 886, 1307, 1, 0, 4.10%, 0, 0, 26, 2427.07, 48878969, 2685, 0, 0
20051, 236, 628, 1307, 1, 0, 4.10%, 0, 0, 26, 2487.92, 48891499, 2685, 0, 0
20057, 236, 736, 1307, 1, 0, 4.10%, 0, 0, 26, 2342.44, 48903599, 2685, 0, 0
20062, 236, 1238, 1307, 1, 0, 4.10%, 0, 0, 26, 2423.93, 48915922, 2685, 0, 0
20067, 236, 900, 1307, 1, 0, 4.10%, 0, 0, 26, 2486.28, 48928365, 2685, 0, 0
20072, 236, 1007, 1307, 1, 0, 4.10%, 0, 0, 26, 2445.22, 48940402, 2685, 0, 0
20077, 236, 548, 1307, 1, 0, 4.10%, 0, 0, 26, 2469.36, 48953264, 2685, 0, 0
20082, 236, 184, 1307, 1, 0, 4.10%, 0, 0, 26, 2413.19, 48965265, 2685, 0, 0
20087, 236, 1191, 1307, 1, 0, 4.10%, 0, 0, 26, 2434.92, 48977306, 2685, 0, 0
20092, 236, 672, 1307, 1, 0, 4.10%, 0, 0, 26, 2420.60, 48989385, 2685, 0, 0
20097, 236, 155, 1307, 1, 0, 4.10%, 0, 0, 26, 2447.02, 49001616, 2685, 0, 0
20102, 236, 765, 1307, 1, 0, 4.10%, 0, 0, 26, 2304.21, 49013263, 2685, 0, 0
20107, 236, 793, 1307, 1, 0, 4.10%, 0, 0, 26, 2376.45, 49025265, 2685, 0, 0
20112, 236, 578, 1307, 1, 0, 4.10%, 0, 0, 26, 2427.69, 49037689, 2685, 0, 0
20117, 236, 969, 1307, 1, 0, 4.10%, 0, 0, 26, 2482.00, 49050117, 2685, 0, 0
20122, 236, 843, 1307, 1, 0, 4.10%, 0, 0, 26, 2505.80, 49062743, 2685, 0, 0
20127, 236, 969, 1307, 1, 0, 4.10%, 0, 0, 26, 2522.43, 49075792, 2685, 0, 0
20133, 236, 1168, 1307, 1, 0, 4.10%, 0, 0, 26, 2421.09, 49088461, 2685, 0, 0
20138, 236, 823, 1307, 1, 0, 4.10%, 0, 0, 26, 2377.66, 49100459, 2685, 0, 0
20143, 236, 1078, 1308, 2, 0, 4.10%, 0, 0, 26, 2375.94, 49112679, 2685, 0, 0
20148, 237, 28, 1308, 2, 0, 4.10%, 0, 0, 26, 2408.77, 49124821, 2685, 0, 0
20153, 237, 823, 1308, 2, 0, 4.10%, 0, 0, 26, 2430.70, 49137017, 2685, 0, 0
20158, 237, 729, 1308, 2, 0, 4.10%, 0, 0, 26, 2417.77, 49149019, 2685, 0, 0
20163, 237, 774, 1308, 1, 0, 4.10%, 0, 0, 26, 2420.99, 49161350, 2685, 0, 0
20168, 237, 695, 1308, 1, 0, 4.10%, 0, 0, 26, 2422.88, 49174004, 2685, 0, 0
20173, 237, 589, 1308, 1, 0, 4.10%, 0, 0, 26, 2385.58, 49186023, 2685, 0, 0
20178, 237, 853, 1308, 1, 0, 4.10%, 0, 0, 26, 2312.94, 49197740, 2685, 0, 0
20183, 237, 1071, 1308, 1, 0, 4.10%, 0, 0, 26, 2373.59, 49210369, 2685, 0, 0
20188, 237, 787, 1308, 1, 0, 4.10%, 0, 0, 26, 2481.96, 49222899, 2685, 0, 0
20193, 237, 781, 1308, 1, 0, 4.10%, 0, 0, 26, 2390.55, 49234443, 2685, 0, 0
20199, 237, 150, 1308, 1, 0, 4.10%, 0, 0, 26, 2493.79, 49247551, 2685, 0, 0
20204, 237, 1149, 1308, 1, 0, 4.10%, 0, 0, 26, 2356.08, 49260017, 2685, 0, 0
20209, 237, 1279, 1308, 1, 0, 4.10%, 0, 0, 26, 2494.89, 49272625, 2685, 0, 0
20214, 237, 619, 1308, 1, 0, 4.10%, 0, 0, 26, 2424.26, 49284694, 2685, 0, 0
20219, 237, 1305, 1308, 1, 0, 4.10%, 0, 0, 26, 2474.31, 49297469, 2685, 0, 0
20224, 237, 1007, 1308, 0, 0, 4.10%, 0, 0, 26, 2311.41, 49308777, 2685, 0, 0
20229, 237, 672, 1308, 0, 0, 4.10%, 0, 0, 26, 2352.88, 49320816, 2685, 0, 0
20234, 237, 531, 1308, 0, 0, 4.10%, 0, 0, 26, 2438.79, 49333560, 2685, 0, 0
20239, 237, 736, 1308, 0, 0, 4.10%, 0, 0, 26, 2439.07, 49345924, 2685, 0, 0
20244, 237, 1228, 1308, 0, 0, 4.10%, 0, 0, 26, 2412.11, 49357978, 2685, 0, 0
20250, 237, 821, 1308, 0, 0, 4.10%, 0, 0, 26, 2407.13, 49370600, 2685, 0, 0
20255, 237, 621, 1308, 0, 0, 4.10%, 0, 0, 26, 2405.74, 49383082, 2685, 0, 0
20260, 238, 851, 1308, 0, 0, 4.10%, 0, 0, 26, 2463.40, 49395480, 2685, 0, 0
20265, 238, 998, 1308, 0, 0, 4.10%, 0, 0, 26, 2345.23, 49407560, 2685, 0, 0
20270, 238, 1120, 1308, 0, 0, 4.10%, 0, 0, 26, 2427.08, 49420343, 2685, 0, 0
20275, 238, 715, 1308, 0, 0, 4.10%, 0, 0, 26, 2473.39, 49432708, 2685, 0, 0
20280, 238, 241, 1308, 0, 0, 4.10%, 0, 0, 26, 2222.25, 49443852, 2685, 0, 0
20285, 238, 609, 1308, 0, 0, 4.10%, 0, 0, 26, 2421.70, 49456203, 2685, 0, 0
20290, 238, 1004, 1308, 0, 0, 4.10%, 0, 0, 26, 2335.15, 49468175, 2685, 0, 0
20295, 238, 1144, 1308, 0, 0, 4.10%, 0, 0, 26, 2432.32, 49481057, 2685, 0, 0
20300, 238, 1255, 1308, 0, 0, 4.10%, 0, 0, 26, 2442.08, 49493132, 2685, 0, 0
20305, 238, 1205, 1308, 0, 0, 4.10%, 0, 0, 26, 2496.38, 49505705, 2685, 0, 0
20311, 238, 589, 1308, 0, 0, 4.10%, 0, 0, 26, 2352.53, 49517601, 2685, 0, 0
20316, 238, 1080, 1310, 2, 0, 4.10%, 0, 0, 26, 2183.15, 49528459, 2685, 0, 0
20321, 238, 1286, 1310, 2, 0, 4.10%, 0, 0, 26, 2268.52, 49539891, 2685, 0, 0
20326, 238, 773, 1310, 2, 0, 4.10%, 0, 0, 26, 2340.58, 49551959, 2685, 0, 0
20331, 238, 144, 1310, 2, 0, 4.10%, 0, 0, 26, 2399.82, 49564203, 2685, 0, 0
20336, 238, 1004, 1310, 2, 0, 4.10%, 0, 0, 26, 2476.07, 49576752, 2685, 0, 0
20341, 238, 843, 1310, 2, 0, 4.10%, 0, 0, 26, 2282.50, 49587701, 2685, 0, 0
20346, 238, 802, 1310, 2, 0, 4.10%, 0, 0, 26, 2398.47, 49600002, 2685, 0, 0
20351, 238, 969, 1310, 2, 0, 4.10%, 0, 0, 26, 2482.86, 49612474, 2685, 0, 0
20356, 238, 735, 1310, 1, 0, 4.10%, 0, 0, 26, 2435.39, 49624054, 2685, 0, 0
20361, 238, 1170, 1310, 1, 0, 4.10%, 0, 0, 26, 2400.05, 49635657, 2685, 0, 0
20366, 238, 1004, 1310, 1, 0, 4.10%, 0, 0, 26, 2437.60, 49648027, 2685, 0, 0
20371, 239, 715, 1310, 1, 0, 4.10%, 0, 0, 26, 2478.65, 49660508, 2685, 0, 0
20376, 239, 1251, 1310, 1, 0, 4.10%, 0, 0, 26, 2372.84, 49672450, 2685, 0, 0
20381, 239, 896, 1311, 2, 0, 4.10%, 0, 0, 26, 2374.65, 49684064, 2685, 0, 0
20386, 239, 1310, 1311, 2, 0, 4.10%, 0, 0, 26, 1766.30, 49691276, 2685, 0, 0
20391, 239, 62, 1311, 1, 0, 4.10%, 0, 0, 26, 2347.87, 49703913, 2685, 0, 0
20396, 239, 595, 1311, 1, 0, 4.10%, 0, 0, 26, 2429.73, 49716262, 2685, 0, 0
20402, 239, 823, 1311, 1, 0, 4.10%, 0, 0, 26, 2496.53, 49729236, 2685, 0, 0
20407, 239, 1263, 1311, 1, 0, 4.10%, 0, 0, 26, 2495.21, 49741739, 2685, 0, 0
20412, 239, 500, 1312, 2, 0, 4.10%, 0, 0, 26, 2385.82, 49753515, 2685, 0, 0
20417, 239, 569, 1312, 2, 0, 4.10%, 0, 0, 26, 2480.59, 49766043, 2685, 0, 0
20422, 239, 295, 1312, 2, 0, 4.10%, 0, 0, 26, 2455.37, 49778417, 2685, 0, 0
20427, 239, 102, 1312, 2, 0, 4.10%, 0, 0, 26, 2468.18, 49790645, 2685, 0, 0
20432, 239, 1287, 1312, 2, 0, 4.10%, 0, 0, 26, 2247.74, 49802381, 2685, 0, 0
20437, 239, 589, 1312, 2, 0, 4.10%, 0, 0, 26, 2340.18, 49813763, 2685, 0, 0
20442, 239, 1286, 1312, 2, 0, 4.10%, 0, 0, 26, 2390.94, 49825970, 2685, 0, 0
20447, 239, 1106, 1312, 2, 0, 4.10%, 0, 0, 26, 2395.56, 49838140, 2685, 0, 0
20452, 239, 157, 1312, 2, 0, 4.10%, 0, 0, 26, 2492.00, 49851220, 2685, 0, 0
20457, 239, 1235, 1312, 2, 0, 4.10%, 0, 0, 26, 2401.80, 49863293, 2685, 0, 0
20462, 239, 1298, 1313, 3, 0, 4.10%, 0, 0, 26, 2415.83, 49875321, 2685, 0, 0
20467, 239, 1086, 1313, 3, 0, 4.10%, 0, 0, 26, 2444.37, 49887545, 2685, 0, 0
20472, 239, 1311, 1316, 6, 0, 4.10%, 0, 0, 27, 2221.97, 49897896, 2685, 0, 0
20477, 239, 287, 1316, 5, 0, 4.10%, 0, 0, 27, 2399.05, 49910519, 2685, 0, 0
20482, 239, 1314, 1316, 5, 0, 4.10%, 0, 0, 27, 2378.48, 49922334, 2685, 0, 0
20490, 239, 1313, 1316, 4, 0, 4.10%, 0, 0, 27, 2314.27, 49938488, 2685, 0, 0
20495, 239, 813, 1316, 3, 0, 4.10%, 0, 0, 27, 2389.89, 49950920, 2685, 0, 0
20500, 240, 1315, 1316, 3, 0, 4.10%, 0, 0, 27, 2293.00, 49962279, 2685, 0, 0
20505, 240, 440, 1316, 1, 0, 4.10%, 0, 0, 27, 2377.61, 49974499, 2685, 0, 0
20510, 240, 969, 1316, 1, 0, 4.10%, 0, 0, 27, 2350.22, 49986724, 2685, 0, 0
20515, 240, 998, 1316, 1, 0, 4.10%, 0, 0, 27, 2441.39, 49999545, 2685, 0, 0
20520, 240, 622, 1316, 1, 0, 4.10%, 0, 0, 27, 2487.07, 50012177, 2685, 0, 0
20525, 240, 531, 1316, 1, 0, 4.10%, 0, 0, 27, 2288.56, 50023150, 2685, 0, 0
20530, 240, 503, 1316, 1, 0, 4.10%, 0, 0, 27, 2397.49, 50035499, 2685, 0, 0
20536, 240, 286, 1316, 1, 0, 4.10%, 0, 0, 27, 2467.09, 50048029, 2685, 0, 0
20541, 240, 519, 1316, 1, 0, 4.10%, 0, 0, 27, 2462.14, 50060178, 2685, 0, 0
20546, 240, 164, 1316, 1, 0, 4.10%, 0, 0, 27, 2402.96, 50072151, 2685, 0, 0
20551, 240, 1117, 1316, 1, 0, 4.10%, 0, 0, 27, 2466.03, 50084501, 2685, 0, 0
20556, 240, 475, 1316, 1, 0, 4.10%, 0, 0, 27, 2478.28, 50096951, 2685, 0, 0
20561, 240, 1168, 1316, 1, 0, 4.10%, 0, 0, 27, 2448.44, 50109520, 2685, 0, 0
20566, 240, 76, 1316, 1, 0, 4.10%, 0, 0, 27, 2408.08, 50121701, 2685, 0, 0
20571, 240, 123, 1316, 1, 0, 4.10%, 0, 0, 27, 2509.47, 50134751, 2685, 0, 0
20576, 240, 1144, 1316, 1, 0, 4.10%, 0, 0, 27, 2438.68, 50146997, 2685, 0, 0
20581, 240, 46, 1316, 1, 0, 4.10%, 0, 0, 27, 2487.73, 50159502, 2685, 0, 0
20586, 240, 1210, 1316, 1, 0, 4.10%, 0, 0, 27, 2116.64, 50170202, 2685, 0, 0
20591, 240, 882, 1316, 1, 0, 4.10%, 0, 0, 27, 2425.12, 50182868, 2685, 0, 0
20596, 240, 1144, 1316, 1, 0, 4.10%, 0, 0, 27, 2380.92, 50194904, 2685, 0, 0
20601, 240, 440, 1316, 1, 0, 4.10%, 0, 0, 27, 2467.17, 50207451, 2685, 0, 0
20606, 240, 787, 1316, 1, 0, 4.10%, 0, 0, 27, 2341.41, 50219187, 2685, 0, 0
20611, 241, 998, 1316, 1, 0, 4.10%, 0, 0, 27, 2421.64, 50231641, 2685, 0, 0
20616, 241, 402, 1316, 1, 0, 4.10%, 0, 0, 27, 2425.77, 50243749, 2685, 0, 0
20621, 241, 1083, 1316, 1, 0, 4.10%, 0, 0, 27, 2474.97, 50256223, 2685, 0, 0
20627, 241, 1028, 1316, 1, 0, 4.10%, 0, 0, 27, 2506.29, 50269246, 2685, 0, 0
20632, 241, 787, 1316, 1, 0, 4.10%, 0, 0, 27, 2331.70, 50280383, 2685, 0, 0
20637, 241, 304, 1316, 1, 0, 4.10%, 0, 0, 27, 2364.91, 50292602, 2685, 0, 0
20642, 241, 508, 1316, 1, 0, 4.10%, 0, 0, 27, 2482.44, 50305251, 2685, 0, 0
20647, 241, 1004, 1316, 1, 0, 4.10%, 0, 0, 27, 2415.70, 50317343, 2685, 0, 0
20652, 241, 5, 1316, 1, 0, 4.10%, 0, 0, 27, 2430.10, 50329174, 2685, 0, 0
20657, 241, 1007, 1316, 1, 0, 4.10%, 0, 0, 27, 2458.41, 50341951, 2685, 0, 0
20662, 241, 304, 1316, 1, 0, 4.10%, 0, 0, 27, 2461.79, 50354352, 2685, 0, 0
20667, 241, 882, 1316, 1, 0, 4.10%, 0, 0, 27, 2395.95, 50366869, 2685, 0, 0
20672, 241, 997, 1316, 1, 0, 4.10%, 0, 0, 27, 2498.61, 50379402, 2685, 0, 0
20677, 241, 736, 1316, 1, 0, 4.10%, 0, 0, 27, 2499.19, 50391848, 2685, 0, 0
20682, 241, 1007, 1316, 1, 0, 4.10%, 0, 0, 27, 2444.39, 50404150, 2685, 0, 0
20688, 241, 583, 1316, 1, 0, 4.10%, 0, 0, 27, 2516.90, 50417203, 2685, 0, 0
20693, 241, 823, 1316, 1, 0, 4.10%, 0, 0, 27, 2362.65, 50428800, 2685, 0, 0
20699, 241, 1308, 1316, 1, 0, 4.10%, 0, 0, 27, 2366.86, 50443789, 2685, 0, 0
20704, 241, 936, 1317, 1, 0, 4.10%, 0, 0, 27, 2363.70, 50455297, 2685, 0, 0
20709, 241, 1293, 1317, 1, 0, 4.10%, 0, 0, 27, 2463.10, 50467551, 2685, 0, 0
20714, 241, 316, 1317, 1, 0, 4.10%, 0, 0, 27, 2457.61, 50479970, 2685, 0, 0
20719, 241, 1191, 1317, 1, 0, 4.10%, 0, 0, 27, 2439.69, 50492161, 2685, 0, 0
20724, 242, 909, 1317, 1, 0, 4.10%, 0, 0, 27, 2495.65, 50504691, 2685, 0, 0
20729, 242, 368, 1317, 1, 0, 4.10%, 0, 0, 27, 2429.54, 50516694, 2685, 0, 0
20734, 242, 589, 1317, 1, 0, 4.10%, 0, 0, 27, 2520.58, 50529420, 2685, 0, 0
20739, 242, 1316, 1317, 1, 0, 4.10%, 0, 0, 27, 2409.65, 50541966, 2685, 0, 0
20744, 242, 1191, 1317, 0, 0, 4.10%, 0, 0, 27, 2312.28, 50552700, 2685, 0, 0
20749, 242, 1314, 1317, 0, 0, 4.10%, 0, 0, 27, 2275.66, 50564332, 2685, 0, 0
20755, 242, 33, 1317, 0, 0, 4.10%, 0, 0, 27, 2462.18, 50577360, 2685, 0, 0
20760, 242, 316, 1317, 0, 0, 4.10%, 0, 0, 27, 2523.66, 50590461, 2685, 0, 0
20765, 242, 851, 1317, 0, 0, 4.10%, 0, 0, 27, 2420.00, 50603136, 2685, 0, 0
20770, 242, 314, 1317, 0, 0, 4.10%, 0, 0, 27, 2435.34, 50615815, 2685, 0, 0
20775, 242, 161, 1317, 0, 0, 4.10%, 0, 0, 27, 2459.85, 50628165, 2685, 0, 0
20780, 242, 153, 1317, 0, 0, 4.10%, 0, 0, 27, 2422.72, 50640315, 2685, 0, 0
20785, 242, 1168, 1317, 0, 0, 4.10%, 0, 0, 27, 2460.89, 50652985, 2685, 0, 0
20791, 242, 1012, 1317, 0, 0, 4.10%, 0, 0, 27, 2341.95, 50665372, 2685, 0, 0
20796, 242, 66, 1317, 0, 0, 4.10%, 0, 0, 27, 2379.37, 50677339, 2685, 0, 0
20801, 242, 1144, 1317, 0, 0, 4.10%, 0, 0, 27, 2436.49, 50689757, 2685, 0, 0
20806, 242, 288, 1317, 0, 0, 4.10%, 0, 0, 27, 2414.44, 50701741, 2685, 0, 0
20811, 242, 578, 1317, 0, 0, 4.10%, 0, 0, 27, 2439.13, 50714164, 2685, 0, 0
20816, 242, 882, 1317, 0, 0, 4.10%, 0, 0, 27, 2486.99, 50726838, 2685, 0, 0
20821, 242, 1126, 1317, 0, 0, 4.10%, 0, 0, 27, 2361.00, 50738872, 2685, 0, 0
20826, 242, 286, 1317, 0, 0, 4.10%, 0, 0, 27, 2319.00, 50751007, 2685, 0, 0
20831, 243, 708, 1317, 0, 0, 4.10%, 0, 0, 27, 2424.27, 50763703, 2685, 0, 0
20836, 243, 1168, 1317, 0, 0, 4.10%, 0, 0, 27, 2314.61, 50775632, 2685, 0, 0
20841, 243, 1071, 1317, 0, 0, 4.10%, 0, 0, 27, 2156.04, 50786707, 2685, 0, 0
20846, 243, 184, 1317, 0, 0, 4.10%, 0, 0, 27, 2407.81, 50799259, 2685, 0, 0
20851, 243, 1307, 1317, 0, 0, 4.10%, 0, 0, 27, 2377.20, 50811148, 2685, 0, 0
20856, 243, 886, 1317, 0, 0, 4.10%, 0, 0, 27, 2388.85, 50823249, 2685, 0, 0
20862, 243, 732, 1317, 0, 0, 4.10%, 0, 0, 27, 2402.95, 50835712, 2685, 0, 0
20867, 243, 1134, 1317, 0, 0, 4.10%, 0, 0, 27, 2442.77, 50848316, 2685, 0, 0
20872, 243, 1081, 1317, 0, 0, 4.10%, 0, 0, 27, 2445.24, 50860369, 2685, 0, 0
20877, 243, 358, 1317, 0, 0, 4.10%, 0, 0, 27, 2458.97, 50872912, 2685, 0, 0
20882, 243, 1215, 1317, 0, 0, 4.10%, 0, 0, 27, 2393.34, 50884933, 2685, 0, 0
20887, 243, 1023, 1317, 0, 0, 4.10%, 0, 0, 27, 2475.47, 50897842, 2685, 0, 0
20892, 243, 105, 1317, 0, 0, 4.10%, 0, 0, 27, 2420.35, 50909941, 2685, 0, 0
20897, 243, 682, 1317, 0, 0, 4.10%, 0, 0, 27, 2469.67, 50922219, 2685, 0, 0
20902, 243, 671, 1317, 0, 0, 4.10%, 0, 0, 27, 2483.74, 50934591, 2685, 0, 0
20907, 243, 548, 1317, 0, 0, 4.10%, 0, 0, 27, 2317.05, 50946290, 2685, 0, 0
20913, 243, 295, 1317, 0, 0, 4.10%, 0, 0, 27, 2438.29, 50959091, 2685, 0, 0
20918, 243, 1154, 1317, 0, 0, 4.10%, 0, 0, 27, 2376.44, 50971066, 2685, 0, 0
20923, 243, 782, 1317, 0, 0, 4.10%, 0, 0, 27, 2451.57, 50983168, 2685, 0, 0
20928, 243, 1007, 1317, 0, 0, 4.10%, 0, 0, 27, 2452.04, 50995612, 2685, 0, 0
20933, 243, 732, 1317, 0, 0, 4.10%, 0, 0, 27, 2427.15, 51007712, 2685, 0, 0
20938, 243, 550, 1317, 0, 0, 4.10%, 0, 0, 27, 2368.43, 51019636, 2685, 0, 0
20943, 244, 1253, 1317, 0, 0, 4.10%, 0, 0, 27, 2466.01, 51032068, 2685, 0, 0
20948, 244, 1168, 1317, 0, 0, 4.10%, 0, 0, 27, 2325.33, 51043591, 2685, 0, 0
20953, 244, 762, 1317, 0, 0, 4.10%, 0, 0, 27, 2350.70, 51055754, 2685, 0, 0
20958, 244, 513, 1317, 0, 0, 4.10%, 0, 0, 27, 2396.92, 51067814, 2685, 0, 0
20963, 244, 105, 1317, 0, 0, 4.10%, 0, 0, 27, 2478.90, 51080493, 2685, 0, 0
20968, 244, 920, 1317, 0, 0, 4.10%, 0, 0, 27, 2348.33, 51092363, 2685, 0, 0
20973, 244, 508, 1317, 0, 0, 4.10%, 0, 0, 27, 2389.12, 51104567, 2685, 0, 0
20978, 244, 503, 1317, 0, 0, 4.10%, 0, 0, 27, 2437.30, 51116868, 2685, 0, 0
20984, 244, 1144, 1317, 0, 0, 4.10%, 0, 0, 27, 2483.71, 51129968, 2685, 0, 0
20989, 244, 105, 1317, 0, 0, 4.10%, 0, 0, 27, 2436.14, 51142393, 2685, 0, 0
20994, 244, 775, 1317, 0, 0, 4.10%, 0, 0, 27, 2438.03, 51154687, 2685, 0, 0
20999, 244, 1004, 1317, 0, 0, 4.10%, 0, 0, 27, 2488.08, 51167716, 2685, 0, 0
21004, 244, 843, 1317, 0, 0, 4.10%, 0, 0, 27, 2448.90, 51179691, 2685, 0, 0
21009, 244, 1220, 1317, 0, 0, 4.10%, 0, 0, 27, 2425.86, 51192462, 2685, 0, 0
21014, 244, 972, 1317, 0, 0, 4.10%, 0, 0, 27, 2392.29, 51204239, 2685, 0, 0
21019, 244, 497, 1317, 0, 0, 4.10%, 0, 0, 27, 2461.37, 51217119, 2685, 0, 0
21024, 244, 625, 1317, 0, 0, 4.10%, 0, 0, 27, 2415.85, 51229012, 2685, 0, 0
21029, 244, 936, 1317, 0, 0, 4.10%, 0, 0, 27, 2456.15, 51241393, 2685, 0, 0
21035, 244, 924, 1317, 0, 0, 4.10%, 0, 0, 27, 2019.89, 51251824, 2685, 0, 0
21040, 244, 1191, 1317, 0, 0, 4.10%, 0, 0, 27, 2327.74, 51264363, 2685, 0, 0
21045, 244, 736, 1317, 0, 0, 4.10%, 0, 0, 27, 2393.96, 51276711, 2685, 0, 0
21050, 245, 151, 1317, 0, 0, 4.10%, 0, 0, 27, 2429.75, 51288735, 2685, 0, 0
21055, 245, 843, 1317, 0, 0, 4.10%, 0, 0, 27, 2489.86, 51301285, 2685, 0, 0
21060, 245, 1191, 1317, 0, 0, 4.10%, 0, 0, 27, 2322.63, 51312871, 2685, 0, 0
21065, 245, 853, 1317, 0, 0, 4.10%, 0, 0, 27, 2437.79, 51325356, 2685, 0, 0
21070, 245, 1289, 1317, 0, 0, 4.10%, 0, 0, 27, 2284.75, 51337032, 2685, 0, 0
21075, 245, 780, 1317, 0, 0, 4.10%, 0, 0, 27, 2362.54, 51349246, 2685, 0, 0
21080, 245, 569, 1317, 0, 0, 4.10%, 0, 0, 27, 2427.81, 51361981, 2685, 0, 0
21086, 245, 741, 1317, 0, 0, 4.10%, 0, 0, 27, 2464.94, 51374658, 2685, 0, 0
21091, 245, 287, 1317, 0, 0, 4.10%, 0, 0, 27, 2377.26, 51386509, 2685, 0, 0
21096, 245, 853, 1317, 0, 0, 4.10%, 0, 0, 27, 2433.42, 51398854, 2685, 0, 0
21101, 245, 805, 1317, 0, 0, 4.10%, 0, 0, 27, 2333.27, 51410529, 2685, 0, 0
21106, 245, 578, 1317, 0, 0, 4.10%, 0, 0, 27, 2450.23, 51423434, 2685, 0, 0
21111, 245, 972, 1317, 0, 0, 4.10%, 0, 0, 27, 2403.60, 51436059, 2685, 0, 0
21116, 245, 998, 1317, 0, 0, 4.10%, 0, 0, 27, 2455.35, 51448884, 2685, 0, 0
21121, 245, 719, 1317, 0, 0, 4.10%, 0, 0, 27, 2463.84, 51461335, 2685, 0, 0
21126, 245, 977, 1317, 0, 0, 4.10%, 0, 0, 27, 2400.05, 51473406, 2685, 0, 0
21132, 245, 630, 1317, 0, 0, 4.10%, 0, 0, 27, 2459.09, 51486185, 2685, 0, 0
21137, 245, 672, 1317, 0, 0, 4.10%, 0, 0, 27, 2424.68, 51498500, 2685, 0, 0
21142, 245, 1007, 1317, 0, 0, 4.10%, 0, 0, 27, 2402.19, 51511008, 2685, 0, 0
21147, 245, 715, 1317, 0, 0, 4.10%, 0, 0, 27, 2289.00, 51522263, 2685, 0, 0
21152, 245, 151, 1317, 0, 0, 4.10%, 0, 0, 27, 2449.36, 51535182, 2685, 0, 0
21157, 245, 642, 1317, 0, 0, 4.10%, 0, 0, 27, 2429.60, 51547354, 2685, 0, 0
21162, 246, 1072, 1317, 0, 0, 4.10%, 0, 0, 27, 2431.27, 51559627, 2685, 0, 0
21167, 246, 232, 1317, 0, 0, 4.10%, 0, 0, 27, 2315.70, 51571257, 2685, 0, 0
21172, 246, 859, 1317, 0, 0, 4.10%, 0, 0, 27, 2439.06, 51584038, 2685, 0, 0
21177, 246, 1134, 1317, 0, 0, 4.10%, 0, 0, 27, 2401.17, 51596093, 2685, 0, 0
21183, 246, 779, 1317, 0, 0, 4.10%, 0, 0, 27, 2371.65, 51608405, 2685, 0, 0
21188, 246, 1168, 1317, 0, 0, 4.10%, 0, 0, 27, 2400.91, 51620805, 2685, 0, 0
21193, 246, 386, 1317, 0, 0, 4.10%, 0, 0, 27, 2434.01, 51633136, 2685, 0, 0
21198, 246, 989, 1317, 0, 0, 4.10%, 0, 0, 27, 2366.19, 51644958, 2685, 0, 0
21203, 246, 167, 1317, 0, 0, 4.10%, 0, 0, 27, 2441.52, 51657315, 2685, 0, 0
21208, 246, 1267, 1317, 0, 0, 4.10%, 0, 0, 27, 2451.93, 51669713, 2685, 0, 0
21213, 246, 1083, 1317, 0, 0, 4.10%, 0, 0, 27, 2413.37, 51682265, 2685, 0, 0
21218, 246, 826, 1317, 0, 0, 4.10%, 0, 0, 27, 2439.56, 51694960, 2685, 0, 0
21223, 246, 689, 1317, 0, 0, 4.10%, 0, 0, 27, 2467.94, 51707307, 2685, 0, 0
21228, 246, 810, 1317, 0, 0, 4.10%, 0, 0, 27, 2439.13, 51719654, 2685, 0, 0
21233, 246, 682, 1317, 0, 0, 4.10%, 0, 0, 27, 2405.04, 51731508, 2685, 0, 0
21238, 246, 1293, 1317, 0, 0, 4.10%, 0, 0, 27, 2379.48, 51743539, 2685, 0, 0
21243, 246, 851, 1317, 0, 0, 4.10%, 0, 0, 27, 2448.80, 51756061, 2685, 0, 0
21249, 246, 1168, 1317, 0, 0, 4.10%, 0, 0, 27, 2492.59, 51768717, 2685, 0, 0
21254, 246, 466, 1317, 0, 0, 4.10%, 0, 0, 27, 2424.07, 51780838, 2685, 0, 0
21259, 246, 798, 1317, 0, 0, 4.10%, 0, 0, 27, 2488.07, 51793342, 2685, 0, 0
21264, 246, 882, 1317, 0, 0, 4.10%, 0, 0, 27, 2515.99, 51806377, 2685, 0, 0
21269, 247, 823, 1317, 0, 0, 4.10%, 0, 0, 27, 2439.96, 51818322, 2685, 0, 0
21274, 247, 735, 1317, 0, 0, 4.10%, 0, 0, 27, 2465.43, 51831002, 2685, 0, 0
21279, 247, 1299, 1317, 0, 0, 4.10%, 0, 0, 27, 2234.83, 51842150, 2685, 0, 0
21284, 247, 729, 1317, 0, 0, 4.10%, 0, 0, 27, 2268.30, 51852879, 2685, 0, 0
21289, 247, 672, 1317, 0, 0, 4.10%, 0, 0, 27, 2437.79, 51865199, 2685, 0, 0
21294, 247, 595, 1317, 0, 0, 4.10%, 0, 0, 27, 2462.97, 51877727, 2685, 0, 0
21299, 247, 928, 1317, 0, 0, 4.10%, 0, 0, 27, 2469.51, 51890522, 2685, 0, 0
21305, 247, 900, 1317, 0, 0, 4.10%, 0, 0, 27, 2483.03, 51903424, 2685, 0, 0
21310, 247, 1299, 1317, 0, 0, 4.10%, 0, 0, 27, 2294.37, 51915314, 2685, 0, 0
21315, 247, 851, 1317, 0, 0, 4.10%, 0, 0, 27, 2453.04, 51927741, 2685, 0, 0
21320, 247, 802, 1317, 0, 0, 4.10%, 0, 0, 27, 2519.49, 51940577, 2685, 0, 0
21325, 247, 1255, 1317, 0, 0, 4.10%, 0, 0, 27, 2429.76, 51952574, 2685, 0, 0
21330, 247, 1183, 1317, 0, 0, 4.10%, 0, 0, 27, 2490.91, 51965573, 2685, 0, 0
21335, 247, 1255, 1317, 0, 0, 4.10%, 0, 0, 27, 2461.23, 51978374, 2685, 0, 0
21340, 247, 456, 1317, 0, 0, 4.10%, 0, 0, 27, 2427.13, 51990547, 2685, 0, 0
21345, 247, 672, 1317, 0, 0, 4.10%, 0, 0, 27, 2467.56, 52003100, 2685, 0, 0
21350, 247, 569, 1317, 0, 0, 4.10%, 0, 0, 27, 2318.49, 52014249, 2685, 0, 0
21355, 247, 74, 1318, 1, 0, 4.10%, 0, 0, 27, 2433.28, 52026533, 2685, 0, 0
21361, 247, 527, 1318, 1, 0, 4.10%, 0, 0, 27, 2477.03, 52039332, 2685, 0, 0
21366, 247, 1300, 1318, 1, 0, 4.10%, 0, 0, 27, 2388.22, 52051394, 2685, 0, 0
21371, 247, 1073, 1318, 1, 0, 4.10%, 0, 0, 27, 2399.14, 52064054, 2685, 0, 0
21376, 248, 1168, 1318, 1, 0, 4.10%, 0, 0, 27, 2428.05, 52076477, 2685, 0, 0
21381, 248, 853, 1318, 1, 0, 4.10%, 0, 0, 27, 2375.53, 52088224, 2685, 0, 0
21386, 248, 1317, 1318, 1, 0, 4.10%, 0, 0, 27, 2285.22, 52099070, 2685, 0, 0
21391, 248, 1060, 1318, 0, 0, 4.10%, 0, 0, 27, 2360.58, 52110982, 2685, 0, 0
21396, 248, 1227, 1318, 0, 0, 4.10%, 0, 0, 27, 2387.92, 52123074, 2685, 0, 0
21401, 248, 853, 1318, 0, 0, 4.10%, 0, 0, 27, 2461.03, 52135538, 2685, 0, 0
21406, 248, 1083, 1318, 0, 0, 4.10%, 0, 0, 27, 2470.60, 52147914, 2685, 0, 0
21411, 248, 548, 1318, 0, 0, 4.10%, 0, 0, 27, 2445.23, 52160111, 2685, 0, 0
21416, 248, 853, 1318, 0, 0, 4.10%, 0, 0, 27, 2499.85, 52172513, 2685, 0, 0
21421, 248, 987, 1318, 0, 0, 4.10%, 0, 0, 27, 2301.58, 52183993, 2685, 0, 0
21427, 248, 70, 1318, 0, 0, 4.10%, 0, 0, 27, 2355.47, 52195684, 2685, 0, 0
21432, 248, 998, 1318, 0, 0, 4.10%, 0, 0, 27, 2463.02, 52208583, 2685, 0, 0
21437, 248, 33, 1318, 0, 0, 4.10%, 0, 0, 27, 2403.97, 52221159, 2685, 0, 0
21442, 248, 1230, 1318, 0, 0, 4.10%, 0, 0, 27, 2407.75, 52233326, 2685, 0, 0
21447, 248, 754, 1318, 0, 0, 4.10%, 0, 0, 27, 2469.01, 52246157, 2685, 0, 0
21452, 248, 144, 1318, 0, 0, 4.10%, 0, 0, 27, 2474.44, 52258682, 2685, 0, 0
21457, 248, 791, 1318, 0, 0, 4.10%, 0, 0, 27, 2339.06, 52270513, 2685, 0, 0
21462, 248, 233, 1318, 0, 0, 4.10%, 0, 0, 27, 2416.78, 52283204, 2685, 0, 0
21467, 248, 1191, 1319, 1, 0, 4.10%, 0, 0, 27, 2346.48, 52295086, 2685, 0, 0
21473, 248, 22, 1319, 1, 0, 4.10%, 0, 0, 27, 2489.86, 52307813, 2685, 0, 0
21478, 248, 1314, 1319, 1, 0, 4.10%, 0, 0, 27, 2369.80, 52320129, 2685, 0, 0
21483, 248, 1307, 1319, 1, 0, 4.10%, 0, 0, 27, 2362.65, 52332102, 2685, 0, 0
21488, 249, 678, 1319, 1, 0, 4.10%, 0, 0, 27, 2435.97, 52344603, 2685, 0, 0
21493, 249, 782, 1319, 1, 0, 4.10%, 0, 0, 27, 2450.56, 52356839, 2685, 0, 0
21498, 249, 936, 1319, 1, 0, 4.10%, 0, 0, 27, 2310.43, 52368631, 2685, 0, 0
21503, 249, 606, 1319, 1, 0, 4.10%, 0, 0, 27, 2404.45, 52381005, 2685, 0, 0
21508, 249, 859, 1319, 1, 0, 4.10%, 0, 0, 27, 2403.72, 52393278, 2685, 0, 0
21513, 249, 276, 1319, 1, 0, 4.10%, 0, 0, 27, 2411.19, 52405480, 2685, 0, 0
21518, 249, 1132, 1319, 1, 0, 4.10%, 0, 0, 27, 2428.97, 52417676, 2685, 0, 0
21523, 249, 900, 1320, 2, 0, 4.10%, 0, 0, 27, 2447.31, 52430173, 2685, 0, 0
21528, 249, 1168, 1321, 2, 0, 4.10%, 0, 0, 27, 2318.85, 52440822, 2685, 0, 0
21533, 249, 158, 1321, 2, 0, 4.10%, 0, 0, 27, 2426.68, 52453178, 2685, 0, 0
21538, 249, 1297, 1321, 2, 0, 4.10%, 0, 0, 27, 2437.65, 52465268, 2685, 0, 0
21543, 249, 78, 1321, 2, 0, 4.10%, 0, 0, 27, 2445.79, 52477553, 2685, 0, 0
21548, 249, 851, 1321, 2, 0, 4.10%, 0, 0, 27, 2343.19, 52489491, 2685, 0, 0
21553, 249, 316, 1321, 2, 0, 4.10%, 0, 0, 27, 2337.19, 52501872, 2685, 0, 0
21559, 249, 998, 1321, 2, 0, 4.10%, 0, 0, 27, 2456.44, 52514727, 2685, 0, 0
21564, 249, 997, 1321, 2, 0, 4.10%, 0, 0, 27, 2445.92, 52526872, 2685, 0, 0
21569, 249, 1313, 1321, 2, 0, 4.10%, 0, 0, 27, 2402.60, 52539017, 2685, 0, 0
21574, 249, 1191, 1321, 1, 0, 4.10%, 0, 0, 27, 2348.64, 52550922, 2685, 0, 0
21579, 249, 1255, 1321, 1, 0, 4.10%, 0, 0, 27, 2362.01, 52562847, 2685, 0, 0
21584, 249, 46, 1321, 1, 0, 4.10%, 0, 0, 27, 2373.18, 52575215, 2685, 0, 0
21589, 249, 900, 1321, 1, 0, 4.10%, 0, 0, 27, 2400.38, 52587669, 2685, 0, 0
21594, 249, 68, 1321, 1, 0, 4.10%, 0, 0, 27, 2415.53, 52599845, 2685, 0, 0
21599, 249, 645, 1321, 1, 0, 4.10%, 0, 0, 27, 2441.08, 52612243, 2685, 0, 0
21604, 249, 853, 1321, 1, 0, 4.10%, 0, 0, 27, 2246.29, 52623559, 2685, 0, 0
21610, 250, 1312, 1321, 1, 0, 4.10%, 0, 0, 27, 2414.46, 52636383, 2685, 0, 0
21615, 250, 600, 1321, 1, 0, 4.10%, 0, 0, 27, 2430.03, 52648644, 2685, 0, 0
21620, 250, 583, 1321, 1, 0, 4.10%, 0, 0, 27, 2468.33, 52661220, 2685, 0, 0
21625, 250, 969, 1321, 1, 0, 4.10%, 0, 0, 27, 2429.34, 52673934, 2685, 0, 0
21630, 250, 70, 1321, 1, 0, 4.10%, 0, 0, 27, 2400.28, 52686044, 2685, 0, 0
21635, 250, 1027, 1321, 1, 0, 4.10%, 0, 0, 27, 2444.53, 52698532, 2685, 0, 0
21640, 250, 1122, 1321, 1, 0, 4.10%, 0, 0, 27, 2464.02, 52710964, 2685, 0, 0
21645, 250, 1168, 1321, 1, 0, 4.10%, 0, 0, 27, 2494.22, 52723571, 2685, 0, 0
21650, 250, 642, 1321, 1, 0, 4.10%, 0, 0, 27, 2431.45, 52735342, 2685, 0, 0
21655, 250, 537, 1321, 1, 0, 4.10%, 0, 0, 27, 2438.48, 52747640, 2685, 0, 0
21660, 250, 316, 1321, 1, 0, 4.10%, 0, 0, 27, 2467.81, 52760095, 2685, 0, 0
21665, 250, 886, 1321, 1, 0, 4.10%, 0, 0, 27, 2293.73, 52771831, 2685, 0, 0
21670, 250, 1083, 1321, 1, 0, 4.10%, 0, 0, 27, 2351.89, 52784102, 2685, 0, 0
21675, 250, 236, 1321, 1, 0, 4.10%, 0, 0, 27, 2098.45, 52794788, 2685, 0, 0
21681, 250, 1004, 1321, 1, 0, 4.10%, 0, 0, 27, 2417.79, 52807719, 2685, 0, 0
21686, 250, 663, 1321, 1, 0, 4.10%, 0, 0, 27, 2394.56, 52819765, 2685, 0, 0
21691, 250, 1315, 1321, 1, 0, 4.10%, 0, 0, 27, 2453.96, 52832606, 2685, 0, 0
21696, 250, 1242, 1321, 1, 0, 4.10%, 0, 0, 27, 2334.19, 52844407, 2685, 0, 0
21701, 250, 100, 1321, 1, 0, 4.10%, 0, 0, 27, 2410.83, 52856416, 2685, 0, 0
21706, 250, 1144, 1321, 1, 0, 4.10%, 0, 0, 27, 1315.06, 52867677, 2685, 0, 0
21711, 250, 972, 1321, 1, 0, 4.10%, 0, 0, 27, 2149.37, 52880235, 2685, 0, 0
21716, 250, 863, 1321, 1, 0, 4.10%, 0, 0, 27, 2444.45, 52893263, 2685, 0, 0
21721, 251, 350, 1321, 1, 0, 4.10%, 0, 0, 27, 2439.21, 52905338, 2685, 0, 0
21726, 251, 998, 1321, 1, 0, 4.10%, 0, 0, 27, 2484.42, 52917763, 2685, 0, 0
21732, 251, 548, 1321, 1, 0, 4.10%, 0, 0, 27, 2320.67, 52929709, 2685, 0, 0
21737, 251, 628, 1321, 1, 0, 4.10%, 0, 0, 27, 1914.50, 52939638, 2685, 0, 0
21742, 251, 719, 1321, 1, 0, 4.10%, 0, 0, 27, 2314.69, 52952101, 2685, 0, 0
21747, 251, 687, 1321, 1, 0, 4.10%, 0, 0, 27, 2325.74, 52963698, 2685, 0, 0
21752, 251, 516, 1321, 1, 0, 4.10%, 0, 0, 27, 2427.51, 52975905, 2685, 0, 0
21757, 251, 1319, 1321, 1, 0, 4.10%, 0, 0, 27, 2436.85, 52988078, 2685, 0, 0
21762, 251, 672, 1324, 3, 0, 4.10%, 0, 0, 27, 2394.16, 52999232, 2685, 0, 0
21767, 251, 1004, 1324, 3, 0, 4.10%, 0, 0, 27, 2461.56, 53012031, 2685, 0, 0
21773, 251, 935, 1324, 2, 0, 4.10%, 0, 0, 27, 2384.75, 53023049, 2685, 0, 0
21778, 251, 1320, 1324, 2, 0, 4.10%, 0, 0, 27, 2407.54, 53035220, 2685, 0, 0
21783, 251, 578, 1324, 1, 0, 4.10%, 0, 0, 27, 2307.66, 53046021, 2685, 0, 0
21788, 251, 184, 1324, 1, 0, 4.10%, 0, 0, 27, 2424.23, 53058502, 2685, 0, 0
21793, 251, 729, 1324, 1, 0, 4.10%, 0, 0, 27, 2490.27, 53071155, 2685, 0, 0
21798, 251, 177, 1324, 1, 0, 4.10%, 0, 0, 27, 2452.80, 53083404, 2685, 0, 0
21803, 251, 672, 1324, 1, 0, 4.10%, 0, 0, 27, 2480.21, 53095901, 2685, 0, 0
21808, 251, 524, 1324, 1, 0, 4.10%, 0, 0, 27, 2499.11, 53108403, 2685, 0, 0
21813, 251, 1276, 1324, 1, 0, 4.10%, 0, 0, 27, 2493.49, 53121006, 2685, 0, 0
21818, 251, 774, 1324, 1, 0, 4.10%, 0, 0, 27, 2472.03, 53133727, 2685, 0, 0
21823, 251, 1264, 1324, 1, 0, 4.10%, 0, 0, 27, 2421.46, 53145877, 2685, 0, 0
21828, 251, 550, 1324, 1, 0, 4.10%, 0, 0, 27, 2451.25, 53158277, 2685, 0, 0
21833, 251, 550, 1324, 1, 0, 4.10%, 0, 0, 27, 2493.06, 53170751, 2685, 0, 0
21838, 252, 667, 1324, 1, 0, 4.10%, 0, 0, 27, 2439.67, 53183027, 2685, 0, 0
21843, 252, 1255, 1324, 1, 0, 4.10%, 0, 0, 27, 2479.38, 53195377, 2685, 0, 0
21848, 252, 1179, 1324, 1, 0, 4.10%, 0, 0, 27, 2310.00, 53206572, 2685, 0, 0
21853, 252, 1119, 1324, 1, 0, 4.10%, 0, 0, 27, 2320.47, 53218962, 2685, 0, 0
21859, 252, 527, 1324, 1, 0, 4.10%, 0, 0, 27, 2400.31, 53231529, 2685, 0, 0
21864, 252, 418, 1324, 1, 0, 4.10%, 0, 0, 27, 2487.79, 53244081, 2685, 0, 0
21869, 252, 202, 1324, 1, 0, 4.10%, 0, 0, 27, 2494.54, 53256456, 2685, 0, 0
21874, 252, 691, 1324, 1, 0, 4.10%, 0, 0, 27, 2372.96, 53268214, 2685, 0, 0
21879, 252, 1021, 1324, 1, 0, 4.10%, 0, 0, 27, 2364.80, 53280207, 2685, 0, 0
21884, 252, 604, 1324, 1, 0, 4.10%, 0, 0, 27, 2440.62, 53292774, 2685, 0, 0
21889, 252, 1074, 1324, 1, 0, 4.10%, 0, 0, 27, 2438.51, 53305452, 2685, 0, 0
21894, 252, 1071, 1324, 1, 0, 4.10%, 0, 0, 27, 2274.57, 53317502, 2685, 0, 0
21899, 252, 957, 1324, 1, 0, 4.10%, 0, 0, 27, 2428.35, 53330378, 2685, 0, 0
21904, 252, 92, 1324, 1, 0, 4.10%, 0, 0, 27, 2466.27, 53343056, 2685, 0, 0
21910, 252, 33, 1324, 1, 0, 4.10%, 0, 0, 27, 2386.06, 53355105, 2685, 0, 0
21915, 252, 548, 1324, 1, 0, 4.10%, 0, 0, 27, 2415.23, 53367430, 2685, 0, 0
21920, 252, 998, 1324, 1, 0, 4.10%, 0, 0, 27, 2484.44, 53380428, 2685, 0, 0
21925, 252, 432, 1324, 1, 0, 4.10%, 0, 0, 27, 2384.07, 53392237, 2685, 0, 0
21930, 252, 735, 1324, 1, 0, 4.10%, 0, 0, 27, 2489.12, 53405240, 2685, 0, 0
21935, 252, 1134, 1324, 1, 0, 4.10%, 0, 0, 27, 2471.09, 53417637, 2685, 0, 0
21940, 252, 735, 1324, 1, 0, 4.10%, 0, 0, 27, 2315.49, 53429217, 2685, 0, 0
21945, 253, 1007, 1324, 1, 0, 4.10%, 0, 0, 27, 2438.81, 53441885, 2685, 0, 0
21950, 253, 440, 1324, 1, 0, 4.10%, 0, 0, 27, 2456.93, 53454566, 2685, 0, 0
21956, 253, 46, 1324, 1, 0, 4.10%, 0, 0, 27, 2468.24, 53467041, 2685, 0, 0
21961, 253, 1310, 1324, 1, 0, 4.10%, 0, 0, 27, 2153.49, 53478228, 2685, 0, 0
21966, 253, 896, 1325, 2, 0, 4.10%, 0, 0, 27, 2120.53, 53487973, 2685, 0, 0
21971, 253, 672, 1325, 2, 0, 4.10%, 0, 0, 27, 2446.79, 53501001, 2685, 0, 0
21976, 253, 456, 1325, 2, 0, 4.10%, 0, 0, 27, 2430.44, 53513776, 2685, 0, 0
21981, 253, 1007, 1325, 2, 0, 4.10%, 0, 0, 27, 2432.14, 53526270, 2685, 0, 0
21986, 253, 637, 1325, 2, 0, 4.10%, 0, 0, 27, 2466.84, 53538753, 2685, 0, 0
21991, 253, 548, 1325, 2, 0, 4.10%, 0, 0, 27, 2412.38, 53550926, 2685, 0, 0
21996, 253, 1201, 1325, 2, 0, 4.10%, 0, 0, 27, 2402.37, 53563281, 2685, 0, 0
22002, 253, 569, 1325, 2, 0, 4.10%, 0, 0, 27, 2423.51, 53575526, 2685, 0, 0
22007, 253, 896, 1325, 2, 0, 4.10%, 0, 0, 27, 2376.24, 53587508, 2685, 0, 0
22012, 253, 1025, 1325, 2, 0, 4.10%, 0, 0, 27, 2448.65, 53599956, 2685, 0, 0
22017, 253, 1134, 1325, 2, 0, 4.10%, 0, 0, 27, 2495.39, 53612382, 2685, 0, 0
22022, 253, 980, 1325, 2, 0, 4.10%, 0, 0, 27, 2378.03, 53624291, 2685, 0, 0
22027, 253, 886, 1325, 2, 0, 4.10%, 0, 0, 27, 2272.50, 53635942, 2685, 0, 0
22032, 253, 969, 1325, 2, 0, 4.10%, 0, 0, 27, 2325.51, 53647970, 2685, 0, 0
22037, 253, 630, 1325, 1, 0, 4.10%, 0, 0, 27, 2248.67, 53658708, 2685, 0, 0
22042, 253, 853, 1325, 1, 0, 4.10%, 0, 0, 27, 2426.73, 53671504, 2685, 0, 0
22047, 253, 1154, 1325, 1, 0, 4.10%, 0, 0, 27, 2339.96, 53683289, 2685, 0, 0
22052, 253, 560, 1325, 1, 0, 4.10%, 0, 0, 27, 2366.32, 53695292, 2685, 0, 0
22057, 253, 749, 1325, 1, 0, 4.10%, 0, 0, 27, 2412.22, 53707285, 2685, 0, 0
22062, 254, 572, 1325, 1, 0, 4.10%, 0, 0, 27, 2434.23, 53719941, 2685, 0, 0
22068, 254, 886, 1325, 1, 0, 4.10%, 0, 0, 27, 2431.96, 53732479, 2685, 0, 0
22073, 254, 998, 1325, 1, 0, 4.10%, 0, 0, 27, 2374.80, 53744351, 2685, 0, 0
22079, 254, 1324, 1325, 1, 0, 4.10%, 0, 0, 27, 2127.56, 53756452, 2685, 0, 0
22084, 254, 689, 1325, 0, 0, 4.10%, 0, 0, 27, 2313.11, 53768476, 2685, 0, 0
22089, 254, 845, 1325, 0, 0, 4.10%, 0, 0, 27, 2403.29, 53780665, 2685, 0, 0
22094, 254, 689, 1325, 0, 0, 4.10%, 0, 0, 27, 2383.22, 53792665, 2685, 0, 0
22099, 254, 793, 1325, 0, 0, 4.10%, 0, 0, 27, 2335.17, 53804919, 2685, 0, 0
22104, 254, 365, 1325, 0, 0, 4.10%, 0, 0, 27, 2445.04, 53817298, 2685, 0, 0
22109, 254, 962, 1325, 0, 0, 4.10%, 0, 0, 27, 2371.74, 53829301, 2685, 0, 0
22114, 254, 853, 1325, 0, 0, 4.10%, 0, 0, 27, 2451.99, 53841697, 2685, 0, 0
22120, 254, 808, 1325, 0, 0, 4.10%, 0, 0, 27, 2424.29, 53854319, 2685, 0, 0
22125, 254, 508, 1325, 0, 0, 4.10%, 0, 0, 27, 2443.68, 53867048, 2685, 0, 0
22130, 254, 123, 1325, 0, 0, 4.10%, 0, 0, 27, 2468.52, 53879225, 2685, 0, 0
22135, 254, 853, 1325, 0, 0, 4.10%, 0, 0, 27, 2345.17, 53890891, 2685, 0, 0
22140, 254, 729, 1325, 0, 0, 4.10%, 0, 0, 27, 2433.63, 53903369, 2685, 0, 0
22145, 254, 46, 1325, 0, 0, 4.10%, 0, 0, 27, 2399.83, 53915749, 2685, 0, 0
22150, 254, 5, 1325, 0, 0, 4.10%, 0, 0, 27, 2401.48, 53927801, 2685, 0, 0
22155, 254, 1039, 1325, 0, 0, 4.10%, 0, 0, 27, 2329.37, 53939793, 2685, 0, 0
22161, 254, 762, 1325, 0, 0, 4.10%, 0, 0, 27, 2474.53, 53952850, 2685, 0, 0
22166, 254, 84, 1325, 0, 0, 4.10%, 0, 0, 27, 2326.57, 53964773, 2685, 0, 0
22171, 255, 683, 1325, 0, 0, 4.10%, 0, 0, 27, 2414.62, 53977198, 2685, 0, 0
22176, 255, 989, 1325, 0, 0, 4.10%, 0, 0, 27, 2384.73, 53989340, 2685, 0, 0
22181, 255, 853, 1325, 0, 0, 4.10%, 0, 0, 27, 2358.54, 54001349, 2685, 0, 0
22186, 255, 940, 1325, 0, 0, 4.10%, 0, 0, 27, 2447.99, 54013498, 2685, 0, 0
22191, 255, 275, 1325, 0, 0, 4.10%, 0, 0, 27, 2481.33, 54026401, 2685, 0, 0
22196, 255, 419, 1325, 0, 0, 4.10%, 0, 0, 27, 2416.92, 54039148, 2685, 0, 0
22201, 255, 1249, 1325, 0, 0, 4.10%, 0, 0, 27, 2390.15, 54050999, 2685, 0, 0
22206, 255, 682, 1325, 0, 0, 4.10%, 0, 0, 27, 2464.65, 54063675, 2685, 0, 0
22211, 255, 121, 1325, 0, 0, 4.10%, 0, 0, 27, 2411.19, 54075751, 2685, 0, 0
22216, 255, 962, 1325, 0, 0, 4.10%, 0, 0, 27, 2458.34, 54088648, 2685, 0, 0
22222, 255, 600, 1325, 0, 0, 4.10%, 0, 0, 27, 2380.77, 54100546, 2685, 0, 0
22227, 255, 985, 1325, 0, 0, 4.10%, 0, 0, 27, 2333.92, 54112487, 2685, 0, 0
22232, 255, 802, 1325, 0, 0, 4.10%, 0, 0, 27, 2437.52, 54125125, 2685, 0, 0
22237, 255, 693, 1325, 0, 0, 4.10%, 0, 0, 27, 2459.86, 54137473, 2685, 0, 0
22242, 255, 936, 1325, 0, 0, 4.10%, 0, 0, 27, 2426.71, 54149376, 2685, 0, 0
22247, 255, 802, 1325, 0, 0, 4.10%, 0, 0, 27, 2301.11, 54160560, 2685, 0, 0
22252, 255, 785, 1325, 0, 0, 4.10%, 0, 0, 27, 2313.20, 54172245, 2685, 0, 0
22257, 255, 682, 1325, 0, 0, 4.10%, 0, 0, 27, 2326.55, 54183622, 2685, 0, 0
22262, 255, 853, 1325, 0, 0, 4.10%, 0, 0, 27, 2437.83, 54196042, 2685, 0, 0
22267, 255, 813, 1325, 0, 0, 4.10%, 0, 0, 27, 2404.21, 54208094, 2685, 0, 0
22272, 255, 690, 1325, 0, 0, 4.10%, 0, 0, 27, 2469.09, 54220593, 2685, 0, 0
22277, 255, 589, 1325, 0, 0, 4.10%, 0, 0, 27, 2414.80, 54232769, 2685, 0, 0
22282, 256, 810, 1325, 0, 0, 4.10%, 0, 0, 27, 2506.13, 54245773, 2685, 0, 0
22287, 256, 856, 1325, 0, 0, 4.10%, 0, 0, 27, 2471.37, 54258141, 2685, 0, 0
22292, 256, 1178, 1325, 0, 0, 4.10%, 0, 0, 27, 2467.81, 54270621, 2685, 0, 0
22297, 256, 184, 1325, 0, 0, 4.10%, 0, 0, 27, 2324.10, 54281995, 2685, 0, 0
22303, 256, 155, 1325, 0, 0, 4.10%, 0, 0, 27, 2449.38, 54294824, 2685, 0, 0
22308, 256, 909, 1325, 0, 0, 4.10%, 0, 0, 27, 2460.06, 54307102, 2685, 0, 0
22313, 256, 1007, 1325, 0, 0, 4.10%, 0, 0, 27, 2456.34, 54319660, 2685, 0, 0
22318, 256, 672, 1325, 0, 0, 4.10%, 0, 0, 27, 2476.91, 54332111, 2685, 0, 0
22323, 256, 1022, 1326, 1, 0, 4.10%, 0, 0, 27, 2387.74, 54344015, 2685, 0, 0
22328, 256, 823, 1326, 1, 0, 4.10%, 0, 0, 27, 2416.59, 54356313, 2685, 0, 0
22333, 256, 295, 1326, 1, 0, 4.10%, 0, 0, 27, 2510.60, 54369420, 2685, 0, 0
22338, 256, 589, 1326, 1, 0, 4.10%, 0, 0, 27, 2501.40, 54382095, 2685, 0, 0
22344, 256, 1325, 1326, 1, 0, 4.10%, 0, 0, 27, 1920.92, 54390003, 2685, 0, 0
22349, 256, 1232, 1326, 0, 0, 4.10%, 0, 0, 27, 2295.97, 54401613, 2685, 0, 0
22354, 256, 969, 1326, 0, 0, 4.10%, 0, 0, 27, 2372.18, 54413894, 2685, 0, 0
22359, 256, 158, 1326, 0, 0, 4.10%, 0, 0, 27, 2461.89, 54426827, 2685, 0, 0
22364, 256, 512, 1326, 0, 0, 4.10%, 0, 0, 27, 2438.20, 54439001, 2685, 0, 0
22369, 256, 625, 1326, 0, 0, 4.10%, 0, 0, 27, 2506.21, 54451728, 2685, 0, 0
22374, 256, 732, 1326, 0, 0, 4.10%, 0, 0, 27, 2491.49, 54464176, 2685, 0, 0
22379, 256, 548, 1326, 0, 0, 4.10%, 0, 0, 27, 2456.73, 54476499, 2685, 0, 0
22384, 256, 810, 1326, 0, 0, 4.10%, 0, 0, 27, 2433.17, 54488572, 2685, 0, 0
22389, 256, 1296, 1326, 0, 0, 4.10%, 0, 0, 27, 2187.75, 54499421, 2685, 0, 0
22394, 257, 972, 1326, 0, 0, 4.10%, 0, 0, 27, 2441.70, 54511899, 2685, 0, 0
22400, 257, 1310, 1326, 0, 0, 4.10%, 0, 0, 27, 2434.15, 54524648, 2685, 0, 0
22405, 257, 184, 1326, 0, 0, 4.10%, 0, 0, 27, 2396.72, 54536541, 2685, 0, 0
22410, 257, 1179, 1326, 0, 0, 4.10%, 0, 0, 27, 2385.09, 54549104, 2685, 0, 0
22415, 257, 78, 1326, 0, 0, 4.10%, 0, 0, 27, 2470.78, 54561899, 2685, 0, 0
22420, 257, 896, 1326, 0, 0, 4.10%, 0, 0, 27, 2401.93, 54574040, 2685, 0, 0
22425, 257, 1084, 1326, 0, 0, 4.10%, 0, 0, 27, 2474.92, 54586567, 2685, 0, 0
22430, 257, 663, 1326, 0, 0, 4.10%, 0, 0, 27, 2455.46, 54598798, 2685, 0, 0
22435, 257, 79, 1326, 0, 0, 4.10%, 0, 0, 27, 2374.44, 54610374, 2685, 0, 0
22440, 257, 1168, 1326, 0, 0, 4.10%, 0, 0, 27, 2406.88, 54622471, 2685, 0, 0
22446, 257, 909, 1326, 0, 0, 4.10%, 0, 0, 27, 2357.71, 54634522, 2685, 0, 0
22451, 257, 882, 1326, 0, 0, 4.10%, 0, 0, 27, 2443.70, 54647118, 2685, 0, 0
22456, 257, 649, 1326, 0, 0, 4.10%, 0, 0, 27, 2449.58, 54659295, 2685, 0, 0
22461, 257, 855, 1326, 0, 0, 4.10%, 0, 0, 27, 2411.12, 54671618, 2685, 0, 0
22466, 257, 537, 1326, 0, 0, 4.10%, 0, 0, 27, 2475.63, 54684652, 2685, 0, 0
22471, 257, 422, 1326, 0, 0, 4.10%, 0, 0, 27, 2368.69, 54696532, 2685, 0, 0
22476, 257, 896, 1326, 0, 0, 4.10%, 0, 0, 27, 2425.34, 54708531, 2685, 0, 0
22481, 257, 1007, 1326, 0, 0, 4.10%, 0, 0, 27, 2458.42, 54721051, 2685, 0, 0
22486, 257, 663, 1326, 0, 0, 4.10%, 0, 0, 27, 2457.96, 54733434, 2685, 0, 0
22491, 257, 1298, 1326, 0, 0, 4.10%, 0, 0, 27, 2476.54, 54746009, 2685, 0, 0
22496, 257, 215, 1326, 0, 0, 4.10%, 0, 0, 27, 2206.86, 54757559, 2685, 0, 0
22502, 258, 900, 1326, 0, 0, 4.10%, 0, 0, 27, 2260.69, 54768824, 2685, 0, 0
22507, 258, 1087, 1326, 0, 0, 4.10%, 0, 0, 27, 2421.01, 54781056, 2685, 0, 0
22512, 258, 920, 1326, 0, 0, 4.10%, 0, 0, 27, 2429.83, 54793198, 2685, 0, 0
22517, 258, 936, 1326, 0, 0, 4.10%, 0, 0, 27, 2426.91, 54805481, 2685, 0, 0
22522, 258, 1313, 1326, 0, 0, 4.10%, 0, 0, 27, 2452.27, 54817967, 2685, 0, 0
22527, 258, 1142, 1326, 0, 0, 4.10%, 0, 0, 27, 2355.75, 54829954, 2685, 0, 0
22532, 258, 600, 1326, 0, 0, 4.10%, 0, 0, 27, 2444.14, 54842583, 2685, 0, 0
22537, 258, 972, 1326, 0, 0, 4.10%, 0, 0, 27, 2490.71, 54855083, 2685, 0, 0
22542, 258, 674, 1326, 0, 0, 4.10%, 0, 0, 27, 2431.04, 54867281, 2685, 0, 0
22547, 258, 286, 1326, 0, 0, 4.10%, 0, 0, 27, 2390.09, 54879232, 2685, 0, 0
22552, 258, 632, 1326, 0, 0, 4.10%, 0, 0, 27, 2255.05, 54890471, 2685, 0, 0
22557, 258, 1255, 1326, 0, 0, 4.10%, 0, 0, 27, 2366.01, 54902345, 2685, 0, 0
22562, 258, 1293, 1326, 0, 0, 4.10%, 0, 0, 27, 2344.96, 54914046, 2685, 0, 0
22567, 258, 321, 1326, 0, 0, 4.10%, 0, 0, 27, 2371.48, 54926408, 2685, 0, 0
22572, 258, 942, 1326, 0, 0, 4.10%, 0, 0, 27, 2414.62, 54938678, 2685, 0, 0
22577, 258, 548, 1326, 0, 0, 4.10%, 0, 0, 27, 2395.02, 54950488, 2685, 0, 0
22582, 258, 423, 1326, 0, 0, 4.10%, 0, 0, 27, 2365.86, 54962316, 2685, 0, 0
22587, 258, 1190, 1326, 0, 0, 4.10%, 0, 0, 27, 2334.11, 54974198, 2685, 0, 0
22593, 258, 1052, 1326, 0, 0, 4.10%, 0, 0, 27, 2362.77, 54986169, 2685, 0, 0
22598, 258, 1298, 1326, 0, 0, 4.10%, 0, 0, 27, 2475.96, 54998714, 2685, 0, 0
22603, 258, 248, 1326, 0, 0, 4.10%, 0, 0, 27, 2408.63, 55010793, 2685, 0, 0
22608, 258, 583, 1326, 0, 0, 4.10%, 0, 0, 27, 2416.18, 55022945, 2685, 0, 0
22613, 259, 527, 1326, 0, 0, 4.10%, 0, 0, 27, 2415.01, 55035013, 2685, 0, 0
22618, 259, 998, 1326, 0, 0, 4.10%, 0, 0, 27, 2436.35, 55047661, 2685, 0, 0
22623, 259, 288, 1326, 0, 0, 4.10%, 0, 0, 27, 2390.12, 55059590, 2685, 0, 0
22628, 259, 701, 1326, 0, 0, 4.10%, 0, 0, 27, 2436.43, 55072111, 2685, 0, 0
22633, 259, 1321, 1326, 0, 0, 4.10%, 0, 0, 27, 2363.35, 55084010, 2685, 0, 0
22638, 259, 151, 1326, 0, 0, 4.10%, 0, 0, 27, 2378.89, 55095864, 2685, 0, 0
22643, 259, 787, 1326, 0, 0, 4.10%, 0, 0, 27, 2440.58, 55108665, 2685, 0, 0
22648, 259, 503, 1326, 0, 0, 4.10%, 0, 0, 27, 2417.21, 55120665, 2685, 0, 0
22653, 259, 145, 1326, 0, 0, 4.10%, 0, 0, 27, 2422.51, 55132791, 2685, 0, 0
22659, 259, 258, 1326, 0, 0, 4.10%, 0, 0, 27, 2496.44, 55145466, 2685, 0, 0
22664, 259, 1325, 1326, 0, 0, 4.10%, 0, 0, 27, 2229.10, 55156757, 2685, 0, 0
22669, 259, 1300, 1326, 0, 0, 4.10%, 0, 0, 27, 2234.73, 55167079, 2685, 0, 0
22674, 259, 689, 1326, 0, 0, 4.10%, 0, 0, 27, 2432.64, 55179965, 2685, 0, 0
22679, 259, 886, 1326, 0, 0, 4.10%, 0, 0, 27, 2520.71, 55192817, 2685, 0, 0
22684, 259, 283, 1326, 0, 0, 4.10%, 0, 0, 27, 2345.47, 55204084, 2685, 0, 0
22689, 259, 116, 1326, 0, 0, 4.10%, 0, 0, 27, 2480.29, 55216666, 2685, 0, 0
22694, 259, 936, 1326, 0, 0, 4.10%, 0, 0, 27, 2366.26, 55228044, 2685, 0, 0
22699, 259, 779, 1326, 0, 0, 4.10%, 0, 0, 27, 2439.20, 55240336, 2685, 0, 0
22704, 259, 1228, 1326, 0, 0, 4.10%, 0, 0, 27, 2466.54, 55252785, 2685, 0, 0
22709, 259, 1292, 1326, 0, 0, 4.10%, 0, 0, 27, 2317.66, 55264300, 2685, 0, 0
22714, 259, 849, 1326, 0, 0, 4.10%, 0, 0, 27, 2364.55, 55276722, 2685, 0, 0
22719, 259, 981, 1326, 0, 0, 4.10%, 0, 0, 27, 2289.94, 55287807, 2685, 0, 0
22724, 259, 548, 1326, 0, 0, 4.10%, 0, 0, 27, 2296.77, 55299372, 2685, 0, 0
22729, 260, 1228, 1326, 0, 0, 4.10%, 0, 0, 27, 2383.25, 55311336, 2685, 0, 0
22734, 260, 787, 1326, 0, 0, 4.10%, 0, 0, 27, 2450.83, 55323652, 2685, 0, 0
22740, 260, 1083, 1326, 0, 0, 4.10%, 0, 0, 27, 2461.76, 55335986, 2685, 0, 0
22745, 260, 434, 1326, 0, 0, 4.10%, 0, 0, 27, 2472.52, 55348180, 2685, 0, 0
22750, 260, 748, 1326, 0, 0, 4.10%, 0, 0, 27, 2342.65, 55359539, 2685, 0, 0
22755, 260, 1255, 1326, 0, 0, 4.10%, 0, 0, 27, 2438.93, 55372266, 2685, 0, 0
22760, 260, 508, 1326, 0, 0, 4.10%, 0, 0, 27, 2451.40, 55384749, 2685, 0, 0
22765, 260, 787, 1327, 1, 0, 4.10%, 0, 0, 27, 2082.55, 55395053, 2685, 0, 0
22770, 260, 609, 1327, 1, 0, 4.10%, 0, 0, 27, 2316.40, 55407223, 2685, 0, 0
22775, 260, 1326, 1328, 2, 0, 4.10%, 0, 0, 27, 2202.94, 55417504, 2685, 0, 0
22781, 260, 569, 1328, 1, 0, 4.10%, 0, 0, 27, 2325.39, 55429507, 2685, 0, 0
22786, 260, 1135, 1328, 1, 0, 4.10%, 0, 0, 27, 2402.93, 55441945, 2685, 0, 0
22791, 260, 1086, 1328, 1, 0, 4.10%, 0, 0, 27, 2273.52, 55453297, 2685, 0, 0
22796, 260, 1129, 1328, 1, 0, 4.10%, 0, 0, 27, 2430.03, 55465907, 2685, 0, 0
22801, 260, 667, 1328, 1, 0, 4.10%, 0, 0, 27, 2281.51, 55477176, 2685, 0, 0
22806, 260, 642, 1328, 1, 0, 4.10%, 0, 0, 27, 2443.68, 55489619, 2685, 0, 0
22811, 260, 152, 1328, 1, 0, 4.10%, 0, 0, 27, 2398.38, 55501467, 2685, 0, 0
22816, 260, 957, 1329, 2, 0, 4.10%, 0, 0, 27, 2310.71, 55513104, 2685, 0, 0
22821, 260, 813, 1330, 2, 0, 4.10%, 0, 0, 27, 1914.85, 55520178, 2685, 0, 0
22826, 260, 1134, 1330, 2, 0, 4.10%, 0, 0, 27, 2279.86, 55532065, 2685, 0, 0
22831, 260, 1255, 1330, 2, 0, 4.10%, 0, 0, 27, 2451.54, 55545073, 2685, 0, 0
22837, 260, 972, 1330, 1, 0, 4.10%, 0, 0, 27, 2167.69, 55553274, 2685, 0, 0
22842, 260, 1255, 1330, 1, 0, 4.10%, 0, 0, 27, 2359.83, 55565542, 2685, 0, 0
22847, 260, 995, 1330, 1, 0, 4.10%, 0, 0, 27, 2418.19, 55577845, 2685, 0, 0
22852, 260, 1108, 1330, 1, 0, 4.10%, 0, 0, 27, 2353.14, 55589670, 2685, 0, 0
22857, 261, 649, 1330, 1, 0, 4.10%, 0, 0, 27, 2452.73, 55602030, 2685, 0, 0
22862, 261, 1073, 1330, 1, 0, 4.10%, 0, 0, 27, 2306.30, 55613435, 2685, 0, 0
22867, 261, 531, 1330, 1, 0, 4.10%, 0, 0, 27, 2440.86, 55626247, 2685, 0, 0
22872, 261, 729, 1330, 1, 0, 4.10%, 0, 0, 27, 2292.93, 55637920, 2685, 0, 0
22877, 261, 853, 1330, 1, 0, 4.10%, 0, 0, 27, 2350.25, 55650160, 2685, 0, 0
22882, 261, 896, 1330, 1, 0, 4.10%, 0, 0, 27, 2222.79, 55661660, 2685, 0, 0
22887, 261, 925, 1330, 1, 0, 4.10%, 0, 0, 27, 2387.60, 55673939, 2685, 0, 0
22892, 261, 879, 1330, 1, 0, 4.10%, 0, 0, 27, 2258.62, 55685441, 2685, 0, 0
22898, 261, 746, 1330, 1, 0, 4.10%, 0, 0, 27, 2434.74, 55698197, 2685, 0, 0
22903, 261, 231, 1330, 1, 0, 4.10%, 0, 0, 27, 2406.54, 55710227, 2685, 0, 0
22908, 261, 1191, 1330, 1, 0, 4.10%, 0, 0, 27, 2409.44, 55722018, 2685, 0, 0
22913, 261, 176, 1330, 1, 0, 4.10%, 0, 0, 27, 2399.47, 55733853, 2685, 0, 0
22918, 261, 828, 1330, 1, 0, 4.10%, 0, 0, 27, 2410.54, 55746005, 2685, 0, 0
22923, 261, 1327, 1330, 1, 0, 4.10%, 0, 0, 27, 2294.21, 55757806, 2685, 0, 0
22928, 261, 774, 1330, 0, 0, 4.10%, 0, 0, 27, 2308.82, 55768281, 2685, 0, 0
22933, 261, 580, 1330, 0, 0, 4.10%, 0, 0, 27, 2384.27, 55780503, 2685, 0, 0
22938, 261, 139, 1330, 0, 0, 4.10%, 0, 0, 27, 2395.33, 55793028, 2685, 0, 0
22943, 261, 654, 1330, 0, 0, 4.10%, 0, 0, 27, 2432.67, 55805373, 2685, 0, 0
22948, 261, 1109, 1330, 0, 0, 4.10%, 0, 0, 27, 2442.36, 55817913, 2685, 0, 0
22953, 261, 882, 1330, 0, 0, 4.10%, 0, 0, 27, 2402.12, 55829795, 2685, 0, 0
22959, 261, 900, 1330, 0, 0, 4.10%, 0, 0, 27, 2375.87, 55841503, 2685, 0, 0
22964, 261, 781, 1330, 0, 0, 4.10%, 0, 0, 27, 2219.66, 55852668, 2685, 0, 0
22969, 261, 1301, 1330, 0, 0, 4.10%, 0, 0, 27, 2381.74, 55864946, 2685, 0, 0
22974, 262, 35, 1330, 0, 0, 4.10%, 0, 0, 27, 2383.89, 55877123, 2685, 0, 0
22979, 262, 871, 1330, 0, 0, 4.10%, 0, 0, 27, 2390.77, 55889428, 2685, 0, 0
22984, 262, 1325, 1330, 0, 0, 4.10%, 0, 0, 27, 2097.37, 55900440, 2685, 0, 0
22989, 262, 909, 1330, 0, 0, 4.10%, 0, 0, 27, 2255.43, 55911599, 2685, 0, 0
22994, 262, 857, 1330, 0, 0, 4.10%, 0, 0, 27, 2365.55, 55923520, 2685, 0, 0
22999, 262, 1058, 1330, 0, 0, 4.10%, 0, 0, 27, 2405.62, 55935675, 2685, 0, 0
23004, 262, 244, 1331, 1, 0, 4.10%, 0, 0, 27, 2311.73, 55946978, 2685, 0, 0
23011, 262, 1330, 1331, 1, 0, 4.10%, 0, 0, 27, 2291.06, 55961908, 2685, 0, 0
23016, 262, 762, 1331, 0, 0, 4.10%, 0, 0, 27, 2264.46, 55972946, 2685, 0, 0
23021, 262, 1068, 1331, 0, 0, 4.10%, 0, 0, 27, 2377.05, 55984996, 2685, 0, 0
23026, 262, 1184, 1331, 0, 0, 4.10%, 0, 0, 27, 2402.13, 55997544, 2685, 0, 0
23031, 262, 236, 1331, 0, 0, 4.10%, 0, 0, 27, 2411.73, 56009604, 2685, 0, 0
23036, 262, 766, 1331, 0, 0, 4.10%, 0, 0, 27, 2390.27, 56021721, 2685, 0, 0
23041, 262, 614, 1331, 0, 0, 4.10%, 0, 0, 27, 2363.03, 56033405, 2685, 0, 0
23046, 262, 1310, 1331, 0, 0, 4.10%, 0, 0, 27, 2240.98, 56044773, 2685, 0, 0
23051, 262, 776, 1331, 0, 0, 4.10%, 0, 0, 27, 2393.13, 56056847, 2685, 0, 0
23057, 262, 69, 1331, 0, 0, 4.10%, 0, 0, 27, 2407.23, 56069269, 2685, 0, 0
23062, 262, 796, 1331, 0, 0, 4.10%, 0, 0, 27, 2432.59, 56081669, 2685, 0, 0
23067, 262, 1134, 1331, 0, 0, 4.10%, 0, 0, 27, 2411.98, 56093817, 2685, 0, 0
23072, 262, 121, 1331, 0, 0, 4.10%, 0, 0, 27, 2430.18, 56106023, 2685, 0, 0
23077, 262, 1311, 1331, 0, 0, 4.10%, 0, 0, 27, 2319.30, 56117334, 2685, 0, 0
23082, 262, 26, 1331, 0, 0, 4.10%, 0, 0, 27, 2321.12, 56129121, 2685, 0, 0
23087, 262, 1007, 1331, 0, 0, 4.10%, 0, 0, 27, 2233.53, 56140165, 2685, 0, 0
23092, 263, 248, 1331, 0, 0, 4.10%, 0, 0, 27, 2413.00, 56152597, 2685, 0, 0
23097, 263, 1168, 1331, 0, 0, 4.10%, 0, 0, 27, 2273.59, 56164395, 2685, 0, 0
23102, 263, 638, 1331, 0, 0, 4.10%, 0, 0, 27, 2345.98, 56176167, 2685, 0, 0
23107, 263, 697, 1331, 0, 0, 4.10%, 0, 0, 27, 2414.43, 56188169, 2685, 0, 0
23112, 263, 1262, 1331, 0, 0, 4.10%, 0, 0, 27, 2316.38, 56200391, 2685, 0, 0
23117, 263, 1007, 1331, 0, 0, 4.10%, 0, 0, 27, 2368.80, 56212339, 2685, 0, 0
23123, 263, 900, 1331, 0, 0, 4.10%, 0, 0, 27, 2462.28, 56225045, 2685, 0, 0
23128, 263, 101, 1331, 0, 0, 4.10%, 0, 0, 27, 2463.81, 56237433, 2685, 0, 0
23133, 263, 779, 1331, 0, 0, 4.10%, 0, 0, 27, 2429.83, 56249624, 2685, 0, 0
23138, 263, 1055, 1331, 0, 0, 4.10%, 0, 0, 27, 2315.69, 56261624, 2685, 0, 0
23143, 263, 71, 1331, 0, 0, 4.10%, 0, 0, 27, 2448.32, 56274532, 2685, 0, 0
23148, 263, 732, 1331, 0, 0, 4.10%, 0, 0, 27, 2467.14, 56286705, 2685, 0, 0
23153, 263, 184, 1331, 0, 0, 4.10%, 0, 0, 27, 2449.25, 56299358, 2685, 0, 0
23158, 263, 1255, 1331, 0, 0, 4.10%, 0, 0, 27, 2343.52, 56311158, 2685, 0, 0
23163, 263, 886, 1331, 0, 0, 4.10%, 0, 0, 27, 2423.36, 56323476, 2685, 0, 0
23168, 263, 787, 1331, 0, 0, 4.10%, 0, 0, 27, 2400.65, 56335575, 2685, 0, 0
23173, 263, 600, 1331, 0, 0, 4.10%, 0, 0, 27, 2491.39, 56348306, 2685, 0, 0
23179, 263, 682, 1331, 0, 0, 4.10%, 0, 0, 27, 2404.99, 56360783, 2685, 0, 0
23184, 263, 106, 1331, 0, 0, 4.10%, 0, 0, 27, 2403.96, 56372732, 2685, 0, 0
23189, 263, 215, 1331, 0, 0, 4.10%, 0, 0, 27, 2436.43, 56385005, 2685, 0, 0
23194, 263, 793, 1331, 0, 0, 4.10%, 0, 0, 27, 2395.16, 56397504, 2685, 0, 0
23199, 263, 972, 1331, 0, 0, 4.10%, 0, 0, 27, 2392.09, 56409445, 2685, 0, 0
23204, 263, 625, 1331, 0, 0, 4.10%, 0, 0, 27, 2383.45, 56421295, 2685, 0, 0
23209, 264, 962, 1331, 0, 0, 4.10%, 0, 0, 27, 2209.58, 56432525, 2685, 0, 0
23214, 264, 1059, 1331, 0, 0, 4.10%, 0, 0, 27, 2314.94, 56444299, 2685, 0, 0
23219, 264, 54, 1331, 0, 0, 4.10%, 0, 0, 27, 2376.29, 56456351, 2685, 0, 0
23224, 264, 672, 1331, 0, 0, 4.10%, 0, 0, 27, 2299.13, 56468097, 2685, 0, 0
23229, 264, 1066, 1331, 0, 0, 4.10%, 0, 0, 27, 2400.82, 56480351, 2685, 0, 0
23234, 264, 1168, 1331, 0, 0, 4.10%, 0, 0, 27, 2362.29, 56492370, 2685, 0, 0
23239, 264, 1168, 1331, 0, 0, 4.10%, 0, 0, 27, 2367.68, 56504120, 2685, 0, 0
23244, 264, 1091, 1331, 0, 0, 4.10%, 0, 0, 27, 2433.73, 56516191, 2685, 0, 0
23249, 264, 116, 1331, 0, 0, 4.10%, 0, 0, 27, 2362.27, 56528129, 2685, 0, 0
23255, 264, 712, 1331, 0, 0, 4.10%, 0, 0, 27, 2435.87, 56540881, 2685, 0, 0
23260, 264, 624, 1331, 0, 0, 4.10%, 0, 0, 27, 2272.81, 56552059, 2685, 0, 0
23265, 264, 604, 1331, 0, 0, 4.10%, 0, 0, 27, 2415.95, 56564768, 2685, 0, 0
23270, 264, 1067, 1331, 0, 0, 4.10%, 0, 0, 27, 2459.46, 56577596, 2685, 0, 0
23275, 264, 969, 1331, 0, 0, 4.10%, 0, 0, 27, 2392.61, 56589584, 2685, 0, 0
23280, 264, 896, 1331, 0, 0, 4.10%, 0, 0, 27, 2370.38, 56601895, 2685, 0, 0
23285, 264, 569, 1331, 0, 0, 4.10%, 0, 0, 27, 2387.49, 56613976, 2685, 0, 0
23290, 264, 609, 1331, 0, 0, 4.10%, 0, 0, 27, 2388.38, 56626032, 2685, 0, 0
23296, 264, 660, 1331, 0, 0, 4.10%, 0, 0, 27, 2482.53, 56638934, 2685, 0, 0
23301, 264, 787, 1331, 0, 0, 4.10%, 0, 0, 27, 2449.46, 56651506, 2685, 0, 0
23306, 264, 780, 1331, 0, 0, 4.10%, 0, 0, 27, 2446.46, 56663858, 2685, 0, 0
23311, 264, 1058, 1331, 0, 0, 4.10%, 0, 0, 27, 2367.30, 56675354, 2685, 0, 0
23316, 264, 221, 1331, 0, 0, 4.10%, 0, 0, 27, 2432.83, 56688008, 2685, 0, 0
23321, 264, 619, 1331, 0, 0, 4.10%, 0, 0, 27, 2367.72, 56699779, 2685, 0, 0
23326, 265, 1058, 1331, 0, 0, 4.10%, 0, 0, 27, 2292.02, 56711465, 2685, 0, 0
23331, 265, 727, 1331, 0, 0, 4.10%, 0, 0, 27, 2368.84, 56723056, 2685, 0, 0
23336, 265, 565, 1331, 0, 0, 4.10%, 0, 0, 27, 2392.77, 56734857, 2685, 0, 0
23341, 265, 857, 1331, 0, 0, 4.10%, 0, 0, 27, 2426.88, 56747459, 2685, 0, 0
23346, 265, 483, 1331, 0, 0, 4.10%, 0, 0, 27, 2420.34, 56759711, 2685, 0, 0
23351, 265, 697, 1331, 0, 0, 4.10%, 0, 0, 27, 2284.25, 56771083, 2685, 0, 0
23357, 265, 604, 1331, 0, 0, 4.10%, 0, 0, 27, 2291.10, 56782498, 2685, 0, 0
23362, 265, 1228, 1331, 0, 0, 4.10%, 0, 0, 27, 2390.55, 56794570, 2685, 0, 0
23367, 265, 689, 1331, 0, 0, 4.10%, 0, 0, 27, 2319.70, 56806255, 2685, 0, 0
23372, 265, 1134, 1331, 0, 0, 4.10%, 0, 0, 27, 2392.22, 56818114, 2685, 0, 0
23377, 265, 787, 1331, 0, 0, 4.10%, 0, 0, 27, 2439.96, 56830530, 2685, 0, 0
23382, 265, 503, 1331, 0, 0, 4.10%, 0, 0, 27, 2469.37, 56843336, 2685, 0, 0
23387, 265, 1286, 1331, 0, 0, 4.10%, 0, 0, 27, 2353.23, 56855181, 2685, 0, 0
23392, 265, 802, 1331, 0, 0, 4.10%, 0, 0, 27, 2463.98, 56867785, 2685, 0, 0
23397, 265, 1307, 1331, 0, 0, 4.10%, 0, 0, 27, 2429.41, 56880160, 2685, 0, 0
23402, 265, 355, 1331, 0, 0, 4.10%, 0, 0, 27, 2407.32, 56892155, 2685, 0, 0
23407, 265, 422, 1331, 0, 0, 4.10%, 0, 0, 27, 2400.98, 56904280, 2685, 0, 0
23412, 265, 240, 1331, 0, 0, 4.10%, 0, 0, 27, 2436.05, 56916709, 2685, 0, 0
23418, 265, 810, 1331, 0, 0, 4.10%, 0, 0, 27, 2454.21, 56929059, 2685, 0, 0
23423, 265, 962, 1331, 0, 0, 4.10%, 0, 0, 27, 2465.61, 56941885, 2685, 0, 0
23428, 265, 1003, 1331, 0, 0, 4.10%, 0, 0, 27, 2444.57, 56954080, 2685, 0, 0
23433, 266, 774, 1331, 0, 0, 4.10%, 0, 0, 27, 2442.61, 56966401, 2685, 0, 0
23438, 266, 1071, 1331, 0, 0, 4.10%, 0, 0, 27, 2307.42, 56978085, 2685, 0, 0
23443, 266, 396, 1332, 1, 0, 4.10%, 0, 0, 27, 2449.95, 56991041, 2685, 0, 0
23448, 266, 1007, 1332, 1, 0, 4.10%, 0, 0, 27, 2477.29, 57003567, 2685, 0, 0
23453, 266, 1331, 1332, 1, 0, 4.10%, 0, 0, 27, 2363.10, 57015252, 2685, 0, 0
23458, 266, 882, 1332, 0, 0, 4.10%, 0, 0, 27, 2321.04, 57026570, 2685, 0, 0
23463, 266, 203, 1332, 0, 0, 4.10%, 0, 0, 27, 2253.51, 57038034, 2685, 0, 0
23468, 266, 1227, 1332, 0, 0, 4.10%, 0, 0, 27, 2318.74, 57049787, 2685, 0, 0
23473, 266, 103, 1332, 0, 0, 4.10%, 0, 0, 27, 2400.39, 57061847, 2685, 0, 0
23479, 266, 1263, 1332, 0, 0, 4.10%, 0, 0, 27, 2305.91, 57072959, 2685, 0, 0
23484, 266, 630, 1332, 0, 0, 4.10%, 0, 0, 27, 2430.58, 57085845, 2685, 0, 0
23489, 266, 1168, 1332, 0, 0, 4.10%, 0, 0, 27, 2459.57, 57098720, 2685, 0, 0
23494, 266, 1191, 1332, 0, 0, 4.10%, 0, 0, 27, 2448.99, 57111021, 2685, 0, 0
23499, 266, 595, 1332, 0, 0, 4.10%, 0, 0, 27, 2399.60, 57122995, 2685, 0, 0
23504, 266, 71, 1332, 0, 0, 4.10%, 0, 0, 27, 2453.45, 57135672, 2685, 0, 0
23509, 266, 936, 1332, 0, 0, 4.10%, 0, 0, 27, 2412.05, 57147737, 2685, 0, 0
23514, 266, 1325, 1332, 0, 0, 4.10%, 0, 0, 27, 2234.26, 57159242, 2685, 0, 0
23519, 266, 779, 1332, 0, 0, 4.10%, 0, 0, 27, 2189.07, 57169932, 2685, 0, 0
23525, 266, 151, 1332, 0, 0, 4.10%, 0, 0, 27, 2400.95, 57182472, 2685, 0, 0
23530, 266, 935, 1332, 0, 0, 4.10%, 0, 0, 27, 2359.02, 57193950, 2685, 0, 0
23535, 266, 578, 1332, 0, 0, 4.10%, 0, 0, 27, 2432.44, 57206258, 2685, 0, 0
23540, 266, 1158, 1332, 0, 0, 4.10%, 0, 0, 27, 2348.37, 57218279, 2685, 0, 0
23545, 266, 853, 1332, 0, 0, 4.10%, 0, 0, 27, 2290.01, 57229505, 2685, 0, 0
23550, 267, 1149, 1332, 0, 0, 4.10%, 0, 0, 27, 2300.57, 57241507, 2685, 0, 0
23555, 267, 909, 1332, 0, 0, 4.10%, 0, 0, 27, 2391.14, 57254072, 2685, 0, 0
23560, 267, 342, 1332, 0, 0, 4.10%, 0, 0, 27, 2401.67, 57266037, 2685, 0, 0
23565, 267, 936, 1332, 0, 0, 4.10%, 0, 0, 27, 2224.73, 57277142, 2685, 0, 0
23570, 267, 823, 1332, 0, 0, 4.10%, 0, 0, 27, 2395.81, 57289539, 2685, 0, 0
23575, 267, 1255, 1332, 0, 0, 4.10%, 0, 0, 27, 2315.14, 57301282, 2685, 0, 0
23580, 267, 972, 1332, 0, 0, 4.10%, 0, 0, 27, 2328.64, 57312724, 2685, 0, 0
23585, 267, 486, 1332, 0, 0, 4.10%, 0, 0, 27, 2396.92, 57324812, 2685, 0, 0
23590, 267, 683, 1332, 0, 0, 4.10%, 0, 0, 27, 2401.40, 57336930, 2685, 0, 0
23596, 267, 42, 1332, 0, 0, 4.10%, 0, 0, 27, 2248.97, 57347595, 2685, 0, 0
23601, 267, 1144, 1332, 0, 0, 4.10%, 0, 0, 27, 2256.88, 57359146, 2685, 0, 0
23606, 267, 1255, 1332, 0, 0, 4.10%, 0, 0, 27, 2372.10, 57371114, 2685, 0, 0
23611, 267, 531, 1332, 0, 0, 4.10%, 0, 0, 27, 2444.50, 57383874, 2685, 0, 0
23616, 267, 1003, 1332, 0, 0, 4.10%, 0, 0, 27, 2282.00, 57395426, 2685, 0, 0
23621, 267, 414, 1332, 0, 0, 4.10%, 0, 0, 27, 2346.49, 57407393, 2685, 0, 0
23626, 267, 196, 1332, 0, 0, 4.10%, 0, 0, 27, 2356.34, 57419472, 2685, 0, 0
23631, 267, 989, 1332, 0, 0, 4.10%, 0, 0, 27, 2424.07, 57431774, 2685, 0, 0
23636, 267, 843, 1332, 0, 0, 4.10%, 0, 0, 27, 2406.91, 57444270, 2685, 0, 0
23641, 267, 499, 1332, 0, 0, 4.10%, 0, 0, 27, 2359.59, 57455993, 2685, 0, 0
23646, 267, 936, 1332, 0, 0, 4.10%, 0, 0, 27, 2390.89, 57467858, 2685, 0, 0
23651, 267, 792, 1332, 0, 0, 4.10%, 0, 0, 27, 2281.25, 57479550, 2685, 0, 0
23657, 267, 1331, 1332, 0, 0, 4.10%, 0, 0, 27, 2322.03, 57491417, 2685, 0, 0
23662, 267, 689, 1332, 0, 0, 4.10%, 0, 0, 27, 2396.20, 57503414, 2685, 0, 0
23667, 268, 777, 1332, 0, 0, 4.10%, 0, 0, 27, 2349.02, 57515514, 2685, 0, 0
23672, 268, 1330, 1332, 0, 0, 4.10%, 0, 0, 27, 2310.58, 57527686, 2685, 0, 0
23677, 268, 936, 1332, 0, 0, 4.10%, 0, 0, 27, 2327.09, 57540064, 2685, 0, 0
23682, 268, 697, 1332, 0, 0, 4.10%, 0, 0, 27, 2320.12, 57551707, 2685, 0, 0
23687, 268, 149, 1332, 0, 0, 4.10%, 0, 0, 27, 2358.38, 57563536, 2685, 0, 0
23692, 268, 1134, 1332, 0, 0, 4.10%, 0, 0, 27, 2417.32, 57575849, 2685, 0, 0
23697, 268, 969, 1332, 0, 0, 4.10%, 0, 0, 27, 2372.54, 57587817, 2685, 0, 0
23702, 268, 732, 1332, 0, 0, 4.10%, 0, 0, 27, 2388.91, 57599836, 2685, 0, 0
23707, 268, 969, 1332, 0, 0, 4.10%, 0, 0, 27, 2394.34, 57611544, 2685, 0, 0
23712, 268, 1267, 1332, 0, 0, 4.10%, 0, 0, 27, 2420.46, 57623787, 2685, 0, 0
23717, 268, 1189, 1332, 0, 0, 4.10%, 0, 0, 27, 2431.45, 57636029, 2685, 0, 0
23722, 268, 454, 1332, 0, 0, 4.10%, 0, 0, 27, 2403.46, 57648083, 2685, 0, 0
23727, 268, 1315, 1332, 0, 0, 4.10%, 0, 0, 27, 2382.62, 57660195, 2685, 0, 0
23732, 268, 600, 1332, 0, 0, 4.10%, 0, 0, 27, 2454.42, 57672337, 2685, 0, 0
23737, 268, 1314, 1332, 0, 0, 4.10%, 0, 0, 27, 2446.08, 57684810, 2685, 0, 0
23742, 268, 1201, 1332, 0, 0, 4.10%, 0, 0, 27, 2332.40, 57696400, 2685, 0, 0
23748, 268, 527, 1332, 0, 0, 4.10%, 0, 0, 27, 2367.32, 57708486, 2685, 0, 0
23753, 268, 896, 1332, 0, 0, 4.10%, 0, 0, 27, 2432.87, 57720864, 2685, 0, 0
23758, 268, 456, 1332, 0, 0, 4.10%, 0, 0, 27, 2441.88, 57733039, 2685, 0, 0
23763, 268, 732, 1332, 0, 0, 4.10%, 0, 0, 27, 2184.43, 57744224, 2685, 0, 0
23768, 268, 624, 1332, 0, 0, 4.10%, 0, 0, 27, 2371.63, 57756411, 2685, 0, 0
23773, 268, 1134, 1333, 1, 0, 4.10%, 0, 0, 27, 2376.20, 57768426, 2685, 0, 0
23778, 269, 853, 1333, 1, 0, 4.10%, 0, 0, 27, 2443.04, 57780698, 2685, 0, 0
23783, 269, 574, 1333, 1, 0, 4.10%, 0, 0, 27, 2411.48, 57792693, 2685, 0, 0
23788, 269, 240, 1333, 1, 0, 4.10%, 0, 0, 27, 2456.46, 57805551, 2685, 0, 0
23793, 269, 672, 1333, 1, 0, 4.10%, 0, 0, 27, 2384.46, 57817434, 2685, 0, 0
23798, 269, 853, 1333, 1, 0, 4.10%, 0, 0, 27, 2380.34, 57829846, 2685, 0, 0
23803, 269, 823, 1333, 1, 0, 4.10%, 0, 0, 27, 2374.67, 57841971, 2685, 0, 0
23808, 269, 606, 1333, 1, 0, 4.10%, 0, 0, 27, 2405.35, 57854196, 2685, 0, 0
23813, 269, 843, 1333, 1, 0, 4.10%, 0, 0, 27, 2427.94, 57866494, 2685, 0, 0
23818, 269, 588, 1333, 1, 0, 4.10%, 0, 0, 27, 2401.59, 57878396, 2685, 0, 0
23824, 269, 373, 1333, 1, 0, 4.10%, 0, 0, 27, 2335.03, 57890536, 2685, 0, 0
23829, 269, 987, 1333, 1, 0, 4.10%, 0, 0, 27, 2256.96, 57902428, 2685, 0, 0
23834, 269, 184, 1333, 1, 0, 4.10%, 0, 0, 27, 2372.87, 57914399, 2685, 0, 0
23839, 269, 902, 1333, 1, 0, 4.10%, 0, 0, 27, 2401.70, 57926374, 2685, 0, 0
23844, 269, 1129, 1333, 1, 0, 4.10%, 0, 0, 27, 2337.90, 57938274, 2685, 0, 0
23849, 269, 1151, 1333, 1, 0, 4.10%, 0, 0, 27, 2202.65, 57949876, 2685, 0, 0
23854, 269, 1203, 1333, 1, 0, 4.10%, 0, 0, 27, 2390.94, 57962115, 2685, 0, 0
23859, 269, 609, 1333, 1, 0, 4.10%, 0, 0, 27, 2405.72, 57974165, 2685, 0, 0
23864, 269, 1144, 1333, 1, 0, 4.10%, 0, 0, 27, 2382.11, 57986734, 2685, 0, 0
23869, 269, 971, 1333, 1, 0, 4.10%, 0, 0, 27, 2353.67, 57998626, 2685, 0, 0
23874, 269, 1316, 1333, 1, 0, 4.10%, 0, 0, 27, 2427.01, 58010846, 2685, 0, 0
23879, 269, 1298, 1333, 1, 0, 4.10%, 0, 0, 27, 2409.98, 58022953, 2685, 0, 0
23885, 269, 937, 1333, 1, 0, 4.10%, 0, 0, 27, 2311.59, 58034759, 2685, 0, 0
23890, 269, 604, 1333, 1, 0, 4.10%, 0, 0, 27, 2413.49, 58046829, 2685, 0, 0
23895, 270, 622, 1333, 1, 0, 4.10%, 0, 0, 27, 2320.80, 58058386, 2685, 0, 0
23900, 270, 161, 1333, 1, 0, 4.10%, 0, 0, 27, 2477.68, 58071043, 2685, 0, 0
23905, 270, 1144, 1333, 1, 0, 4.10%, 0, 0, 27, 2438.17, 58083617, 2685, 0, 0
23910, 270, 1174, 1333, 1, 0, 4.10%, 0, 0, 27, 2406.51, 58095917, 2685, 0, 0
23915, 270, 1332, 1334, 2, 0, 4.10%, 0, 0, 27, 2294.71, 58107176, 2685, 0, 0
23920, 270, 1315, 1334, 1, 0, 4.10%, 0, 0, 27, 2381.84, 58119190, 2685, 0, 0
23925, 270, 798, 1334, 1, 0, 4.10%, 0, 0, 27, 2235.54, 58130741, 2685, 0, 0
23930, 270, 754, 1334, 1, 0, 4.10%, 0, 0, 27, 2307.37, 58142920, 2685, 0, 0
23935, 270, 907, 1334, 0, 0, 4.10%, 0, 0, 27, 2329.93, 58154491, 2685, 0, 0
23940, 270, 1312, 1334, 0, 0, 4.10%, 0, 0, 27, 2228.37, 58165555, 2685, 0, 0
23946, 270, 1296, 1334, 0, 0, 4.10%, 0, 0, 27, 2339.51, 58177425, 2685, 0, 0
23951, 270, 1151, 1334, 0, 0, 4.10%, 0, 0, 27, 2247.66, 58189268, 2685, 0, 0
23956, 270, 278, 1334, 0, 0, 4.10%, 0, 0, 27, 2192.85, 58200146, 2685, 0, 0
23961, 270, 693, 1334, 0, 0, 4.10%, 0, 0, 27, 2432.91, 58213126, 2685, 0, 0
23966, 270, 728, 1334, 0, 0, 4.10%, 0, 0, 27, 2446.92, 58225400, 2685, 0, 0
23971, 270, 1312, 1334, 0, 0, 4.10%, 0, 0, 27, 2412.42, 58237216, 2685, 0, 0
23976, 270, 1309, 1334, 0, 0, 4.10%, 0, 0, 27, 2452.94, 58249573, 2685, 0, 0
23981, 270, 550, 1334, 0, 0, 4.10%, 0, 0, 27, 2339.96, 58261120, 2685, 0, 0
23986, 270, 775, 1334, 0, 0, 4.10%, 0, 0, 27, 2353.88, 58272954, 2685, 0, 0
23991, 270, 995, 1334, 0, 0, 4.10%, 0, 0, 27, 2493.55, 58285999, 2685, 0, 0
23996, 270, 1332, 1334, 0, 0, 4.10%, 0, 0, 27, 2327.07, 58297378, 2685, 0, 0
24002, 270, 77, 1334, 0, 0, 4.10%, 0, 0, 27, 2369.33, 58309747, 2685, 0, 0
24007, 270, 1007, 1334, 0, 0, 4.10%, 0, 0, 27, 2429.08, 58322510, 2685, 0, 0
24012, 270, 890, 1334, 0, 0, 4.10%, 0, 0, 27, 2379.36, 58334272, 2685, 0, 0
24017, 271, 779, 1334, 0, 0, 4.10%, 0, 0, 27, 2449.20, 58346716, 2685, 0, 0
24022, 271, 1328, 1334, 0, 0, 4.10%, 0, 0, 27, 2331.63, 58358325, 2685, 0, 0
24027, 271, 591, 1334, 0, 0, 4.10%, 0, 0, 27, 2378.85, 58370325, 2685, 0, 0
24032, 271, 489, 1334, 0, 0, 4.10%, 0, 0, 27, 2441.10, 58383020, 2685, 0, 0
24037, 271, 989, 1334, 0, 0, 4.10%, 0, 0, 27, 2389.00, 58395097, 2685, 0, 0
24042, 271, 606, 1334, 0, 0, 4.10%, 0, 0, 27, 2440.37, 58407324, 2685, 0, 0
24047, 271, 578, 1334, 0, 0, 4.10%, 0, 0, 27, 2402.23, 58419472, 2685, 0, 0
24052, 271, 59, 1334, 0, 0, 4.10%, 0, 0, 27, 2439.76, 58431975, 2685, 0, 0
24057, 271, 1144, 1334, 0, 0, 4.10%, 0, 0, 27, 2369.57, 58443936, 2685, 0, 0
24063, 271, 518, 1334, 0, 0, 4.10%, 0, 0, 27, 2418.04, 58456545, 2685, 0, 0
24068, 271, 1016, 1334, 0, 0, 4.10%, 0, 0, 27, 2420.83, 58469140, 2685, 0, 0
24073, 271, 440, 1334, 0, 0, 4.10%, 0, 0, 27, 2383.81, 58481490, 2685, 0, 0
24078, 271, 943, 1334, 0, 0, 4.10%, 0, 0, 27, 2359.61, 58493390, 2685, 0, 0
24083, 271, 853, 1334, 0, 0, 4.10%, 0, 0, 27, 2353.65, 58505160, 2685, 0, 0
24088, 271, 1255, 1334, 0, 0, 4.10%, 0, 0, 27, 2334.73, 58516901, 2685, 0, 0
24093, 271, 672, 1334, 0, 0, 4.10%, 0, 0, 27, 2437.19, 58529171, 2685, 0, 0
24098, 271, 456, 1334, 0, 0, 4.10%, 0, 0, 27, 2451.59, 58541344, 2685, 0, 0
24103, 271, 655, 1334, 0, 0, 4.10%, 0, 0, 27, 2382.13, 58553390, 2685, 0, 0
24109, 271, 1313, 1334, 0, 0, 4.10%, 0, 0, 27, 2271.22, 58565006, 2685, 0, 0
24114, 271, 851, 1334, 0, 0, 4.10%, 0, 0, 27, 2350.54, 58577372, 2685, 0, 0
24119, 271, 155, 1334, 0, 0, 4.10%, 0, 0, 27, 2396.71, 58589594, 2685, 0, 0
24124, 271, 938, 1334, 0, 0, 4.10%, 0, 0, 27, 2401.90, 58601562, 2685, 0, 0
24129, 271, 856, 1334, 0, 0, 4.10%, 0, 0, 27, 2430.65, 58613934, 2685, 0, 0
24134, 272, 1238, 1334, 0, 0, 4.10%, 0, 0, 27, 2465.75, 58626487, 2685, 0, 0
24139, 272, 103, 1334, 0, 0, 4.10%, 0, 0, 27, 2449.43, 58638763, 2685, 0, 0
24144, 272, 5, 1334, 0, 0, 4.10%, 0, 0, 27, 2393.09, 58650808, 2685, 0, 0
24149, 272, 787, 1334, 0, 0, 4.10%, 0, 0, 27, 2361.79, 58662752, 2685, 0, 0
24154, 272, 762, 1335, 1, 0, 4.10%, 0, 0, 27, 2167.66, 58673120, 2685, 0, 0
24159, 272, 826, 1335, 1, 0, 4.10%, 0, 0, 27, 2397.77, 58685843, 2685, 0, 0
24164, 272, 787, 1335, 1, 0, 4.10%, 0, 0, 27, 2457.93, 58698418, 2685, 0, 0
24169, 272, 682, 1335, 1, 0, 4.10%, 0, 0, 27, 2444.39, 58710570, 2685, 0, 0
24175, 272, 1144, 1335, 1, 0, 4.10%, 0, 0, 27, 2429.09, 58722684, 2685, 0, 0
24180, 272, 74, 1335, 1, 0, 4.10%, 0, 0, 27, 2191.39, 58733289, 2685, 0, 0
24185, 272, 1334, 1335, 1, 0, 4.10%, 0, 0, 27, 1593.10, 58739309, 2685, 0, 0
24190, 272, 1266, 1335, 0, 0, 4.10%, 0, 0, 27, 2185.03, 58750885, 2685, 0, 0
24195, 272, 1168, 1335, 0, 0, 4.10%, 0, 0, 27, 2369.07, 58763235, 2685, 0, 0
24200, 272, 1228, 1335, 0, 0, 4.10%, 0, 0, 27, 2299.71, 58774566, 2685, 0, 0
24205, 272, 1015, 1335, 0, 0, 4.10%, 0, 0, 27, 2364.86, 58786544, 2685, 0, 0
24210, 272, 101, 1335, 0, 0, 4.10%, 0, 0, 27, 2424.66, 58798640, 2685, 0, 0
24215, 272, 1228, 1335, 0, 0, 4.10%, 0, 0, 27, 2368.53, 58810280, 2685, 0, 0
24220, 272, 121, 1335, 0, 0, 4.10%, 0, 0, 27, 2264.55, 58821387, 2685, 0, 0
24225, 272, 1282, 1335, 0, 0, 4.10%, 0, 0, 27, 2284.75, 58832782, 2685, 0, 0
24230, 272, 1010, 1335, 0, 0, 4.10%, 0, 0, 27, 2410.26, 58845064, 2685, 0, 0
24235, 272, 633, 1335, 0, 0, 4.10%, 0, 0, 27, 2443.46, 58857311, 2685, 0, 0
24240, 272, 853, 1335, 0, 0, 4.10%, 0, 0, 27, 2365.69, 58869243, 2685, 0, 0
24245, 272, 1304, 1335, 0, 0, 4.10%, 0, 0, 27, 2317.05, 58880403, 2685, 0, 0
24250, 273, 775, 1335, 0, 0, 4.10%, 0, 0, 27, 2418.11, 58892663, 2685, 0, 0
24256, 273, 1105, 1335, 0, 0, 4.10%, 0, 0, 27, 2401.30, 58904684, 2685, 0, 0
24261, 273, 654, 1335, 0, 0, 4.10%, 0, 0, 27, 2363.84, 58916670, 2685, 0, 0
24266, 273, 649, 1335, 0, 0, 4.10%, 0, 0, 27, 2461.93, 58929131, 2685, 0, 0
24271, 273, 1319, 1335, 0, 0, 4.10%, 0, 0, 27, 2333.86, 58940736, 2685, 0, 0
24276, 273, 1191, 1335, 0, 0, 4.10%, 0, 0, 27, 2441.08, 58953074, 2685, 0, 0
24281, 273, 758, 1335, 0, 0, 4.10%, 0, 0, 27, 2413.48, 58965231, 2685, 0, 0
24286, 273, 1168, 1335, 0, 0, 4.10%, 0, 0, 27, 2462.51, 58977531, 2685, 0, 0
24291, 273, 1324, 1335, 0, 0, 4.10%, 0, 0, 27, 2283.56, 58989144, 2685, 0, 0
24296, 273, 184, 1335, 0, 0, 4.10%, 0, 0, 27, 2407.64, 59001253, 2685, 0, 0
24301, 273, 545, 1335, 0, 0, 4.10%, 0, 0, 27, 2321.79, 59013072, 2685, 0, 0
24306, 273, 896, 1336, 1, 0, 4.10%, 0, 0, 27, 2416.88, 59025418, 2685, 0, 0
24311, 273, 1113, 1336, 1, 0, 4.10%, 0, 0, 27, 2385.92, 59037200, 2685, 0, 0
24316, 273, 1255, 1336, 1, 0, 4.10%, 0, 0, 27, 2403.65, 59049568, 2685, 0, 0
24321, 273, 851, 1336, 1, 0, 4.10%, 0, 0, 27, 2427.89, 59062060, 2685, 0, 0
24326, 273, 1335, 1336, 1, 0, 4.10%, 0, 0, 27, 2395.17, 59074096, 2685, 0, 0
24331, 273, 1160, 1336, 0, 0, 4.10%, 0, 0, 27, 2377.62, 59086077, 2685, 0, 0
24337, 273, 103, 1336, 0, 0, 4.10%, 0, 0, 27, 2295.97, 59097804, 2685, 0, 0
24342, 273, 1312, 1336, 0, 0, 4.10%, 0, 0, 27, 2185.91, 59109242, 2685, 0, 0
24347, 273, 787, 1336, 0, 0, 4.10%, 0, 0, 27, 2238.35, 59120784, 2685, 0, 0
24352, 273, 787, 1336, 0, 0, 4.10%, 0, 0, 27, 2360.64, 59132719, 2685, 0, 0
24357, 273, 782, 1336, 0, 0, 4.10%, 0, 0, 27, 2434.67, 59144929, 2685, 0, 0
24362, 273, 625, 1336, 0, 0, 4.10%, 0, 0, 27, 2415.13, 59157235, 2685, 0, 0
24367, 273, 33, 1336, 0, 0, 4.10%, 0, 0, 27, 2369.47, 59169208, 2685, 0, 0
24372, 274, 519, 1336, 0, 0, 4.10%, 0, 0, 27, 2350.97, 59181106, 2685, 0, 0
24377, 274, 1254, 1336, 0, 0, 4.10%, 0, 0, 27, 2429.97, 59193448, 2685, 0, 0
24382, 274, 54, 1336, 0, 0, 4.10%, 0, 0, 27, 2394.86, 59205408, 2685, 0, 0
24387, 274, 785, 1336, 0, 0, 4.10%, 0, 0, 27, 2470.64, 59217905, 2685, 0, 0
24392, 274, 1334, 1336, 0, 0, 4.10%, 0, 0, 27, 2292.03, 59229670, 2685, 0, 0
24397, 274, 1018, 1336, 0, 0, 4.10%, 0, 0, 27, 2326.27, 59241558, 2685, 0, 0
24402, 274, 99, 1336, 0, 0, 4.10%, 0, 0, 27, 2434.88, 59254030, 2685, 0, 0
24407, 274, 622, 1336, 0, 0, 4.10%, 0, 0, 27, 2444.36, 59266176, 2685, 0, 0
24412, 274, 1168, 1336, 0, 0, 4.10%, 0, 0, 27, 2255.83, 59277094, 2685, 0, 0
24417, 274, 1288, 1336, 0, 0, 4.10%, 0, 0, 27, 2285.00, 59288401, 2685, 0, 0
24422, 274, 597, 1336, 0, 0, 4.10%, 0, 0, 27, 2364.83, 59300419, 2685, 0, 0
24428, 274, 86, 1336, 0, 0, 4.10%, 0, 0, 27, 2075.88, 59310381, 2685, 0, 0
24433, 274, 1270, 1336, 0, 0, 4.10%, 0, 0, 27, 2314.04, 59322794, 2685, 0, 0
24438, 274, 929, 1336, 0, 0, 4.10%, 0, 0, 27, 2281.86, 59334586, 2685, 0, 0
24443, 274, 342, 1336, 0, 0, 4.10%, 0, 0, 27, 2284.68, 59345891, 2685, 0, 0
24448, 274, 1168, 1336, 0, 0, 4.10%, 0, 0, 27, 2207.54, 59356859, 2685, 0, 0
24453, 274, 105, 1336, 0, 0, 4.10%, 0, 0, 27, 2352.70, 59368897, 2685, 0, 0
24458, 274, 1280, 1336, 0, 0, 4.10%, 0, 0, 27, 2431.67, 59381270, 2685, 0, 0
24463, 274, 1315, 1336, 0, 0, 4.10%, 0, 0, 27, 2352.48, 59393126, 2685, 0, 0
24468, 274, 86, 1336, 0, 0, 4.10%, 0, 0, 27, 2350.68, 59405248, 2685, 0, 0
24473, 274, 682, 1336, 0, 0, 4.10%, 0, 0, 27, 2364.60, 59416893, 2685, 0, 0
24478, 274, 787, 1336, 0, 0, 4.10%, 0, 0, 27, 2345.19, 59429195, 2685, 0, 0
24484, 274, 422, 1336, 0, 0, 4.10%, 0, 0, 27, 2437.03, 59441497, 2685, 0, 0
24489, 275, 1228, 1336, 0, 0, 4.10%, 0, 0, 27, 2288.49, 59453199, 2685, 0, 0
24494, 275, 989, 1336, 0, 0, 4.10%, 0, 0, 27, 2110.31, 59464147, 2685, 0, 0
24499, 275, 456, 1336, 0, 0, 4.10%, 0, 0, 27, 2391.54, 59476937, 2685, 0, 0
24504, 275, 672, 1336, 0, 0, 4.10%, 0, 0, 27, 2443.72, 59489237, 2685, 0, 0
24509, 275, 139, 1336, 0, 0, 4.10%, 0, 0, 27, 2413.06, 59501195, 2685, 0, 0
24514, 275, 1035, 1336, 0, 0, 4.10%, 0, 0, 27, 2272.57, 59513279, 2685, 0, 0
24519, 275, 588, 1336, 0, 0, 4.10%, 0, 0, 27, 2226.43, 59524648, 2685, 0, 0
24524, 275, 110, 1336, 0, 0, 4.10%, 0, 0, 27, 2341.90, 59536191, 2685, 0, 0
24529, 275, 689, 1336, 0, 0, 4.10%, 0, 0, 27, 2349.94, 59548171, 2685, 0, 0
24534, 275, 896, 1336, 0, 0, 4.10%, 0, 0, 27, 2411.40, 59560627, 2685, 0, 0
24539, 275, 624, 1336, 0, 0, 4.10%, 0, 0, 27, 2450.50, 59572827, 2685, 0, 0
24545, 275, 805, 1336, 0, 0, 4.10%, 0, 0, 27, 2416.78, 59585044, 2685, 0, 0
24550, 275, 689, 1336, 0, 0, 4.10%, 0, 0, 27, 2175.47, 59595753, 2685, 0, 0
24555, 275, 678, 1336, 0, 0, 4.10%, 0, 0, 27, 2367.90, 59607811, 2685, 0, 0
24560, 275, 987, 1336, 0, 0, 4.10%, 0, 0, 27, 2296.35, 59618930, 2685, 0, 0
24565, 275, 519, 1336, 0, 0, 4.10%, 0, 0, 27, 2240.29, 59630442, 2685, 0, 0
24570, 275, 853, 1336, 0, 0, 4.10%, 0, 0, 27, 2418.80, 59643123, 2685, 0, 0
24575, 275, 1315, 1336, 0, 0, 4.10%, 0, 0, 27, 2417.47, 59655249, 2685, 0, 0
24580, 275, 795, 1336, 0, 0, 4.10%, 0, 0, 27, 2340.63, 59666896, 2685, 0, 0
24585, 275, 1228, 1336, 0, 0, 4.10%, 0, 0, 27, 2428.86, 59679215, 2685, 0, 0
24590, 275, 1004, 1336, 0, 0, 4.10%, 0, 0, 27, 2436.14, 59691344, 2685, 0, 0
24595, 275, 92, 1336, 0, 0, 4.10%, 0, 0, 27, 2388.00, 59703099, 2685, 0, 0
24600, 275, 327, 1336, 0, 0, 4.10%, 0, 0, 27, 2359.50, 59714719, 2685, 0, 0
24605, 275, 1144, 1336, 0, 0, 4.10%, 0, 0, 27, 2400.63, 59726813, 2685, 0, 0
24610, 276, 1191, 1336, 0, 0, 4.10%, 0, 0, 27, 2303.84, 59738121, 2685, 0, 0
24615, 276, 1243, 1336, 0, 0, 4.10%, 0, 0, 27, 2391.64, 59750226, 2685, 0, 0
24620, 276, 639, 1336, 0, 0, 4.10%, 0, 0, 27, 2388.88, 59762366, 2685, 0, 0
24626, 276, 970, 1336, 0, 0, 4.10%, 0, 0, 27, 2198.89, 59773693, 2685, 0, 0
24631, 276, 804, 1336, 0, 0, 4.10%, 0, 0, 27, 2178.85, 59785143, 2685, 0, 0
24636, 276, 735, 1336, 0, 0, 4.10%, 0, 0, 27, 2276.79, 59796695, 2685, 0, 0
24641, 276, 1326, 1336, 0, 0, 4.10%, 0, 0, 27, 2351.38, 59809232, 2685, 0, 0
24646, 276, 1004, 1336, 0, 0, 4.10%, 0, 0, 27, 2448.22, 59821842, 2685, 0, 0
24651, 276, 1168, 1336, 0, 0, 4.10%, 0, 0, 27, 2392.61, 59833909, 2685, 0, 0
24656, 276, 682, 1336, 0, 0, 4.10%, 0, 0, 27, 2355.27, 59845741, 2685, 0, 0
24661, 276, 1328, 1336, 0, 0, 4.10%, 0, 0, 27, 2229.90, 59857384, 2685, 0, 0
24666, 276, 1003, 1336, 0, 0, 4.10%, 0, 0, 27, 2359.31, 59869141, 2685, 0, 0
24671, 276, 672, 1336, 0, 0, 4.10%, 0, 0, 27, 2413.44, 59880767, 2685, 0, 0
24676, 276, 900, 1336, 0, 0, 4.10%, 0, 0, 27, 2203.09, 59891471, 2685, 0, 0
24681, 276, 632, 1336, 0, 0, 4.10%, 0, 0, 27, 2256.14, 59903443, 2685, 0, 0
24686, 276, 674, 1336, 0, 0, 4.10%, 0, 0, 27, 2377.16, 59915502, 2685, 0, 0
24692, 276, 287, 1336, 0, 0, 4.10%, 0, 0, 27, 2448.50, 59928185, 2685, 0, 0
24697, 276, 633, 1336, 0, 0, 4.10%, 0, 0, 27, 2406.40, 59939984, 2685, 0, 0
24702, 276, 605, 1336, 0, 0, 4.10%, 0, 0, 27, 2221.09, 59951313, 2685, 0, 0
24707, 276, 537, 1336, 0, 0, 4.10%, 0, 0, 27, 2346.71, 59963456, 2685, 0, 0
24712, 276, 122, 1336, 0, 0, 4.10%, 0, 0, 27, 2442.57, 59976208, 2685, 0, 0
24717, 276, 14, 1336, 0, 0, 4.10%, 0, 0, 27, 2420.88, 59988660, 2685, 0, 0
24722, 277, 693, 1336, 0, 0, 4.10%, 0, 0, 27, 2377.57, 60000331, 2685, 0, 0
24727, 277, 1191, 1336, 0, 0, 4.10%, 0, 0, 27, 2359.45, 60012619, 2685, 0, 0
24732, 277, 113, 1336, 0, 0, 4.10%, 0, 0, 27, 2371.90, 60024641, 2685, 0, 0
24738, 277, 510, 1336, 0, 0, 4.10%, 0, 0, 27, 2407.85, 60037038, 2685, 0, 0
24743, 277, 1144, 1336, 0, 0, 4.10%, 0, 0, 27, 2390.09, 60049256, 2685, 0, 0
24748, 277, 842, 1336, 0, 0, 4.10%, 0, 0, 27, 2332.69, 60061204, 2685, 0, 0
24753, 277, 1144, 1336, 0, 0, 4.10%, 0, 0, 27, 2306.08, 60073263, 2685, 0, 0
24758, 277, 900, 1336, 0, 0, 4.10%, 0, 0, 27, 2447.31, 60086160, 2685, 0, 0
24763, 277, 440, 1336, 0, 0, 4.10%, 0, 0, 27, 2453.62, 60098608, 2685, 0, 0
24768, 277, 110, 1336, 0, 0, 4.10%, 0, 0, 27, 2424.28, 60110110, 2685, 0, 0
24773, 277, 654, 1336, 0, 0, 4.10%, 0, 0, 27, 2460.72, 60122460, 2685, 0, 0
24778, 277, 508, 1336, 0, 0, 4.10%, 0, 0, 27, 2404.69, 60134261, 2685, 0, 0
24783, 277, 672, 1336, 0, 0, 4.10%, 0, 0, 27, 2426.16, 60146333, 2685, 0, 0
24788, 277, 327, 1336, 0, 0, 4.10%, 0, 0, 27, 2445.25, 60158610, 2685, 0, 0
24793, 277, 1004, 1336, 0, 0, 4.10%, 0, 0, 27, 2447.92, 60170652, 2685, 0, 0
24798, 277, 735, 1336, 0, 0, 4.10%, 0, 0, 27, 2427.40, 60182910, 2685, 0, 0
24803, 277, 1058, 1336, 0, 0, 4.10%, 0, 0, 27, 2462.08, 60195433, 2685, 0, 0
24809, 277, 1303, 1336, 0, 0, 4.10%, 0, 0, 27, 2295.00, 60206838, 2685, 0, 0
24814, 277, 743, 1336, 0, 0, 4.10%, 0, 0, 27, 1984.41, 60217168, 2685, 0, 0
24819, 277, 1037, 1336, 0, 0, 4.10%, 0, 0, 27, 2243.40, 60229206, 2685, 0, 0
24824, 277, 936, 1336, 0, 0, 4.10%, 0, 0, 27, 2253.44, 60240387, 2685, 0, 0
24829, 277, 1007, 1337, 1, 0, 4.10%, 0, 0, 27, 2124.48, 60251500, 2685, 0, 0
24834, 277, 358, 1337, 1, 0, 4.10%, 0, 0, 27, 2201.84, 60262633, 2685, 0, 0
24839, 278, 1168, 1337, 1, 0, 4.10%, 0, 0, 27, 2283.11, 60274182, 2685, 0, 0
24844, 278, 1312, 1337, 1, 0, 4.10%, 0, 0, 27, 2411.47, 60286367, 2685, 0, 0
24849, 278, 760, 1337, 1, 0, 4.10%, 0, 0, 27, 2463.67, 60299018, 2685, 0, 0
24854, 278, 857, 1337, 1, 0, 4.10%, 0, 0, 27, 2421.67, 60311206, 2685, 0, 0
24859, 278, 336, 1337, 1, 0, 4.10%, 0, 0, 27, 2428.80, 60323070, 2685, 0, 0
24864, 278, 184, 1337, 1, 0, 4.10%, 0, 0, 27, 2180.41, 60334160, 2685, 0, 0
24869, 278, 1007, 1337, 1, 0, 4.10%, 0, 0, 27, 2398.26, 60346552, 2685, 0, 0
24874, 278, 762, 1337, 1, 0, 4.10%, 0, 0, 27, 2403.22, 60358417, 2685, 0, 0
24879, 278, 969, 1337, 1, 0, 4.10%, 0, 0, 27, 2395.99, 60370405, 2685, 0, 0
24885, 278, 780, 1337, 1, 0, 4.10%, 0, 0, 27, 2375.29, 60382477, 2685, 0, 0
24890, 278, 654, 1337, 1, 0, 4.10%, 0, 0, 27, 2481.39, 60394992, 2685, 0, 0
24895, 278, 24, 1338, 2, 0, 4.10%, 0, 0, 27, 2273.45, 60406897, 2685, 0, 0
24900, 278, 1314, 1338, 2, 0, 4.10%, 0, 0, 27, 2327.19, 60418622, 2685, 0, 0
24905, 278, 725, 1338, 2, 0, 4.10%, 0, 0, 27, 2316.86, 60430548, 2685, 0, 0
24910, 278, 624, 1338, 2, 0, 4.10%, 0, 0, 27, 2138.47, 60441869, 2685, 0, 0
24915, 278, 1236, 1338, 2, 0, 4.10%, 0, 0, 27, 2379.28, 60454169, 2685, 0, 0
24920, 278, 969, 1339, 3, 0, 4.10%, 0, 0, 27, 2393.55, 60466291, 2685, 0, 0
24925, 278, 682, 1339, 3, 0, 4.10%, 0, 0, 27, 2490.78, 60479261, 2685, 0, 0
24931, 278, 851, 1339, 3, 0, 4.10%, 0, 0, 27, 2320.70, 60490515, 2685, 0, 0
24936, 278, 669, 1339, 3, 0, 4.10%, 0, 0, 27, 2376.02, 60502680, 2685, 0, 0
24941, 278, 1154, 1339, 3, 0, 4.10%, 0, 0, 27, 2094.86, 60513448, 2685, 0, 0
24946, 278, 1271, 1339, 3, 0, 4.10%, 0, 0, 27, 2214.42, 60524719, 2685, 0, 0
24951, 278, 714, 1339, 2, 0, 4.10%, 0, 0, 27, 2227.01, 60536055, 2685, 0, 0
24957, 278, 1338, 1339, 2, 0, 4.10%, 0, 0, 27, 2180.54, 60548676, 2685, 0, 0
24962, 278, 1337, 1339, 1, 0, 4.10%, 0, 0, 27, 2091.03, 60558678, 2685, 0, 0
24967, 278, 970, 1339, 0, 0, 4.10%, 0, 0, 27, 2251.81, 60570123, 2685, 0, 0
24972, 279, 842, 1339, 0, 0, 4.10%, 0, 0, 27, 2277.70, 60581983, 2685, 0, 0
24977, 279, 851, 1339, 0, 0, 4.10%, 0, 0, 27, 2417.54, 60594393, 2685, 0, 0
24982, 279, 1203, 1339, 0, 0, 4.10%, 0, 0, 27, 2331.69, 60605923, 2685, 0, 0
24987, 279, 1251, 1339, 0, 0, 4.10%, 0, 0, 27, 2458.68, 60618974, 2685, 0, 0
24992, 279, 843, 1339, 0, 0, 4.10%, 0, 0, 27, 2419.95, 60630818, 2685, 0, 0
24998, 279, 105, 1339, 0, 0, 4.10%, 0, 0, 27, 2424.66, 60643572, 2685, 0, 0
25003, 279, 781, 1339, 0, 0, 4.10%, 0, 0, 27, 2356.04, 60655354, 2685, 0, 0
25008, 279, 697, 1339, 0, 0, 4.10%, 0, 0, 27, 2207.52, 60666859, 2685, 0, 0
25013, 279, 735, 1339, 0, 0, 4.10%, 0, 0, 27, 2365.16, 60679021, 2685, 0, 0
25018, 279, 351, 1339, 0, 0, 4.10%, 0, 0, 27, 2440.26, 60691147, 2685, 0, 0
25023, 279, 223, 1339, 0, 0, 4.10%, 0, 0, 27, 2402.52, 60703272, 2685, 0, 0
25028, 279, 775, 1339, 0, 0, 4.10%, 0, 0, 27, 2365.41, 60715740, 2685, 0, 0
25033, 279, 519, 1339, 0, 0, 4.10%, 0, 0, 27, 2438.87, 60728047, 2685, 0, 0
25039, 279, 1246, 1339, 0, 0, 4.10%, 0, 0, 27, 2357.26, 60740067, 2685, 0, 0
25044, 279, 1325, 1340, 1, 0, 4.10%, 0, 0, 27, 2350.04, 60752155, 2685, 0, 0
25049, 279, 1004, 1340, 1, 0, 4.10%, 0, 0, 27, 2301.07, 60762611, 2685, 0, 0
25054, 279, 682, 1340, 1, 0, 4.10%, 0, 0, 27, 2408.62, 60774849, 2685, 0, 0
25059, 279, 1226, 1340, 1, 0, 4.10%, 0, 0, 27, 2361.61, 60786652, 2685, 0, 0
25064, 279, 569, 1340, 1, 0, 4.10%, 0, 0, 27, 2419.45, 60798905, 2685, 0, 0
25069, 279, 249, 1340, 1, 0, 4.10%, 0, 0, 27, 2333.91, 60810857, 2685, 0, 0
25074, 279, 1339, 1340, 1, 0, 4.10%, 0, 0, 27, 1920.41, 60821016, 2685, 0, 0
25079, 279, 934, 1340, 0, 0, 4.10%, 0, 0, 27, 1980.74, 60829272, 2685, 0, 0
25084, 279, 1176, 1340, 0, 0, 4.10%, 0, 0, 27, 2320.81, 60841269, 2685, 0, 0
25089, 280, 735, 1340, 0, 0, 4.10%, 0, 0, 27, 2412.06, 60853433, 2685, 0, 0
25094, 280, 882, 1340, 0, 0, 4.10%, 0, 0, 27, 2431.34, 60865650, 2685, 0, 0
25099, 280, 580, 1340, 0, 0, 4.10%, 0, 0, 27, 2372.60, 60877682, 2685, 0, 0
25104, 280, 624, 1340, 0, 0, 4.10%, 0, 0, 27, 2389.83, 60889676, 2685, 0, 0
25109, 280, 590, 1341, 1, 0, 4.10%, 0, 0, 27, 2097.14, 60900390, 2685, 0, 0
25115, 280, 787, 1341, 1, 0, 4.10%, 0, 0, 27, 2233.94, 60912493, 2685, 0, 0
25120, 280, 1021, 1341, 1, 0, 4.10%, 0, 0, 27, 2369.37, 60925008, 2685, 0, 0
25125, 280, 1276, 1341, 1, 0, 4.10%, 0, 0, 27, 2358.09, 60937174, 2685, 0, 0
25130, 280, 1340, 1341, 1, 0, 4.10%, 0, 0, 27, 2125.19, 60946200, 2685, 0, 0
25135, 280, 1007, 1342, 1, 0, 4.10%, 0, 0, 27, 2155.32, 60956705, 2685, 0, 0
25140, 280, 853, 1342, 1, 0, 4.10%, 0, 0, 27, 2353.15, 60968951, 2685, 0, 0
25145, 280, 648, 1342, 1, 0, 4.10%, 0, 0, 27, 2370.47, 60980722, 2685, 0, 0
25150, 280, 1003, 1342, 1, 0, 4.10%, 0, 0, 27, 2352.67, 60992006, 2685, 0, 0
25155, 280, 375, 1342, 1, 0, 4.10%, 0, 0, 27, 2383.86, 61004329, 2685, 0, 0
25160, 280, 287, 1342, 1, 0, 4.10%, 0, 0, 27, 2392.29, 61016182, 2685, 0, 0
25165, 280, 1263, 1342, 1, 0, 4.10%, 0, 0, 27, 2267.12, 61028059, 2685, 0, 0
25170, 280, 513, 1342, 1, 0, 4.10%, 0, 0, 27, 2406.26, 61040273, 2685, 0, 0
25175, 280, 499, 1342, 1, 0, 4.10%, 0, 0, 27, 2485.49, 61052708, 2685, 0, 0
25181, 280, 1341, 1342, 1, 0, 4.10%, 0, 0, 27, 2312.88, 61065083, 2685, 0, 0
25186, 280, 936, 1342, 0, 0, 4.10%, 0, 0, 27, 2314.08, 61076279, 2685, 0, 0
25191, 280, 1144, 1342, 0, 0, 4.10%, 0, 0, 27, 2335.30, 61088182, 2685, 0, 0
25196, 280, 600, 1342, 0, 0, 4.10%, 0, 0, 27, 2417.22, 61100404, 2685, 0, 0
25202, 280, 886, 1342, 0, 0, 4.10%, 0, 0, 27, 2398.84, 61112952, 2685, 0, 0
25207, 280, 121, 1342, 0, 0, 4.10%, 0, 0, 27, 2441.63, 61125782, 2685, 0, 0
25212, 281, 1267, 1342, 0, 0, 4.10%, 0, 0, 27, 2384.92, 61137880, 2685, 0, 0
25217, 281, 1191, 1342, 0, 0, 4.10%, 0, 0, 27, 2364.60, 61149754, 2685, 0, 0
25222, 281, 1168, 1342, 0, 0, 4.10%, 0, 0, 27, 2421.27, 61162013, 2685, 0, 0
25227, 281, 244, 1342, 0, 0, 4.10%, 0, 0, 27, 2200.14, 61173168, 2685, 0, 0
25232, 281, 1316, 1342, 0, 0, 4.10%, 0, 0, 27, 2114.87, 61184030, 2685, 0, 0
25237, 281, 827, 1342, 0, 0, 4.10%, 0, 0, 27, 2376.17, 61195916, 2685, 0, 0
25242, 281, 41, 1342, 0, 0, 4.10%, 0, 0, 27, 2354.82, 61207744, 2685, 0, 0
25247, 281, 735, 1342, 0, 0, 4.10%, 0, 0, 27, 2408.68, 61220307, 2685, 0, 0
25252, 281, 1224, 1342, 0, 0, 4.10%, 0, 0, 27, 2373.69, 61231891, 2685, 0, 0
25257, 281, 1168, 1343, 1, 0, 4.10%, 0, 0, 27, 2454.76, 61244324, 2685, 0, 0
25262, 281, 1316, 1343, 1, 0, 4.10%, 0, 0, 27, 2252.83, 61255861, 2685, 0, 0
25268, 281, 853, 1343, 1, 0, 4.10%, 0, 0, 27, 2377.10, 61268186, 2685, 0, 0
25273, 281, 892, 1343, 1, 0, 4.10%, 0, 0, 27, 2423.52, 61280716, 2685, 0, 0
25278, 281, 546, 1343, 0, 0, 4.10%, 0, 0, 27, 2397.32, 61292744, 2685, 0, 0
25283, 281, 1321, 1343, 0, 0, 4.10%, 0, 0, 27, 2349.25, 61304511, 2685, 0, 0
25288, 281, 830, 1343, 0, 0, 4.10%, 0, 0, 27, 2448.93, 61316868, 2685, 0, 0
25293, 281, 729, 1343, 0, 0, 4.10%, 0, 0, 27, 2428.31, 61329320, 2685, 0, 0
25298, 281, 805, 1343, 0, 0, 4.10%, 0, 0, 27, 2324.86, 61341114, 2685, 0, 0
25303, 281, 654, 1343, 0, 0, 4.10%, 0, 0, 27, 2337.35, 61352931, 2685, 0, 0
25308, 281, 1193, 1343, 0, 0, 4.10%, 0, 0, 27, 2121.18, 61363009, 2685, 0, 0
25313, 281, 1191, 1343, 0, 0, 4.10%, 0, 0, 27, 2375.40, 61375666, 2685, 0, 0
25319, 281, 633, 1343, 0, 0, 4.10%, 0, 0, 27, 2372.13, 61388136, 2685, 0, 0
25324, 281, 184, 1343, 0, 0, 4.10%, 0, 0, 27, 2335.29, 61400171, 2685, 0, 0
25329, 281, 853, 1343, 0, 0, 4.10%, 0, 0, 27, 2411.73, 61412557, 2685, 0, 0
25334, 282, 108, 1343, 0, 0, 4.10%, 0, 0, 27, 2314.34, 61424322, 2685, 0, 0
25339, 282, 909, 1343, 0, 0, 4.10%, 0, 0, 27, 2357.57, 61436232, 2685, 0, 0
25344, 282, 1007, 1343, 0, 0, 4.10%, 0, 0, 27, 2427.69, 61448623, 2685, 0, 0
25349, 282, 1122, 1343, 0, 0, 4.10%, 0, 0, 27, 2438.93, 61460871, 2685, 0, 0
25354, 282, 732, 1343, 0, 0, 4.10%, 0, 0, 27, 2451.11, 61473044, 2685, 0, 0
25359, 282, 782, 1343, 0, 0, 4.10%, 0, 0, 27, 2480.18, 61485524, 2685, 0, 0
25364, 282, 780, 1343, 0, 0, 4.10%, 0, 0, 27, 2438.92, 61497873, 2685, 0, 0
25369, 282, 1014, 1343, 0, 0, 4.10%, 0, 0, 27, 2447.50, 61510092, 2685, 0, 0
25374, 282, 1228, 1343, 0, 0, 4.10%, 0, 0, 27, 2367.81, 61521810, 2685, 0, 0
25379, 282, 1007, 1343, 0, 0, 4.10%, 0, 0, 27, 2447.54, 61534273, 2685, 0, 0
25384, 282, 604, 1343, 0, 0, 4.10%, 0, 0, 27, 2320.69, 61545501, 2685, 0, 0
25389, 282, 936, 1343, 0, 0, 4.10%, 0, 0, 27, 2481.55, 61558168, 2685, 0, 0
25394, 282, 158, 1343, 0, 0, 4.10%, 0, 0, 27, 2469.33, 61570524, 2685, 0, 0
25399, 282, 707, 1343, 0, 0, 4.10%, 0, 0, 27, 2405.98, 61582415, 2685, 0, 0
25404, 282, 768, 1343, 0, 0, 4.10%, 0, 0, 27, 2412.00, 61594499, 2685, 0, 0
25409, 282, 548, 1343, 0, 0, 4.10%, 0, 0, 27, 2396.72, 61606645, 2685, 0, 0
25414, 282, 358, 1343, 0, 0, 4.10%, 0, 0, 27, 2334.96, 61618394, 2685, 0, 0
25419, 282, 58, 1343, 0, 0, 4.10%, 0, 0, 27, 2366.94, 61630192, 2685, 0, 0
25424, 282, 814, 1343, 0, 0, 4.10%, 0, 0, 27, 2432.06, 61642346, 2685, 0, 0
25429, 282, 724, 1343, 0, 0, 4.10%, 0, 0, 27, 2274.66, 61653643, 2685, 0, 0
25434, 282, 155, 1343, 0, 0, 4.10%, 0, 0, 27, 2380.72, 61665695, 2685, 0, 0
25440, 282, 900, 1343, 0, 0, 4.10%, 0, 0, 27, 2373.59, 61678067, 2685, 0, 0
25445, 283, 537, 1343, 0, 0, 4.10%, 0, 0, 27, 2368.68, 61689920, 2685, 0, 0
25450, 283, 1329, 1343, 0, 0, 4.10%, 0, 0, 27, 2234.51, 61701232, 2685, 0, 0
25455, 283, 719, 1343, 0, 0, 4.10%, 0, 0, 27, 2302.81, 61713053, 2685, 0, 0
25460, 283, 1168, 1343, 0, 0, 4.10%, 0, 0, 27, 2229.26, 61724569, 2685, 0, 0
25465, 283, 604, 1343, 0, 0, 4.10%, 0, 0, 27, 2366.57, 61736550, 2685, 0, 0
25470, 283, 1296, 1343, 0, 0, 4.10%, 0, 0, 27, 2294.68, 61748158, 2685, 0, 0
25475, 283, 1299, 1343, 0, 0, 4.10%, 0, 0, 27, 2274.34, 61759563, 2685, 0, 0
25480, 283, 823, 1343, 0, 0, 4.10%, 0, 0, 27, 2334.33, 61771310, 2685, 0, 0
25485, 283, 375, 1343, 0, 0, 4.10%, 0, 0, 27, 2394.09, 61783409, 2685, 0, 0
25490, 283, 548, 1343, 0, 0, 4.10%, 0, 0, 27, 2345.48, 61795335, 2685, 0, 0
25495, 283, 640, 1343, 0, 0, 4.10%, 0, 0, 27, 2180.56, 61806111, 2685, 0, 0
25500, 283, 1004, 1343, 0, 0, 4.10%, 0, 0, 27, 2262.38, 61817794, 2685, 0, 0
25505, 283, 1313, 1343, 0, 0, 4.10%, 0, 0, 27, 2418.16, 61830658, 2685, 0, 0
25510, 283, 606, 1343, 0, 0, 4.10%, 0, 0, 27, 2338.30, 61842210, 2685, 0, 0
25515, 283, 826, 1343, 0, 0, 4.10%, 0, 0, 27, 2336.56, 61854027, 2685, 0, 0
25520, 283, 900, 1343, 0, 0, 4.10%, 0, 0, 27, 2451.38, 61866487, 2685, 0, 0
25525, 283, 775, 1343, 0, 0, 4.10%, 0, 0, 27, 2428.32, 61878414, 2685, 0, 0
25530, 283, 46, 1343, 0, 0, 4.10%, 0, 0, 27, 2424.37, 61890391, 2685, 0, 0
25535, 283, 1004, 1343, 0, 0, 4.10%, 0, 0, 27, 2448.02, 61902656, 2685, 0, 0
25540, 283, 983, 1343, 0, 0, 4.10%, 0, 0, 27, 2376.93, 61914731, 2685, 0, 0
25546, 283, 74, 1343, 0, 0, 4.10%, 0, 0, 27, 2398.88, 61926940, 2685, 0, 0
25551, 283, 5, 1344, 1, 0, 4.10%, 0, 0, 27, 2432.30, 61939221, 2685, 0, 0
25556, 283, 782, 1344, 0, 0, 4.10%, 0, 0, 27, 2442.09, 61951634, 2685, 0, 0
25561, 283, 829, 1344, 0, 0, 4.10%, 0, 0, 27, 2432.16, 61963830, 2685, 0, 0
25566, 284, 1273, 1344, 0, 0, 4.10%, 0, 0, 27, 2478.85, 61976233, 2685, 0, 0
25571, 284, 856, 1344, 0, 0, 4.10%, 0, 0, 27, 2401.36, 61988187, 2685, 0, 0
25576, 284, 784, 1344, 0, 0, 4.10%, 0, 0, 27, 2369.85, 61999895, 2685, 0, 0
25581, 284, 72, 1344, 0, 0, 4.10%, 0, 0, 27, 2364.04, 62012213, 2685, 0, 0
25586, 284, 1161, 1344, 0, 0, 4.10%, 0, 0, 27, 2362.41, 62024316, 2685, 0, 0
25591, 284, 1168, 1344, 0, 0, 4.10%, 0, 0, 27, 2413.79, 62036680, 2685, 0, 0
25596, 284, 1007, 1344, 0, 0, 4.10%, 0, 0, 27, 2430.90, 62048901, 2685, 0, 0
25601, 284, 781, 1344, 0, 0, 4.10%, 0, 0, 27, 2445.63, 62061482, 2685, 0, 0
25606, 284, 422, 1344, 0, 0, 4.10%, 0, 0, 27, 2402.31, 62073742, 2685, 0, 0
25611, 284, 853, 1344, 0, 0, 4.10%, 0, 0, 27, 2427.83, 62085915, 2685, 0, 0
25616, 284, 782, 1344, 0, 0, 4.10%, 0, 0, 27, 2378.89, 62097732, 2685, 0, 0
25621, 284, 682, 1344, 0, 0, 4.10%, 0, 0, 27, 2347.53, 62109615, 2685, 0, 0
25627, 284, 605, 1344, 0, 0, 4.10%, 0, 0, 27, 2429.19, 62122017, 2685, 0, 0
25632, 284, 600, 1344, 0, 0, 4.10%, 0, 0, 27, 2403.80, 62134192, 2685, 0, 0
25637, 284, 1091, 1344, 0, 0, 4.10%, 0, 0, 27, 2222.86, 62144546, 2685, 0, 0
25642, 284, 120, 1344, 0, 0, 4.10%, 0, 0, 27, 2332.80, 62156209, 2685, 0, 0
25647, 284, 1325, 1344, 0, 0, 4.10%, 0, 0, 27, 2388.55, 62168734, 2685, 0, 0
25652, 284, 1316, 1344, 0, 0, 4.10%, 0, 0, 27, 2317.39, 62180097, 2685, 0, 0
25657, 284, 427, 1344, 0, 0, 4.10%, 0, 0, 27, 2382.77, 62192233, 2685, 0, 0
25662, 284, 645, 1344, 0, 0, 4.10%, 0, 0, 27, 2374.63, 62204280, 2685, 0, 0
25667, 284, 1168, 1344, 0, 0, 4.10%, 0, 0, 27, 2422.06, 62216486, 2685, 0, 0
25672, 284, 1007, 1344, 0, 0, 4.10%, 0, 0, 27, 2304.21, 62227517, 2685, 0, 0
25677, 284, 303, 1344, 0, 0, 4.10%, 0, 0, 27, 2279.20, 62239434, 2685, 0, 0
25682, 285, 606, 1344, 0, 0, 4.10%, 0, 0, 27, 2373.40, 62251878, 2685, 0, 0
25687, 285, 853, 1344, 0, 0, 4.10%, 0, 0, 27, 2439.13, 62264220, 2685, 0, 0
25692, 285, 524, 1344, 0, 0, 4.10%, 0, 0, 27, 2473.19, 62276676, 2685, 0, 0
25697, 285, 693, 1344, 0, 0, 4.10%, 0, 0, 27, 2489.62, 62289077, 2685, 0, 0
25702, 285, 1326, 1344, 0, 0, 4.10%, 0, 0, 27, 2343.32, 62300826, 2685, 0, 0
25708, 285, 204, 1344, 0, 0, 4.10%, 0, 0, 27, 2123.63, 62311285, 2685, 0, 0
25713, 285, 1216, 1344, 0, 0, 4.10%, 0, 0, 27, 2367.28, 62323527, 2685, 0, 0
25718, 285, 719, 1344, 0, 0, 4.10%, 0, 0, 27, 2280.92, 62335518, 2685, 0, 0
25723, 285, 1255, 1344, 0, 0, 4.10%, 0, 0, 27, 2417.99, 62347872, 2685, 0, 0
25728, 285, 1326, 1344, 0, 0, 4.10%, 0, 0, 27, 2349.78, 62359544, 2685, 0, 0
25733, 285, 682, 1344, 0, 0, 4.10%, 0, 0, 27, 2455.80, 62371998, 2685, 0, 0
25738, 285, 572, 1344, 0, 0, 4.10%, 0, 0, 27, 2407.19, 62384044, 2685, 0, 0
25743, 285, 257, 1344, 0, 0, 4.10%, 0, 0, 27, 2436.19, 62396299, 2685, 0, 0
25748, 285, 1168, 1344, 0, 0, 4.10%, 0, 0, 27, 2379.62, 62408112, 2685, 0, 0
25753, 285, 1117, 1344, 0, 0, 4.10%, 0, 0, 27, 2442.18, 62420821, 2685, 0, 0
25758, 285, 981, 1344, 0, 0, 4.10%, 0, 0, 27, 2476.77, 62433449, 2685, 0, 0
25763, 285, 1144, 1344, 0, 0, 4.10%, 0, 0, 27, 2451.05, 62445493, 2685, 0, 0
25768, 285, 770, 1344, 0, 0, 4.10%, 0, 0, 27, 2457.21, 62457877, 2685, 0, 0
25773, 285, 776, 1344, 0, 0, 4.10%, 0, 0, 27, 2452.43, 62470322, 2685, 0, 0
25778, 285, 1144, 1344, 0, 0, 4.10%, 0, 0, 27, 2393.94, 62482285, 2685, 0, 0
25784, 285, 1011, 1344, 0, 0, 4.10%, 0, 0, 27, 2426.65, 62495027, 2685, 0, 0
25789, 285, 600, 1345, 1, 0, 4.10%, 0, 0, 27, 2094.04, 62505561, 2685, 0, 0
25794, 286, 548, 1345, 1, 0, 4.10%, 0, 0, 27, 2352.76, 62517798, 2685, 0, 0
25799, 286, 853, 1345, 1, 0, 4.10%, 0, 0, 27, 2452.98, 62530292, 2685, 0, 0
25804, 286, 481, 1346, 2, 0, 4.10%, 0, 0, 27, 2432.87, 62542211, 2685, 0, 0
25809, 286, 1168, 1346, 1, 0, 4.10%, 0, 0, 27, 2395.59, 62554063, 2685, 0, 0
25814, 286, 1344, 1346, 1, 0, 4.10%, 0, 0, 27, 2242.99, 62565512, 2685, 0, 0
25819, 286, 605, 1346, 0, 0, 4.10%, 0, 0, 27, 2247.67, 62575355, 2685, 0, 0
25824, 286, 1214, 1346, 0, 0, 4.10%, 0, 0, 27, 2228.59, 62586429, 2685, 0, 0
25829, 286, 1314, 1346, 0, 0, 4.10%, 0, 0, 27, 2332.98, 62598405, 2685, 0, 0
25834, 286, 693, 1346, 0, 0, 4.10%, 0, 0, 27, 2410.03, 62610480, 2685, 0, 0
25839, 286, 108, 1346, 0, 0, 4.10%, 0, 0, 27, 2449.48, 62623207, 2685, 0, 0
25844, 286, 71, 1346, 0, 0, 4.10%, 0, 0, 27, 2390.25, 62635081, 2685, 0, 0
25849, 286, 915, 1346, 0, 0, 4.10%, 0, 0, 27, 2421.76, 62647247, 2685, 0, 0
25854, 286, 1228, 1346, 0, 0, 4.10%, 0, 0, 27, 2428.56, 62659780, 2685, 0, 0
25859, 286, 1012, 1346, 0, 0, 4.10%, 0, 0, 27, 2226.76, 62670473, 2685, 0, 0
25864, 286, 1322, 1346, 0, 0, 4.10%, 0, 0, 27, 2202.99, 62682127, 2685, 0, 0
25869, 286, 905, 1346, 0, 0, 4.10%, 0, 0, 27, 2341.11, 62693968, 2685, 0, 0
25875, 286, 402, 1346, 0, 0, 4.10%, 0, 0, 27, 2308.70, 62705744, 2685, 0, 0
25880, 286, 120, 1346, 0, 0, 4.10%, 0, 0, 27, 2259.25, 62717424, 2685, 0, 0
25885, 286, 402, 1346, 0, 0, 4.10%, 0, 0, 27, 2375.96, 62729720, 2685, 0, 0
25890, 286, 1343, 1346, 0, 0, 4.10%, 0, 0, 27, 2408.25, 62741838, 2685, 0, 0
25895, 286, 774, 1346, 0, 0, 4.10%, 0, 0, 27, 2450.79, 62754177, 2685, 0, 0
25900, 286, 785, 1346, 0, 0, 4.10%, 0, 0, 27, 2254.32, 62765567, 2685, 0, 0
25905, 286, 600, 1346, 0, 0, 4.10%, 0, 0, 27, 2415.39, 62777779, 2685, 0, 0
25910, 286, 159, 1346, 0, 0, 4.10%, 0, 0, 27, 2356.71, 62789576, 2685, 0, 0
25915, 287, 1191, 1346, 0, 0, 4.10%, 0, 0, 27, 2405.95, 62802077, 2685, 0, 0
25921, 287, 624, 1346, 0, 0, 4.10%, 0, 0, 27, 2403.32, 62814551, 2685, 0, 0
25926, 287, 678, 1346, 0, 0, 4.10%, 0, 0, 27, 2403.87, 62826698, 2685, 0, 0
25931, 287, 1331, 1346, 0, 0, 4.10%, 0, 0, 27, 2322.05, 62838690, 2685, 0, 0
25936, 287, 163, 1346, 0, 0, 4.10%, 0, 0, 27, 2390.95, 62850901, 2685, 0, 0
25941, 287, 774, 1346, 0, 0, 4.10%, 0, 0, 27, 2380.06, 62862676, 2685, 0, 0
25946, 287, 730, 1346, 0, 0, 4.10%, 0, 0, 27, 2358.02, 62874545, 2685, 0, 0
25951, 287, 896, 1346, 0, 0, 4.10%, 0, 0, 27, 2388.52, 62886976, 2685, 0, 0
25956, 287, 1320, 1346, 0, 0, 4.10%, 0, 0, 27, 2216.36, 62898455, 2685, 0, 0
25961, 287, 1267, 1346, 0, 0, 4.10%, 0, 0, 27, 2347.39, 62910326, 2685, 0, 0
25966, 287, 248, 1346, 0, 0, 4.10%, 0, 0, 27, 2424.10, 62922902, 2685, 0, 0
25971, 287, 50, 1346, 0, 0, 4.10%, 0, 0, 27, 2390.07, 62935051, 2685, 0, 0
25977, 287, 1280, 1346, 0, 0, 4.10%, 0, 0, 27, 2457.88, 62947777, 2685, 0, 0
25982, 287, 741, 1346, 0, 0, 4.10%, 0, 0, 27, 2365.57, 62959376, 2685, 0, 0
25987, 287, 689, 1346, 0, 0, 4.10%, 0, 0, 27, 2397.35, 62971724, 2685, 0, 0
25992, 287, 1255, 1346, 0, 0, 4.10%, 0, 0, 27, 2428.00, 62984088, 2685, 0, 0
25997, 287, 732, 1346, 0, 0, 4.10%, 0, 0, 27, 2385.45, 62995840, 2685, 0, 0
26002, 287, 531, 1346, 0, 0, 4.10%, 0, 0, 27, 2354.94, 63007699, 2685, 0, 0
26007, 287, 1015, 1346, 0, 0, 4.10%, 0, 0, 27, 2261.78, 63019115, 2685, 0, 0
26012, 287, 896, 1346, 0, 0, 4.10%, 0, 0, 27, 2368.89, 63031526, 2685, 0, 0
26017, 287, 1341, 1346, 0, 0, 4.10%, 0, 0, 27, 2225.23, 63042709, 2685, 0, 0
26022, 287, 689, 1346, 0, 0, 4.10%, 0, 0, 27, 2377.35, 63054740, 2685, 0, 0
26027, 287, 184, 1346, 0, 0, 4.10%, 0, 0, 27, 2378.95, 63066974, 2685, 0, 0
26032, 287, 508, 1346, 0, 0, 4.10%, 0, 0, 27, 2176.24, 63077944, 2685, 0, 0
26037, 288, 962, 1346, 0, 0, 4.10%, 0, 0, 27, 2252.53, 63089565, 2685, 0, 0
26042, 288, 900, 1346, 0, 0, 4.10%, 0, 0, 27, 2410.03, 63101784, 2685, 0, 0
26047, 288, 1328, 1346, 0, 0, 4.10%, 0, 0, 27, 2166.28, 63113012, 2685, 0, 0
26052, 288, 1255, 1346, 0, 0, 4.10%, 0, 0, 27, 2346.20, 63124574, 2685, 0, 0
26057, 288, 1326, 1346, 0, 0, 4.10%, 0, 0, 27, 2337.18, 63136553, 2685, 0, 0
26063, 288, 1141, 1346, 0, 0, 4.10%, 0, 0, 27, 2206.06, 63148180, 2685, 0, 0
26068, 288, 33, 1346, 0, 0, 4.10%, 0, 0, 27, 2411.12, 63160948, 2685, 0, 0
26073, 288, 600, 1346, 0, 0, 4.10%, 0, 0, 27, 2221.64, 63171724, 2685, 0, 0
26078, 288, 1165, 1346, 0, 0, 4.10%, 0, 0, 27, 2337.98, 63184244, 2685, 0, 0
26083, 288, 672, 1346, 0, 0, 4.10%, 0, 0, 27, 2416.18, 63196488, 2685, 0, 0
26088, 288, 1323, 1346, 0, 0, 4.10%, 0, 0, 27, 2281.18, 63207485, 2685, 0, 0
26093, 288, 76, 1346, 0, 0, 4.10%, 0, 0, 27, 2287.03, 63219420, 2685, 0, 0
26098, 288, 735, 1346, 0, 0, 4.10%, 0, 0, 27, 2387.84, 63231369, 2685, 0, 0
26104, 288, 851, 1346, 0, 0, 4.10%, 0, 0, 27, 2421.80, 63244044, 2685, 0, 0
26109, 288, 979, 1346, 0, 0, 4.10%, 0, 0, 27, 2260.74, 63255256, 2685, 0, 0
26114, 288, 805, 1346, 0, 0, 4.10%, 0, 0, 27, 2441.43, 63268026, 2685, 0, 0
26119, 288, 736, 1346, 0, 0, 4.10%, 0, 0, 27, 2417.84, 63280210, 2685, 0, 0
26124, 288, 1297, 1346, 0, 0, 4.10%, 0, 0, 27, 2422.67, 63292774, 2685, 0, 0
26129, 288, 843, 1346, 0, 0, 4.10%, 0, 0, 27, 2410.27, 63304734, 2685, 0, 0
26134, 288, 1341, 1346, 0, 0, 4.10%, 0, 0, 27, 2303.19, 63316837, 2685, 0, 0
26139, 288, 1188, 1346, 0, 0, 4.10%, 0, 0, 27, 2376.76, 63328577, 2685, 0, 0
26144, 288, 853, 1346, 0, 0, 4.10%, 0, 0, 27, 2271.52, 63340332, 2685, 0, 0
26150, 289, 771, 1346, 0, 0, 4.10%, 0, 0, 27, 2439.20, 63353032, 2685, 0, 0
26155, 289, 624, 1346, 0, 0, 4.10%, 0, 0, 27, 2268.86, 63364051, 2685, 0, 0
26160, 289, 638, 1346, 0, 0, 4.10%, 0, 0, 27, 2265.17, 63375353, 2685, 0, 0
26165, 289, 843, 1346, 0, 0, 4.10%, 0, 0, 27, 2416.19, 63387694, 2685, 0, 0
26170, 289, 1168, 1346, 0, 0, 4.10%, 0, 0, 27, 2360.12, 63399699, 2685, 0, 0
26175, 289, 604, 1346, 0, 0, 4.10%, 0, 0, 27, 2351.46, 63411718, 2685, 0, 0
26180, 289, 68, 1346, 0, 0, 4.10%, 0, 0, 27, 2426.29, 63424276, 2685, 0, 0
26185, 289, 645, 1346, 0, 0, 4.10%, 0, 0, 27, 2442.71, 63436598, 2685, 0, 0
26190, 289, 974, 1346, 0, 0, 4.10%, 0, 0, 27, 2445.61, 63449397, 2685, 0, 0
26195, 289, 719, 1346, 0, 0, 4.10%, 0, 0, 27, 2304.78, 63461072, 2685, 0, 0
26200, 289, 777, 1346, 0, 0, 4.10%, 0, 0, 27, 2350.36, 63472917, 2685, 0, 0
26205, 289, 358, 1346, 0, 0, 4.10%, 0, 0, 27, 2370.10, 63484976, 2685, 0, 0
26210, 289, 1314, 1346, 0, 0, 4.10%, 0, 0, 27, 2407.91, 63497115, 2685, 0, 0
26216, 289, 913, 1346, 0, 0, 4.10%, 0, 0, 27, 2381.10, 63509155, 2685, 0, 0
26221, 289, 1144, 1346, 0, 0, 4.10%, 0, 0, 27, 2393.22, 63521288, 2685, 0, 0
26226, 289, 1213, 1346, 0, 0, 4.10%, 0, 0, 27, 2311.46, 63533009, 2685, 0, 0
26231, 289, 240, 1346, 0, 0, 4.10%, 0, 0, 27, 2413.41, 63545577, 2685, 0, 0
26236, 289, 66, 1346, 0, 0, 4.10%, 0, 0, 27, 2411.91, 63558050, 2685, 0, 0
26241, 289, 781, 1346, 0, 0, 4.10%, 0, 0, 27, 2433.12, 63570598, 2685, 0, 0
26246, 289, 390, 1346, 0, 0, 4.10%, 0, 0, 27, 2392.73, 63582345, 2685, 0, 0
26251, 289, 681, 1346, 0, 0, 4.10%, 0, 0, 27, 2331.16, 63593880, 2685, 0, 0
26256, 289, 682, 1347, 1, 0, 4.10%, 0, 0, 27, 2316.76, 63605045, 2685, 0, 0
26263, 289, 1346, 1347, 1, 0, 4.10%, 0, 0, 27, 2200.23, 63617987, 2685, 0, 0
26268, 290, 682, 1347, 0, 0, 4.10%, 0, 0, 27, 2333.04, 63629946, 2685, 0, 0
26273, 290, 1322, 1347, 0, 0, 4.10%, 0, 0, 27, 2336.84, 63642038, 2685, 0, 0
26278, 290, 1290, 1347, 0, 0, 4.10%, 0, 0, 27, 2299.01, 63654221, 2685, 0, 0
26283, 290, 1058, 1347, 0, 0, 4.10%, 0, 0, 27, 2263.67, 63665609, 2685, 0, 0
26288, 290, 1287, 1347, 0, 0, 4.10%, 0, 0, 27, 2163.60, 63676890, 2685, 0, 0
26294, 290, 1028, 1347, 0, 0, 4.10%, 0, 0, 27, 2336.00, 63689039, 2685, 0, 0
26299, 290, 682, 1347, 0, 0, 4.10%, 0, 0, 27, 2417.97, 63701153, 2685, 0, 0
26304, 290, 689, 1347, 0, 0, 4.10%, 0, 0, 27, 2292.70, 63712463, 2685, 0, 0
26309, 290, 1228, 1347, 0, 0, 4.10%, 0, 0, 27, 2140.48, 63723279, 2685, 0, 0
26314, 290, 324, 1347, 0, 0, 4.10%, 0, 0, 27, 2354.77, 63735570, 2685, 0, 0
26319, 290, 342, 1347, 0, 0, 4.10%, 0, 0, 27, 2368.75, 63747997, 2685, 0, 0
26324, 290, 732, 1347, 0, 0, 4.10%, 0, 0, 27, 2310.31, 63759449, 2685, 0, 0
26329, 290, 537, 1347, 0, 0, 4.10%, 0, 0, 27, 2315.69, 63771158, 2685, 0, 0
26334, 290, 1168, 1347, 0, 0, 4.10%, 0, 0, 27, 2410.92, 63783445, 2685, 0, 0
26339, 290, 456, 1347, 0, 0, 4.10%, 0, 0, 27, 2392.52, 63795850, 2685, 0, 0
26344, 290, 922, 1347, 0, 0, 4.10%, 0, 0, 27, 2170.07, 63806560, 2685, 0, 0
26349, 290, 1317, 1347, 0, 0, 4.10%, 0, 0, 27, 2303.13, 63818604, 2685, 0, 0
26355, 290, 742, 1347, 0, 0, 4.10%, 0, 0, 27, 2357.88, 63830952, 2685, 0, 0
26360, 290, 519, 1347, 0, 0, 4.10%, 0, 0, 27, 2415.42, 63843199, 2685, 0, 0
26365, 290, 882, 1347, 0, 0, 4.10%, 0, 0, 27, 2425.02, 63855420, 2685, 0, 0
26370, 290, 1338, 1347, 0, 0, 4.10%, 0, 0, 27, 2358.19, 63867477, 2685, 0, 0
26375, 290, 375, 1347, 0, 0, 4.10%, 0, 0, 27, 2187.91, 63878350, 2685, 0, 0
26380, 290, 917, 1347, 0, 0, 4.10%, 0, 0, 27, 2326.95, 63890418, 2685, 0, 0
26385, 290, 1083, 1347, 0, 0, 4.10%, 0, 0, 27, 2231.89, 63901864, 2685, 0, 0
26390, 291, 1259, 1347, 0, 0, 4.10%, 0, 0, 27, 2279.00, 63913556, 2685, 0, 0
26395, 291, 770, 1347, 0, 0, 4.10%, 0, 0, 27, 2396.13, 63925567, 2685, 0, 0
26400, 291, 591, 1347, 0, 0, 4.10%, 0, 0, 27, 2388.38, 63938017, 2685, 0, 0
26405, 291, 1332, 1347, 0, 0, 4.10%, 0, 0, 27, 2411.04, 63950656, 2685, 0, 0
26411, 291, 1153, 1347, 0, 0, 4.10%, 0, 0, 27, 2358.89, 63962276, 2685, 0, 0
26416, 291, 375, 1347, 0, 0, 4.10%, 0, 0, 27, 2091.87, 63972221, 2685, 0, 0
26421, 291, 775, 1347, 0, 0, 4.10%, 0, 0, 27, 2322.22, 63984383, 2685, 0, 0
26426, 291, 972, 1347, 0, 0, 4.10%, 0, 0, 27, 2297.04, 63996147, 2685, 0, 0
26431, 291, 327, 1347, 0, 0, 4.10%, 0, 0, 27, 2435.46, 64008578, 2685, 0, 0
26436, 291, 1171, 1347, 0, 0, 4.10%, 0, 0, 27, 2363.21, 64020399, 2685, 0, 0
26441, 291, 780, 1347, 0, 0, 4.10%, 0, 0, 27, 2468.10, 64033003, 2685, 0, 0
26446, 291, 258, 1347, 0, 0, 4.10%, 0, 0, 27, 2436.15, 64045628, 2685, 0, 0
26451, 291, 422, 1347, 0, 0, 4.10%, 0, 0, 27, 2097.70, 64054896, 2685, 0, 0
26456, 291, 375, 1347, 0, 0, 4.10%, 0, 0, 27, 2392.21, 64067793, 2685, 0, 0
26462, 291, 997, 1347, 0, 0, 4.10%, 0, 0, 27, 2411.35, 64080120, 2685, 0, 0
26467, 291, 1058, 1347, 0, 0, 4.10%, 0, 0, 27, 2414.19, 64092199, 2685, 0, 0
26472, 291, 201, 1347, 0, 0, 4.10%, 0, 0, 27, 2446.38, 64104428, 2685, 0, 0
26477, 291, 682, 1347, 0, 0, 4.10%, 0, 0, 27, 2469.70, 64116802, 2685, 0, 0
26482, 291, 782, 1347, 0, 0, 4.10%, 0, 0, 27, 2377.83, 64128899, 2685, 0, 0
26487, 291, 475, 1347, 0, 0, 4.10%, 0, 0, 27, 1702.28, 64140420, 2685, 0, 0
26492, 291, 1344, 1347, 0, 0, 4.10%, 0, 0, 27, 2291.38, 64153025, 2685, 0, 0
26497, 291, 624, 1347, 0, 0, 4.10%, 0, 0, 27, 2378.51, 64164968, 2685, 0, 0
26502, 291, 1191, 1347, 0, 0, 4.10%, 0, 0, 27, 2461.96, 64177224, 2685, 0, 0
26507, 292, 896, 1347, 0, 0, 4.10%, 0, 0, 27, 2446.13, 64189495, 2685, 0, 0
26512, 292, 900, 1347, 0, 0, 4.10%, 0, 0, 27, 2404.62, 64201312, 2685, 0, 0
26517, 292, 1197, 1347, 0, 0, 4.10%, 0, 0, 27, 2455.82, 64213803, 2685, 0, 0
26522, 292, 689, 1347, 0, 0, 4.10%, 0, 0, 27, 2382.79, 64226168, 2685, 0, 0
26527, 292, 760, 1347, 0, 0, 4.10%, 0, 0, 27, 2444.22, 64238526, 2685, 0, 0
26532, 292, 972, 1347, 0, 0, 4.10%, 0, 0, 27, 2416.32, 64250826, 2685, 0, 0
26537, 292, 48, 1347, 0, 0, 4.10%, 0, 0, 27, 2461.08, 64263229, 2685, 0, 0
26543, 292, 1282, 1347, 0, 0, 4.10%, 0, 0, 27, 2321.80, 64275481, 2685, 0, 0
26548, 292, 1321, 1347, 0, 0, 4.10%, 0, 0, 27, 2321.73, 64287399, 2685, 0, 0
26553, 292, 896, 1347, 0, 0, 4.10%, 0, 0, 27, 2415.65, 64299815, 2685, 0, 0
26558, 292, 375, 1347, 0, 0, 4.10%, 0, 0, 27, 2464.94, 64312321, 2685, 0, 0
26563, 292, 524, 1347, 0, 0, 4.10%, 0, 0, 27, 2459.80, 64324597, 2685, 0, 0
26568, 292, 396, 1347, 0, 0, 4.10%, 0, 0, 27, 2422.41, 64337294, 2685, 0, 0
26573, 292, 260, 1347, 0, 0, 4.10%, 0, 0, 27, 2399.78, 64349274, 2685, 0, 0
26578, 292, 1226, 1347, 0, 0, 4.10%, 0, 0, 27, 2262.43, 64360457, 2685, 0, 0
26583, 292, 1104, 1347, 0, 0, 4.10%, 0, 0, 27, 2333.51, 64372215, 2685, 0, 0
26588, 292, 1004, 1347, 0, 0, 4.10%, 0, 0, 27, 2381.13, 64384344, 2685, 0, 0
26593, 292, 735, 1347, 0, 0, 4.10%, 0, 0, 27, 2452.56, 64397240, 2685, 0, 0
26599, 292, 1345, 1347, 0, 0, 4.10%, 0, 0, 27, 2449.75, 64409841, 2685, 0, 0
26604, 292, 67, 1347, 0, 0, 4.10%, 0, 0, 27, 2397.95, 64422245, 2685, 0, 0
26609, 292, 231, 1347, 0, 0, 4.10%, 0, 0, 27, 2291.51, 64433733, 2685, 0, 0
26614, 292, 1343, 1347, 0, 0, 4.10%, 0, 0, 27, 2357.05, 64446300, 2685, 0, 0
26619, 293, 896, 1347, 0, 0, 4.10%, 0, 0, 27, 2387.05, 64458232, 2685, 0, 0
26624, 293, 992, 1347, 0, 0, 4.10%, 0, 0, 27, 2397.99, 64470314, 2685, 0, 0
26629, 293, 851, 1347, 0, 0, 4.10%, 0, 0, 27, 2473.74, 64482716, 2685, 0, 0
26634, 293, 1168, 1347, 0, 0, 4.10%, 0, 0, 27, 2404.40, 64494812, 2685, 0, 0
26639, 293, 1150, 1347, 0, 0, 4.10%, 0, 0, 27, 2230.57, 64506133, 2685, 0, 0
26645, 293, 787, 1347, 0, 0, 4.10%, 0, 0, 27, 2399.78, 64518579, 2685, 0, 0
26650, 293, 909, 1347, 0, 0, 4.10%, 0, 0, 27, 2418.89, 64530669, 2685, 0, 0
26655, 293, 1341, 1347, 0, 0, 4.10%, 0, 0, 27, 2210.42, 64541591, 2685, 0, 0
26660, 293, 969, 1347, 0, 0, 4.10%, 0, 0, 27, 2308.18, 64552817, 2685, 0, 0
26665, 293, 591, 1347, 0, 0, 4.10%, 0, 0, 27, 2429.40, 64565219, 2685, 0, 0
26670, 293, 591, 1347, 0, 0, 4.10%, 0, 0, 27, 2460.28, 64577594, 2685, 0, 0
26675, 293, 100, 1347, 0, 0, 4.10%, 0, 0, 27, 2159.46, 64588613, 2685, 0, 0
26680, 293, 1344, 1347, 0, 0, 4.10%, 0, 0, 27, 2248.50, 64600336, 2685, 0, 0
26685, 293, 46, 1347, 0, 0, 4.10%, 0, 0, 27, 2367.82, 64612340, 2685, 0, 0
26690, 293, 537, 1347, 0, 0, 4.10%, 0, 0, 27, 2413.71, 64624695, 2685, 0, 0
26695, 293, 851, 1347, 0, 0, 4.10%, 0, 0, 27, 2236.12, 64635912, 2685, 0, 0
26700, 293, 531, 1347, 0, 0, 4.10%, 0, 0, 27, 2392.05, 64648305, 2685, 0, 0
26705, 293, 1326, 1347, 0, 0, 4.10%, 0, 0, 27, 2152.43, 64659202, 2685, 0, 0
26710, 293, 936, 1347, 0, 0, 4.10%, 0, 0, 27, 2378.88, 64671408, 2685, 0, 0
26716, 293, 1329, 1347, 0, 0, 4.10%, 0, 0, 27, 2400.24, 64683784, 2685, 0, 0
26721, 293, 1276, 1347, 0, 0, 4.10%, 0, 0, 27, 1940.47, 64695401, 2685, 0, 0
26726, 293, 989, 1347, 0, 0, 4.10%, 0, 0, 27, 2285.42, 64707396, 2685, 0, 0
26731, 293, 513, 1347, 0, 0, 4.10%, 0, 0, 27, 2385.26, 64719605, 2685, 0, 0
26736, 293, 625, 1347, 0, 0, 4.10%, 0, 0, 27, 2431.70, 64731682, 2685, 0, 0
26741, 294, 519, 1347, 0, 0, 4.10%, 0, 0, 27, 2296.06, 64743076, 2685, 0, 0
26746, 294, 564, 1348, 1, 0, 4.10%, 0, 0, 27, 2399.83, 64755237, 2685, 0, 0
26751, 294, 909, 1348, 0, 0, 4.10%, 0, 0, 27, 2244.82, 64764816, 2685, 0, 0
26756, 294, 1228, 1348, 0, 0, 4.10%, 0, 0, 27, 2351.38, 64776395, 2685, 0, 0
26761, 294, 1074, 1348, 0, 0, 4.10%, 0, 0, 27, 2419.10, 64788536, 2685, 0, 0
26766, 294, 896, 1348, 0, 0, 4.10%, 0, 0, 27, 2475.95, 64800939, 2685, 0, 0
26771, 294, 998, 1348, 0, 0, 4.10%, 0, 0, 27, 2483.38, 64813809, 2685, 0, 0
26776, 294, 672, 1348, 0, 0, 4.10%, 0, 0, 27, 2275.80, 64824785, 2685, 0, 0
26781, 294, 1144, 1348, 0, 0, 4.10%, 0, 0, 27, 2360.17, 64836875, 2685, 0, 0
26786, 294, 358, 1348, 0, 0, 4.10%, 0, 0, 27, 2333.95, 64848207, 2685, 0, 0
26792, 294, 997, 1348, 0, 0, 4.10%, 0, 0, 27, 2250.97, 64859935, 2685, 0, 0
26797, 294, 1166, 1348, 0, 0, 4.10%, 0, 0, 27, 2383.53, 64872203, 2685, 0, 0
26802, 294, 167, 1348, 0, 0, 4.10%, 0, 0, 27, 2427.67, 64884361, 2685, 0, 0
26807, 294, 843, 1348, 0, 0, 4.10%, 0, 0, 27, 2458.35, 64896863, 2685, 0, 0
26812, 294, 897, 1348, 0, 0, 4.10%, 0, 0, 27, 2354.36, 64908370, 2685, 0, 0
26817, 294, 1254, 1348, 0, 0, 4.10%, 0, 0, 27, 2296.32, 64919378, 2685, 0, 0
26822, 294, 729, 1348, 0, 0, 4.10%, 0, 0, 27, 2405.41, 64931636, 2685, 0, 0
26827, 294, 1031, 1348, 0, 0, 4.10%, 0, 0, 27, 2375.17, 64943726, 2685, 0, 0
26832, 294, 987, 1348, 0, 0, 4.10%, 0, 0, 27, 2289.68, 64955609, 2685, 0, 0
26837, 294, 689, 1348, 0, 0, 4.10%, 0, 0, 27, 2416.77, 64967886, 2685, 0, 0
26842, 294, 779, 1348, 0, 0, 4.10%, 0, 0, 27, 2454.60, 64980361, 2685, 0, 0
26847, 294, 524, 1348, 0, 0, 4.10%, 0, 0, 27, 2310.80, 64991834, 2685, 0, 0
26852, 294, 90, 1348, 0, 0, 4.10%, 0, 0, 27, 2398.42, 65004132, 2685, 0, 0
26857, 295, 1321, 1348, 0, 0, 4.10%, 0, 0, 27, 2363.15, 65016210, 2685, 0, 0
26862, 295, 1234, 1348, 0, 0, 4.10%, 0, 0, 27, 2357.82, 65027826, 2685, 0, 0
26867, 295, 358, 1348, 0, 0, 4.10%, 0, 0, 27, 2408.47, 65040505, 2685, 0, 0
26873, 295, 1324, 1348, 0, 0, 4.10%, 0, 0, 27, 1813.14, 65050332, 2685, 0, 0
26878, 295, 512, 1348, 0, 0, 4.10%, 0, 0, 27, 2145.51, 65062310, 2685, 0, 0
26883, 295, 1083, 1348, 0, 0, 4.10%, 0, 0, 27, 2312.69, 65074208, 2685, 0, 0
26888, 295, 1191, 1348, 0, 0, 4.10%, 0, 0, 27, 2435.99, 65087153, 2685, 0, 0
26893, 295, 1340, 1348, 0, 0, 4.10%, 0, 0, 27, 2440.62, 65100047, 2685, 0, 0
26898, 295, 742, 1348, 0, 0, 4.10%, 0, 0, 27, 2387.79, 65112020, 2685, 0, 0
26903, 295, 531, 1348, 0, 0, 4.10%, 0, 0, 27, 2440.31, 65124302, 2685, 0, 0
26908, 295, 843, 1348, 0, 0, 4.10%, 0, 0, 27, 2421.82, 65136652, 2685, 0, 0
26914, 295, 719, 1348, 0, 0, 4.10%, 0, 0, 27, 2417.08, 65148875, 2685, 0, 0
26919, 295, 1134, 1348, 0, 0, 4.10%, 0, 0, 27, 2368.10, 65160752, 2685, 0, 0
26924, 295, 853, 1348, 0, 0, 4.10%, 0, 0, 27, 2393.41, 65173146, 2685, 0, 0
26929, 295, 340, 1348, 0, 0, 4.10%, 0, 0, 27, 2444.54, 65185281, 2685, 0, 0
26934, 295, 987, 1348, 0, 0, 4.10%, 0, 0, 27, 2434.30, 65197429, 2685, 0, 0
26939, 295, 781, 1348, 0, 0, 4.10%, 0, 0, 27, 2220.18, 65208355, 2685, 0, 0
26944, 295, 1151, 1348, 0, 0, 4.10%, 0, 0, 27, 2209.33, 65219246, 2685, 0, 0
26949, 295, 810, 1348, 0, 0, 4.10%, 0, 0, 27, 2301.15, 65230968, 2685, 0, 0
26954, 295, 550, 1348, 0, 0, 4.10%, 0, 0, 27, 2439.61, 65243350, 2685, 0, 0
26959, 295, 1311, 1348, 0, 0, 4.10%, 0, 0, 27, 2476.77, 65255604, 2685, 0, 0
26964, 295, 896, 1348, 0, 0, 4.10%, 0, 0, 27, 2447.21, 65268115, 2685, 0, 0
26969, 295, 513, 1348, 0, 0, 4.10%, 0, 0, 27, 2309.88, 65279524, 2685, 0, 0
26974, 296, 1280, 1349, 1, 0, 4.10%, 0, 0, 27, 2267.00, 65290956, 2685, 0, 0
26979, 296, 1137, 1349, 1, 0, 4.10%, 0, 0, 27, 2417.47, 65303328, 2685, 0, 0
26984, 296, 234, 1349, 1, 0, 4.10%, 0, 0, 27, 2467.29, 65315710, 2685, 0, 0
26989, 296, 790, 1349, 1, 0, 4.10%, 0, 0, 27, 2412.91, 65327857, 2685, 0, 0
26995, 296, 257, 1349, 1, 0, 4.10%, 0, 0, 27, 2461.89, 65340584, 2685, 0, 0
27000, 296, 628, 1349, 1, 0, 4.10%, 0, 0, 27, 2408.92, 65352832, 2685, 0, 0
27005, 296, 849, 1349, 1, 0, 4.10%, 0, 0, 27, 2372.20, 65365074, 2685, 0, 0
27010, 296, 805, 1349, 1, 0, 4.10%, 0, 0, 27, 2434.41, 65377657, 2685, 0, 0
27015, 296, 909, 1349, 1, 0, 4.10%, 0, 0, 27, 2343.59, 65389391, 2685, 0, 0
27021, 296, 1331, 1349, 1, 0, 4.10%, 0, 0, 27, 2338.55, 65401771, 2685, 0, 0
27026, 296, 537, 1349, 1, 0, 4.10%, 0, 0, 27, 2371.58, 65413774, 2685, 0, 0
27031, 296, 1255, 1349, 1, 0, 4.10%, 0, 0, 27, 2432.92, 65426057, 2685, 0, 0
27036, 296, 998, 1349, 1, 0, 4.10%, 0, 0, 27, 2328.20, 65437353, 2685, 0, 0
27041, 296, 843, 1349, 1, 0, 4.10%, 0, 0, 27, 2163.92, 65447554, 2685, 0, 0
27046, 296, 548, 1349, 1, 0, 4.10%, 0, 0, 27, 2368.31, 65459574, 2685, 0, 0
27051, 296, 177, 1350, 2, 0, 4.10%, 0, 0, 27, 2237.62, 65469856, 2685, 0, 0
27056, 296, 537, 1350, 1, 0, 4.10%, 0, 0, 27, 1662.58, 65475487, 2685, 0, 0
27061, 296, 1287, 1350, 1, 0, 4.10%, 0, 0, 27, 1997.43, 65486497, 2685, 0, 0
27066, 296, 962, 1350, 1, 0, 4.10%, 0, 0, 27, 2361.07, 65498971, 2685, 0, 0
27071, 296, 1339, 1350, 1, 0, 4.10%, 0, 0, 27, 2011.27, 65509627, 2685, 0, 0
27076, 296, 278, 1350, 1, 0, 4.10%, 0, 0, 27, 2253.02, 65521477, 2685, 0, 0
27081, 296, 1272, 1350, 1, 0, 4.10%, 0, 0, 27, 2373.04, 65533437, 2685, 0, 0
27086, 296, 1031, 1350, 1, 0, 4.10%, 0, 0, 27, 2319.73, 65545011, 2685, 0, 0
27092, 296, 925, 1350, 1, 0, 4.10%, 0, 0, 27, 2438.49, 65557438, 2685, 0, 0
27097, 296, 1316, 1350, 1, 0, 4.10%, 0, 0, 27, 2258.12, 65569282, 2685, 0, 0
27102, 297, 741, 1350, 1, 0, 4.10%, 0, 0, 27, 2274.09, 65581400, 2685, 0, 0
27107, 297, 1134, 1350, 1, 0, 4.10%, 0, 0, 27, 2251.39, 65592669, 2685, 0, 0
27112, 297, 69, 1350, 1, 0, 4.10%, 0, 0, 27, 2329.86, 65604524, 2685, 0, 0
27117, 297, 1341, 1350, 1, 0, 4.10%, 0, 0, 27, 2174.51, 65615537, 2685, 0, 0
27122, 297, 1027, 1350, 1, 0, 4.10%, 0, 0, 27, 2217.43, 65626583, 2685, 0, 0
27127, 297, 1228, 1350, 1, 0, 4.10%, 0, 0, 27, 2162.04, 65637102, 2685, 0, 0
27132, 297, 456, 1350, 1, 0, 4.10%, 0, 0, 27, 2353.29, 65649500, 2685, 0, 0
27138, 297, 1079, 1350, 1, 0, 4.10%, 0, 0, 27, 2344.67, 65661521, 2685, 0, 0
27143, 297, 768, 1350, 1, 0, 4.10%, 0, 0, 27, 2238.67, 65672938, 2685, 0, 0
27148, 297, 1191, 1350, 1, 0, 4.10%, 0, 0, 27, 2459.29, 65685546, 2685, 0, 0
27153, 297, 1006, 1350, 1, 0, 4.10%, 0, 0, 27, 2302.29, 65696935, 2685, 0, 0
27158, 297, 231, 1350, 1, 0, 4.10%, 0, 0, 27, 2402.14, 65709251, 2685, 0, 0
27163, 297, 113, 1350, 1, 0, 4.10%, 0, 0, 27, 2393.76, 65721204, 2685, 0, 0
27168, 297, 774, 1350, 1, 0, 4.10%, 0, 0, 27, 2359.39, 65733010, 2685, 0, 0
27173, 297, 989, 1350, 1, 0, 4.10%, 0, 0, 27, 2443.06, 65745447, 2685, 0, 0
27178, 297, 1274, 1350, 1, 0, 4.10%, 0, 0, 27, 2346.38, 65757262, 2685, 0, 0
27183, 297, 258, 1350, 1, 0, 4.10%, 0, 0, 27, 2361.49, 65769801, 2685, 0, 0
27188, 297, 892, 1350, 1, 0, 4.10%, 0, 0, 27, 2465.29, 65782348, 2685, 0, 0
27193, 297, 481, 1350, 1, 0, 4.10%, 0, 0, 27, 2309.52, 65793888, 2685, 0, 0
27198, 297, 1004, 1350, 1, 0, 4.10%, 0, 0, 27, 2410.23, 65806394, 2685, 0, 0
27203, 297, 1347, 1350, 1, 0, 4.10%, 0, 0, 27, 2329.87, 65818377, 2685, 0, 0
27208, 297, 1066, 1350, 1, 0, 4.10%, 0, 0, 27, 2366.17, 65830394, 2685, 0, 0
27214, 298, 756, 1350, 1, 0, 4.10%, 0, 0, 27, 2398.42, 65842727, 2685, 0, 0
27219, 298, 201, 1350, 1, 0, 4.10%, 0, 0, 27, 2427.57, 65854901, 2685, 0, 0
27224, 298, 108, 1350, 1, 0, 4.10%, 0, 0, 27, 2431.11, 65867224, 2685, 0, 0
27229, 298, 508, 1350, 1, 0, 4.10%, 0, 0, 27, 2357.15, 65879462, 2685, 0, 0
27234, 298, 76, 1350, 1, 0, 4.10%, 0, 0, 27, 2442.59, 65892224, 2685, 0, 0
27239, 298, 86, 1350, 1, 0, 4.10%, 0, 0, 27, 2340.93, 65903599, 2685, 0, 0
27244, 298, 55, 1350, 1, 0, 4.10%, 0, 0, 27, 2347.38, 65915199, 2685, 0, 0
27249, 298, 856, 1350, 1, 0, 4.10%, 0, 0, 27, 2217.00, 65926249, 2685, 0, 0
27254, 298, 1326, 1350, 1, 0, 4.10%, 0, 0, 27, 2150.44, 65937541, 2685, 0, 0
27259, 298, 604, 1350, 1, 0, 4.10%, 0, 0, 27, 2296.46, 65948977, 2685, 0, 0
27264, 298, 184, 1350, 1, 0, 4.10%, 0, 0, 27, 2234.80, 65960047, 2685, 0, 0
27270, 298, 744, 1350, 1, 0, 4.10%, 0, 0, 27, 2412.47, 65972822, 2685, 0, 0
27275, 298, 1279, 1350, 1, 0, 4.10%, 0, 0, 27, 2206.83, 65983658, 2685, 0, 0
27280, 298, 1325, 1350, 1, 0, 4.10%, 0, 0, 27, 2271.51, 65995706, 2685, 0, 0
27285, 298, 5, 1350, 1, 0, 4.10%, 0, 0, 27, 2396.74, 66007640, 2685, 0, 0
27290, 298, 796, 1350, 1, 0, 4.10%, 0, 0, 27, 2444.75, 66019844, 2685, 0, 0
27295, 298, 977, 1350, 1, 0, 4.10%, 0, 0, 27, 2349.62, 66031563, 2685, 0, 0
27300, 298, 909, 1350, 1, 0, 4.10%, 0, 0, 27, 2402.01, 66043611, 2685, 0, 0
27305, 298, 1316, 1350, 1, 0, 4.10%, 0, 0, 27, 2340.34, 66055564, 2685, 0, 0
27310, 298, 105, 1350, 1, 0, 4.10%, 0, 0, 27, 2364.79, 66067115, 2685, 0, 0
27315, 298, 412, 1350, 1, 0, 4.10%, 0, 0, 27, 2285.48, 66078034, 2685, 0, 0
27320, 298, 77, 1350, 1, 0, 4.10%, 0, 0, 27, 2373.40, 66090083, 2685, 0, 0
27326, 298, 1228, 1350, 1, 0, 4.10%, 0, 0, 27, 2324.40, 66101823, 2685, 0, 0
27331, 299, 1004, 1350, 1, 0, 4.10%, 0, 0, 27, 2452.62, 66114404, 2685, 0, 0
27336, 299, 295, 1350, 1, 0, 4.10%, 0, 0, 27, 2381.57, 66126384, 2685, 0, 0
27341, 299, 956, 1351, 2, 0, 4.10%, 0, 0, 27, 2302.00, 66137682, 2685, 0, 0
27346, 299, 622, 1351, 2, 0, 4.10%, 0, 0, 27, 2352.42, 66149916, 2685, 0, 0
27351, 299, 756, 1351, 2, 0, 4.10%, 0, 0, 27, 2414.88, 66162115, 2685, 0, 0
27356, 299, 1008, 1351, 2, 0, 4.10%, 0, 0, 27, 2353.78, 66174103, 2685, 0, 0
27361, 299, 591, 1351, 2, 0, 4.10%, 0, 0, 27, 2390.06, 66186140, 2685, 0, 0
27366, 299, 1027, 1351, 2, 0, 4.10%, 0, 0, 27, 2450.95, 66198476, 2685, 0, 0
27371, 299, 1006, 1351, 2, 0, 4.10%, 0, 0, 27, 2432.99, 66210816, 2685, 0, 0
27376, 299, 689, 1352, 3, 0, 4.10%, 0, 0, 27, 2126.09, 66219483, 2685, 0, 0
27381, 299, 744, 1352, 3, 0, 4.10%, 0, 0, 27, 2306.34, 66231191, 2685, 0, 0
27388, 299, 1350, 1352, 3, 0, 4.10%, 0, 0, 27, 2152.00, 66243380, 2685, 0, 0
27393, 299, 670, 1352, 2, 0, 4.10%, 0, 0, 27, 2262.93, 66254795, 2685, 0, 0
27398, 299, 972, 1352, 2, 0, 4.10%, 0, 0, 27, 2271.37, 66266460, 2685, 0, 0
27403, 299, 1351, 1352, 2, 0, 4.10%, 0, 0, 27, 1952.98, 66273928, 2685, 0, 0
27408, 299, 1058, 1352, 1, 0, 4.10%, 0, 0, 27, 2284.08, 66285593, 2685, 0, 0
27413, 299, 969, 1352, 1, 0, 4.10%, 0, 0, 27, 2428.64, 66298301, 2685, 0, 0
27418, 299, 1255, 1352, 1, 0, 4.10%, 0, 0, 27, 2439.61, 66310870, 2685, 0, 0
27423, 299, 1255, 1352, 1, 0, 4.10%, 0, 0, 27, 2495.64, 66323426, 2685, 0, 0
27428, 299, 1211, 1352, 1, 0, 4.10%, 0, 0, 27, 2463.07, 66335752, 2685, 0, 0
27433, 299, 909, 1352, 1, 0, 4.10%, 0, 0, 27, 2440.62, 66347325, 2685, 0, 0
27438, 299, 1021, 1352, 1, 0, 4.10%, 0, 0, 27, 2334.83, 66358779, 2685, 0, 0
27443, 299, 537, 1352, 1, 0, 4.10%, 0, 0, 27, 2382.42, 66370894, 2685, 0, 0
27449, 299, 1228, 1352, 1, 0, 4.10%, 0, 0, 27, 2449.24, 66383314, 2685, 0, 0
27454, 299, 909, 1352, 1, 0, 4.10%, 0, 0, 27, 2374.15, 66395214, 2685, 0, 0
27459, 300, 588, 1352, 1, 0, 4.10%, 0, 0, 27, 2442.60, 66407624, 2685, 0, 0
27464, 300, 1298, 1352, 1, 0, 4.10%, 0, 0, 27, 2469.75, 66420194, 2685, 0, 0
27469, 300, 375, 1352, 1, 0, 4.10%, 0, 0, 27, 2436.06, 66432147, 2685, 0, 0
27474, 300, 144, 1352, 1, 0, 4.10%, 0, 0, 27, 2408.29, 66444473, 2685, 0, 0
27479, 300, 978, 1352, 1, 0, 4.10%, 0, 0, 27, 2351.21, 66456575, 2685, 0, 0
27484, 300, 752, 1352, 1, 0, 4.10%, 0, 0, 27, 2419.34, 66468743, 2685, 0, 0
27489, 300, 1213, 1352, 1, 0, 4.10%, 0, 0, 27, 2413.85, 66480899, 2685, 0, 0
27494, 300, 969, 1352, 1, 0, 4.10%, 0, 0, 27, 2461.73, 66493299, 2685, 0, 0
27499, 300, 257, 1352, 1, 0, 4.10%, 0, 0, 27, 2359.22, 66504595, 2685, 0, 0
27504, 300, 802, 1352, 1, 0, 4.10%, 0, 0, 27, 2403.61, 66516625, 2685, 0, 0
27509, 300, 635, 1352, 1, 0, 4.10%, 0, 0, 27, 2416.00, 66529202, 2685, 0, 0
27514, 300, 1142, 1352, 1, 0, 4.10%, 0, 0, 27, 2341.36, 66540972, 2685, 0, 0
27519, 300, 762, 1352, 1, 0, 4.10%, 0, 0, 27, 1925.97, 66549959, 2685, 0, 0
27524, 300, 1336, 1352, 1, 0, 4.10%, 0, 0, 27, 2260.92, 66561696, 2685, 0, 0
27530, 300, 1193, 1352, 1, 0, 4.10%, 0, 0, 27, 2326.04, 66573674, 2685, 0, 0
27535, 300, 604, 1352, 1, 0, 4.10%, 0, 0, 27, 2475.12, 66586208, 2685, 0, 0
27540, 300, 1260, 1352, 1, 0, 4.10%, 0, 0, 27, 2390.15, 66598015, 2685, 0, 0
27545, 300, 1348, 1353, 2, 0, 4.10%, 0, 0, 27, 2347.45, 66609564, 2685, 0, 0
27550, 300, 732, 1353, 1, 0, 4.10%, 0, 0, 27, 2339.28, 66621492, 2685, 0, 0
27555, 300, 788, 1353, 1, 0, 4.10%, 0, 0, 27, 2365.25, 66633240, 2685, 0, 0
27560, 300, 568, 1353, 1, 0, 4.10%, 0, 0, 27, 2331.77, 66645034, 2685, 0, 0
27565, 300, 775, 1353, 1, 0, 4.10%, 0, 0, 27, 2372.43, 66656893, 2685, 0, 0
27570, 300, 735, 1353, 1, 0, 4.10%, 0, 0, 27, 2265.34, 66668161, 2685, 0, 0
27575, 300, 853, 1353, 1, 0, 4.10%, 0, 0, 27, 2470.64, 66680862, 2685, 0, 0
27580, 301, 1168, 1353, 1, 0, 4.10%, 0, 0, 27, 2337.32, 66692228, 2685, 0, 0
27585, 301, 998, 1353, 1, 0, 4.10%, 0, 0, 27, 2400.64, 66704503, 2685, 0, 0
27590, 301, 1007, 1353, 1, 0, 4.10%, 0, 0, 27, 2370.85, 66716275, 2685, 0, 0
27595, 301, 760, 1354, 1, 0, 4.10%, 0, 0, 27, 2474.56, 66728895, 2685, 0, 0
27600, 301, 1007, 1354, 1, 0, 4.10%, 0, 0, 27, 2367.84, 66740860, 2685, 0, 0
27605, 301, 1214, 1354, 1, 0, 4.10%, 0, 0, 27, 2441.27, 66753218, 2685, 0, 0
27610, 301, 92, 1354, 1, 0, 4.10%, 0, 0, 27, 2300.96, 66764469, 2685, 0, 0
27615, 301, 780, 1354, 1, 0, 4.10%, 0, 0, 27, 2418.05, 66777014, 2685, 0, 0
27620, 301, 998, 1354, 1, 0, 4.10%, 0, 0, 27, 2381.54, 66788802, 2685, 0, 0
27625, 301, 327, 1354, 1, 0, 4.10%, 0, 0, 27, 2341.98, 66800787, 2685, 0, 0
27631, 301, 1152, 1355, 2, 0, 4.10%, 0, 0, 27, 2318.39, 66813144, 2685, 0, 0
27636, 301, 1355, 1356, 2, 0, 4.10%, 0, 0, 27, 2270.52, 66825169, 2685, 0, 0
27641, 301, 987, 1356, 1, 0, 4.10%, 0, 0, 27, 2121.57, 66835968, 2685, 0, 0
27647, 301, 1344, 1356, 1, 0, 4.10%, 0, 0, 27, 2120.59, 66847712, 2685, 0, 0
27652, 301, 240, 1356, 1, 0, 4.10%, 0, 0, 27, 2242.08, 66858608, 2685, 0, 0
27657, 301, 1144, 1356, 1, 0, 4.10%, 0, 0, 27, 2304.89, 66869404, 2685, 0, 0
27662, 301, 853, 1356, 1, 0, 4.10%, 0, 0, 27, 2261.95, 66880727, 2685, 0, 0
27667, 301, 934, 1356, 1, 0, 4.10%, 0, 0, 27, 2413.29, 66892775, 2685, 0, 0
27672, 301, 1335, 1356, 1, 0, 4.10%, 0, 0, 27, 2377.57, 66904384, 2685, 0, 0
27677, 301, 1004, 1357, 2, 0, 4.10%, 0, 0, 27, 2308.95, 66915895, 2685, 0, 0
27682, 301, 1356, 1357, 2, 0, 4.10%, 0, 0, 27, 2326.64, 66927948, 2685, 0, 0
27687, 301, 1347, 1357, 1, 0, 4.10%, 0, 0, 27, 2128.08, 66936879, 2685, 0, 0
27692, 301, 240, 1357, 1, 0, 4.10%, 0, 0, 27, 2337.05, 66949159, 2685, 0, 0
27697, 301, 106, 1357, 1, 0, 4.10%, 0, 0, 27, 2152.52, 66959903, 2685, 0, 0
27703, 301, 1331, 1357, 1, 0, 4.10%, 0, 0, 27, 2337.31, 66972140, 2685, 0, 0
27708, 302, 630, 1357, 1, 0, 4.10%, 0, 0, 27, 2425.61, 66984706, 2685, 0, 0
27713, 302, 481, 1357, 1, 0, 4.10%, 0, 0, 27, 2409.06, 66996756, 2685, 0, 0
27718, 302, 524, 1357, 1, 0, 4.10%, 0, 0, 27, 2440.53, 67009252, 2685, 0, 0
27723, 302, 697, 1357, 0, 0, 4.10%, 0, 0, 27, 2364.97, 67020733, 2685, 0, 0
27728, 302, 853, 1357, 0, 0, 4.10%, 0, 0, 27, 2394.97, 67032847, 2685, 0, 0
27733, 302, 1299, 1357, 0, 0, 4.10%, 0, 0, 27, 2288.65, 67044070, 2685, 0, 0
27739, 302, 1154, 1357, 0, 0, 4.10%, 0, 0, 27, 2385.36, 67056833, 2685, 0, 0
27744, 302, 456, 1357, 0, 0, 4.10%, 0, 0, 27, 2432.84, 67069078, 2685, 0, 0
27749, 302, 1025, 1357, 0, 0, 4.10%, 0, 0, 27, 2436.80, 67081556, 2685, 0, 0
27754, 302, 900, 1357, 0, 0, 4.10%, 0, 0, 27, 2399.81, 67093543, 2685, 0, 0
27759, 302, 1007, 1357, 0, 0, 4.10%, 0, 0, 27, 2242.07, 67104715, 2685, 0, 0
27764, 302, 1050, 1357, 0, 0, 4.10%, 0, 0, 27, 2335.81, 67116866, 2685, 0, 0
27769, 302, 896, 1357, 0, 0, 4.10%, 0, 0, 27, 2401.72, 67128868, 2685, 0, 0
27774, 302, 998, 1357, 0, 0, 4.10%, 0, 0, 27, 2360.08, 67140791, 2685, 0, 0
27779, 302, 802, 1357, 0, 0, 4.10%, 0, 0, 27, 2294.07, 67152744, 2685, 0, 0
27784, 302, 672, 1357, 0, 0, 4.10%, 0, 0, 27, 2412.28, 67164985, 2685, 0, 0
27789, 302, 492, 1357, 0, 0, 4.10%, 0, 0, 27, 2389.19, 67176958, 2685, 0, 0
27794, 302, 379, 1357, 0, 0, 4.10%, 0, 0, 27, 2448.45, 67189319, 2685, 0, 0
27799, 302, 150, 1357, 0, 0, 4.10%, 0, 0, 27, 2407.92, 67201414, 2685, 0, 0
27804, 302, 600, 1357, 0, 0, 4.10%, 0, 0, 27, 2460.62, 67214190, 2685, 0, 0
27809, 302, 729, 1357, 0, 0, 4.10%, 0, 0, 27, 2451.25, 67226566, 2685, 0, 0
27814, 302, 936, 1357, 0, 0, 4.10%, 0, 0, 27, 2155.27, 67237242, 2685, 0, 0
27820, 302, 92, 1357, 0, 0, 4.10%, 0, 0, 27, 2361.30, 67249467, 2685, 0, 0
27825, 303, 1079, 1357, 0, 0, 4.10%, 0, 0, 27, 2275.82, 67261085, 2685, 0, 0
27830, 303, 1213, 1357, 0, 0, 4.10%, 0, 0, 27, 2255.56, 67271902, 2685, 0, 0
27835, 303, 843, 1357, 0, 0, 4.10%, 0, 0, 27, 2397.36, 67283961, 2685, 0, 0
27840, 303, 689, 1357, 0, 0, 4.10%, 0, 0, 27, 2477.42, 67296567, 2685, 0, 0
27845, 303, 1228, 1357, 0, 0, 4.10%, 0, 0, 27, 2361.31, 67308675, 2685, 0, 0
27850, 303, 467, 1357, 0, 0, 4.10%, 0, 0, 27, 2350.73, 67320752, 2685, 0, 0
27855, 303, 1074, 1357, 0, 0, 4.10%, 0, 0, 27, 2424.44, 67332975, 2685, 0, 0
27860, 303, 1344, 1357, 0, 0, 4.10%, 0, 0, 27, 2413.92, 67345271, 2685, 0, 0
27865, 303, 787, 1357, 0, 0, 4.10%, 0, 0, 27, 2416.06, 67357044, 2685, 0, 0
27870, 303, 1283, 1357, 0, 0, 4.10%, 0, 0, 27, 2184.35, 67367092, 2685, 0, 0
27876, 303, 1058, 1357, 0, 0, 4.10%, 0, 0, 27, 2359.85, 67379702, 2685, 0, 0
27881, 303, 1134, 1357, 0, 0, 4.10%, 0, 0, 27, 1997.96, 67389991, 2685, 0, 0
27886, 303, 1191, 1357, 0, 0, 4.10%, 0, 0, 27, 2352.78, 67402625, 2685, 0, 0
27891, 303, 1338, 1357, 0, 0, 4.10%, 0, 0, 27, 2105.53, 67413161, 2685, 0, 0
27896, 303, 732, 1357, 0, 0, 4.10%, 0, 0, 27, 1868.46, 67423016, 2685, 0, 0
27901, 303, 1007, 1357, 0, 0, 4.10%, 0, 0, 27, 2251.89, 67435269, 2685, 0, 0
27906, 303, 909, 1357, 0, 0, 4.10%, 0, 0, 27, 2429.50, 67447677, 2685, 0, 0
27911, 303, 619, 1357, 0, 0, 4.10%, 0, 0, 27, 2418.11, 67460223, 2685, 0, 0
27917, 303, 1255, 1357, 0, 0, 4.10%, 0, 0, 27, 2226.83, 67471263, 2685, 0, 0
27922, 303, 724, 1357, 0, 0, 4.10%, 0, 0, 27, 2368.93, 67483603, 2685, 0, 0
27927, 303, 1152, 1357, 0, 0, 4.10%, 0, 0, 27, 2346.55, 67496205, 2685, 0, 0
27932, 303, 150, 1357, 0, 0, 4.10%, 0, 0, 27, 2270.49, 67507559, 2685, 0, 0
27937, 303, 1320, 1357, 0, 0, 4.10%, 0, 0, 27, 2337.73, 67519331, 2685, 0, 0
27942, 304, 989, 1357, 0, 0, 4.10%, 0, 0, 27, 2458.15, 67531788, 2685, 0, 0
27947, 304, 422, 1357, 0, 0, 4.10%, 0, 0, 27, 2456.83, 67544463, 2685, 0, 0
27952, 304, 882, 1357, 0, 0, 4.10%, 0, 0, 27, 2289.95, 67556209, 2685, 0, 0
27958, 304, 972, 1357, 0, 0, 4.10%, 0, 0, 27, 2434.78, 67568758, 2685, 0, 0
27963, 304, 738, 1357, 0, 0, 4.10%, 0, 0, 27, 2434.72, 67580181, 2685, 0, 0
27968, 304, 1344, 1357, 0, 0, 4.10%, 0, 0, 27, 2443.12, 67592582, 2685, 0, 0
27973, 304, 630, 1358, 1, 0, 4.10%, 0, 0, 27, 2114.91, 67602655, 2685, 0, 0
27978, 304, 997, 1358, 1, 0, 4.10%, 0, 0, 27, 2367.51, 67614888, 2685, 0, 0
27983, 304, 1350, 1358, 1, 0, 4.10%, 0, 0, 27, 2286.08, 67626705, 2685, 0, 0
27988, 304, 550, 1358, 1, 0, 4.10%, 0, 0, 27, 2421.21, 67638918, 2685, 0, 0
27993, 304, 672, 1358, 1, 0, 4.10%, 0, 0, 27, 2317.70, 67650411, 2685, 0, 0
27998, 304, 88, 1358, 1, 0, 4.10%, 0, 0, 27, 2414.33, 67662692, 2685, 0, 0
28003, 304, 78, 1358, 1, 0, 4.10%, 0, 0, 27, 2315.32, 67673840, 2685, 0, 0
28008, 304, 514, 1358, 1, 0, 4.10%, 0, 0, 27, 2388.88, 67685988, 2685, 0, 0
28013, 304, 14, 1358, 1, 0, 4.10%, 0, 0, 27, 2336.22, 67697665, 2685, 0, 0
28018, 304, 969, 1358, 1, 0, 4.10%, 0, 0, 27, 2323.71, 67709440, 2685, 0, 0
28023, 304, 1184, 1358, 1, 0, 4.10%, 0, 0, 27, 2376.94, 67721682, 2685, 0, 0
28028, 304, 387, 1358, 1, 0, 4.10%, 0, 0, 27, 2411.85, 67733788, 2685, 0, 0
28033, 304, 142, 1358, 1, 0, 4.10%, 0, 0, 27, 2407.17, 67745917, 2685, 0, 0
28039, 304, 619, 1358, 1, 0, 4.10%, 0, 0, 27, 2201.71, 67756839, 2685, 0, 0
28044, 304, 244, 1358, 1, 0, 4.10%, 0, 0, 27, 2332.71, 67768913, 2685, 0, 0
28049, 304, 416, 1358, 1, 0, 4.10%, 0, 0, 27, 2496.93, 67782141, 2685, 0, 0
28054, 304, 548, 1358, 1, 0, 4.10%, 0, 0, 27, 2358.78, 67793505, 2685, 0, 0
28059, 304, 200, 1358, 1, 0, 4.10%, 0, 0, 27, 2291.66, 67805291, 2685, 0, 0
28064, 305, 151, 1358, 1, 0, 4.10%, 0, 0, 27, 2399.13, 67817364, 2685, 0, 0
28069, 305, 1296, 1358, 1, 0, 4.10%, 0, 0, 27, 2399.24, 67829439, 2685, 0, 0
28074, 305, 844, 1358, 1, 0, 4.10%, 0, 0, 27, 2379.00, 67841753, 2685, 0, 0
28079, 305, 843, 1358, 1, 0, 4.10%, 0, 0, 27, 2377.23, 67853759, 2685, 0, 0
28084, 305, 672, 1358, 1, 0, 4.10%, 0, 0, 27, 2428.53, 67866403, 2685, 0, 0
28089, 305, 672, 1358, 1, 0, 4.10%, 0, 0, 27, 2385.28, 67878414, 2685, 0, 0
28094, 305, 102, 1358, 1, 0, 4.10%, 0, 0, 27, 2383.45, 67890484, 2685, 0, 0
28100, 305, 900, 1358, 1, 0, 4.10%, 0, 0, 27, 2167.40, 67900389, 2685, 0, 0
28105, 305, 1332, 1358, 1, 0, 4.10%, 0, 0, 27, 2276.78, 67912090, 2685, 0, 0
28110, 305, 358, 1358, 1, 0, 4.10%, 0, 0, 27, 2428.97, 67924557, 2685, 0, 0
28116, 305, 1357, 1358, 1, 0, 4.10%, 0, 0, 27, 2353.77, 67939436, 2685, 0, 0
28121, 305, 1007, 1358, 0, 0, 4.10%, 0, 0, 27, 2296.34, 67950381, 2685, 0, 0
28126, 305, 177, 1358, 0, 0, 4.10%, 0, 0, 27, 2396.02, 67962680, 2685, 0, 0
28132, 305, 823, 1358, 0, 0, 4.10%, 0, 0, 27, 2421.91, 67975428, 2685, 0, 0
28137, 305, 56, 1358, 0, 0, 4.10%, 0, 0, 27, 2368.10, 67987308, 2685, 0, 0
28142, 305, 779, 1358, 0, 0, 4.10%, 0, 0, 27, 2376.92, 67999421, 2685, 0, 0
28147, 305, 1004, 1358, 0, 0, 4.10%, 0, 0, 27, 2451.80, 68011924, 2685, 0, 0
28152, 305, 1194, 1358, 0, 0, 4.10%, 0, 0, 27, 2404.73, 68023832, 2685, 0, 0
28157, 305, 1192, 1358, 0, 0, 4.10%, 0, 0, 27, 2412.51, 68036457, 2685, 0, 0
28162, 305, 892, 1358, 0, 0, 4.10%, 0, 0, 27, 2396.37, 68048615, 2685, 0, 0
28167, 305, 628, 1358, 0, 0, 4.10%, 0, 0, 27, 2460.10, 68060909, 2685, 0, 0
28172, 305, 62, 1358, 0, 0, 4.10%, 0, 0, 27, 2416.27, 68072934, 2685, 0, 0
28177, 305, 600, 1358, 0, 0, 4.10%, 0, 0, 27, 2315.51, 68084387, 2685, 0, 0
28182, 305, 628, 1358, 0, 0, 4.10%, 0, 0, 27, 2220.81, 68095568, 2685, 0, 0
28187, 306, 886, 1358, 0, 0, 4.10%, 0, 0, 27, 2113.10, 68105814, 2685, 0, 0
28192, 306, 402, 1358, 0, 0, 4.10%, 0, 0, 27, 2056.23, 68116541, 2685, 0, 0
28197, 306, 814, 1358, 0, 0, 4.10%, 0, 0, 27, 2374.67, 68128858, 2685, 0, 0
28202, 306, 1111, 1358, 0, 0, 4.10%, 0, 0, 27, 2348.72, 68140705, 2685, 0, 0
28207, 306, 735, 1358, 0, 0, 4.10%, 0, 0, 27, 2374.67, 68152688, 2685, 0, 0
28212, 306, 269, 1358, 0, 0, 4.10%, 0, 0, 27, 2473.75, 68165264, 2685, 0, 0
28218, 306, 1353, 1358, 0, 0, 4.10%, 0, 0, 27, 2451.56, 68177906, 2685, 0, 0
28223, 306, 735, 1358, 0, 0, 4.10%, 0, 0, 27, 2366.74, 68190163, 2685, 0, 0
28228, 306, 719, 1358, 0, 0, 4.10%, 0, 0, 27, 2380.55, 68202138, 2685, 0, 0
28233, 306, 288, 1358, 0, 0, 4.10%, 0, 0, 27, 2395.69, 68214285, 2685, 0, 0
28238, 306, 207, 1358, 0, 0, 4.10%, 0, 0, 27, 2108.35, 68225182, 2685, 0, 0
28243, 306, 113, 1358, 0, 0, 4.10%, 0, 0, 27, 2226.92, 68236671, 2685, 0, 0
28248, 306, 1237, 1358, 0, 0, 4.10%, 0, 0, 27, 2173.35, 68247926, 2685, 0, 0
28253, 306, 787, 1358, 0, 0, 4.10%, 0, 0, 27, 2328.60, 68260165, 2685, 0, 0
28259, 306, 851, 1358, 0, 0, 4.10%, 0, 0, 27, 2422.66, 68272769, 2685, 0, 0
28264, 306, 1031, 1358, 0, 0, 4.10%, 0, 0, 27, 2377.54, 68284737, 2685, 0, 0
28269, 306, 1152, 1358, 0, 0, 4.10%, 0, 0, 27, 2363.18, 68296543, 2685, 0, 0
28274, 306, 693, 1358, 0, 0, 4.10%, 0, 0, 27, 2364.97, 68308499, 2685, 0, 0
28279, 306, 810, 1358, 0, 0, 4.10%, 0, 0, 27, 2381.70, 68320546, 2685, 0, 0
28284, 306, 103, 1358, 0, 0, 4.10%, 0, 0, 27, 2311.59, 68332499, 2685, 0, 0
28289, 306, 775, 1359, 1, 0, 4.10%, 0, 0, 27, 2335.86, 68344106, 2685, 0, 0
28294, 306, 1213, 1359, 1, 0, 4.10%, 0, 0, 27, 2255.92, 68355594, 2685, 0, 0
28300, 306, 1358, 1359, 1, 0, 4.10%, 0, 0, 27, 2251.73, 68368439, 2685, 0, 0
28305, 307, 580, 1360, 1, 0, 4.10%, 0, 0, 27, 2390.26, 68380693, 2685, 0, 0
28310, 307, 10, 1360, 1, 0, 4.10%, 0, 0, 27, 2400.70, 68392393, 2685, 0, 0
28315, 307, 1213, 1360, 1, 0, 4.10%, 0, 0, 27, 2354.54, 68404037, 2685, 0, 0
28320, 307, 1360, 1361, 2, 0, 4.10%, 0, 0, 27, 2338.55, 68415777, 2685, 0, 0
28325, 307, 689, 1361, 1, 0, 4.10%, 0, 0, 27, 2409.85, 68427893, 2685, 0, 0
28330, 307, 531, 1361, 1, 0, 4.10%, 0, 0, 27, 2374.76, 68439718, 2685, 0, 0
28335, 307, 139, 1361, 1, 0, 4.10%, 0, 0, 27, 2478.52, 68452170, 2685, 0, 0
28340, 307, 1186, 1361, 1, 0, 4.10%, 0, 0, 27, 2392.24, 68463919, 2685, 0, 0
28345, 307, 998, 1361, 1, 0, 4.10%, 0, 0, 27, 2416.94, 68475963, 2685, 0, 0
28350, 307, 802, 1361, 1, 0, 4.10%, 0, 0, 27, 2350.56, 68487584, 2685, 0, 0
28355, 307, 1083, 1361, 1, 0, 4.10%, 0, 0, 27, 2346.58, 68499892, 2685, 0, 0
28360, 307, 752, 1361, 0, 0, 4.10%, 0, 0, 27, 2297.71, 68510638, 2685, 0, 0
28366, 307, 1332, 1361, 0, 0, 4.10%, 0, 0, 27, 2383.32, 68522861, 2685, 0, 0
28371, 307, 654, 1361, 0, 0, 4.10%, 0, 0, 27, 2397.09, 68534902, 2685, 0, 0
28376, 307, 622, 1361, 0, 0, 4.10%, 0, 0, 27, 2437.60, 68547125, 2685, 0, 0
28381, 307, 905, 1361, 0, 0, 4.10%, 0, 0, 27, 2409.84, 68559042, 2685, 0, 0
28386, 307, 1255, 1361, 0, 0, 4.10%, 0, 0, 27, 2220.55, 68570127, 2685, 0, 0
28391, 307, 604, 1361, 0, 0, 4.10%, 0, 0, 27, 2248.93, 68581790, 2685, 0, 0
28396, 307, 969, 1361, 0, 0, 4.10%, 0, 0, 27, 2338.03, 68593735, 2685, 0, 0
28401, 307, 1187, 1361, 0, 0, 4.10%, 0, 0, 27, 2294.21, 68605309, 2685, 0, 0
28406, 307, 732, 1361, 0, 0, 4.10%, 0, 0, 27, 2378.46, 68617434, 2685, 0, 0
28411, 307, 1208, 1361, 0, 0, 4.10%, 0, 0, 27, 2313.81, 68628855, 2685, 0, 0
28416, 307, 645, 1361, 0, 0, 4.10%, 0, 0, 27, 2397.16, 68640940, 2685, 0, 0
28421, 307, 121, 1361, 0, 0, 4.10%, 0, 0, 27, 2421.93, 68653094, 2685, 0, 0
28426, 308, 1199, 1361, 0, 0, 4.10%, 0, 0, 27, 2362.98, 68664984, 2685, 0, 0
28431, 308, 524, 1361, 0, 0, 4.10%, 0, 0, 27, 2448.64, 68677667, 2685, 0, 0
28436, 308, 1028, 1361, 0, 0, 4.10%, 0, 0, 27, 2364.77, 68689353, 2685, 0, 0
28441, 308, 998, 1361, 0, 0, 4.10%, 0, 0, 27, 2373.77, 68701062, 2685, 0, 0
28446, 308, 1289, 1361, 0, 0, 4.10%, 0, 0, 27, 2312.99, 68712834, 2685, 0, 0
28451, 308, 714, 1361, 0, 0, 4.10%, 0, 0, 27, 2422.64, 68725190, 2685, 0, 0
28456, 308, 1335, 1361, 0, 0, 4.10%, 0, 0, 27, 2399.42, 68737125, 2685, 0, 0
28462, 308, 667, 1361, 0, 0, 4.10%, 0, 0, 27, 2386.96, 68749040, 2685, 0, 0
28467, 308, 882, 1361, 0, 0, 4.10%, 0, 0, 27, 2322.31, 68760855, 2685, 0, 0
28472, 308, 775, 1361, 0, 0, 4.10%, 0, 0, 27, 2285.80, 68772221, 2685, 0, 0
28477, 308, 989, 1361, 0, 0, 4.10%, 0, 0, 27, 2354.72, 68784209, 2685, 0, 0
28482, 308, 1308, 1361, 0, 0, 4.10%, 0, 0, 27, 2213.75, 68795316, 2685, 0, 0
28487, 308, 633, 1361, 0, 0, 4.10%, 0, 0, 27, 2382.20, 68807534, 2685, 0, 0
28492, 308, 1257, 1361, 0, 0, 4.10%, 0, 0, 27, 2409.80, 68819819, 2685, 0, 0
28497, 308, 539, 1361, 0, 0, 4.10%, 0, 0, 27, 2272.06, 68831077, 2685, 0, 0
28502, 308, 1255, 1361, 0, 0, 4.10%, 0, 0, 27, 2431.14, 68843507, 2685, 0, 0
28507, 308, 1344, 1361, 0, 0, 4.10%, 0, 0, 27, 2273.35, 68854821, 2685, 0, 0
28512, 308, 937, 1361, 0, 0, 4.10%, 0, 0, 27, 2384.63, 68866927, 2685, 0, 0
28517, 308, 288, 1361, 0, 0, 4.10%, 0, 0, 27, 2446.31, 68879601, 2685, 0, 0
28522, 308, 762, 1361, 0, 0, 4.10%, 0, 0, 27, 2360.87, 68891145, 2685, 0, 0
28527, 308, 103, 1361, 0, 0, 4.10%, 0, 0, 27, 2432.60, 68903651, 2685, 0, 0
28532, 308, 70, 1361, 0, 0, 4.10%, 0, 0, 27, 2426.40, 68915852, 2685, 0, 0
28537, 308, 1228, 1361, 0, 0, 4.10%, 0, 0, 27, 2421.62, 68927712, 2685, 0, 0
28542, 308, 796, 1361, 0, 0, 4.10%, 0, 0, 27, 2453.88, 68940097, 2685, 0, 0
28547, 309, 606, 1361, 0, 0, 4.10%, 0, 0, 27, 2444.89, 68952351, 2685, 0, 0
28552, 309, 1222, 1361, 0, 0, 4.10%, 0, 0, 27, 2439.11, 68964518, 2685, 0, 0
28558, 309, 787, 1361, 0, 0, 4.10%, 0, 0, 27, 2371.09, 68976500, 2685, 0, 0
28563, 309, 1329, 1361, 0, 0, 4.10%, 0, 0, 27, 2321.71, 68988269, 2685, 0, 0
28568, 309, 430, 1361, 0, 0, 4.10%, 0, 0, 27, 2343.42, 68999916, 2685, 0, 0
28573, 309, 244, 1361, 0, 0, 4.10%, 0, 0, 27, 2376.13, 69011947, 2685, 0, 0
28578, 309, 853, 1361, 0, 0, 4.10%, 0, 0, 27, 2460.19, 69024872, 2685, 0, 0
28583, 309, 396, 1361, 0, 0, 4.10%, 0, 0, 27, 2445.22, 69037099, 2685, 0, 0
28588, 309, 900, 1361, 0, 0, 4.10%, 0, 0, 27, 2425.76, 69049318, 2685, 0, 0
28593, 309, 969, 1361, 0, 0, 4.10%, 0, 0, 27, 2111.58, 69059551, 2685, 0, 0
28598, 309, 1347, 1361, 0, 0, 4.10%, 0, 0, 27, 2355.00, 69071594, 2685, 0, 0
28603, 309, 625, 1361, 0, 0, 4.10%, 0, 0, 27, 2290.74, 69082868, 2685, 0, 0
28608, 309, 103, 1361, 0, 0, 4.10%, 0, 0, 27, 2328.27, 69094274, 2685, 0, 0
28613, 309, 900, 1361, 0, 0, 4.10%, 0, 0, 27, 2237.45, 69105998, 2685, 0, 0
28618, 309, 1228, 1361, 0, 0, 4.10%, 0, 0, 27, 2378.00, 69118272, 2685, 0, 0
28623, 309, 572, 1361, 0, 0, 4.10%, 0, 0, 27, 2460.05, 69130776, 2685, 0, 0
28628, 309, 486, 1361, 0, 0, 4.10%, 0, 0, 27, 2309.42, 69142697, 2685, 0, 0
28633, 309, 1193, 1361, 0, 0, 4.10%, 0, 0, 27, 2433.79, 69155043, 2685, 0, 0
28638, 309, 71, 1361, 0, 0, 4.10%, 0, 0, 27, 2347.32, 69166699, 2685, 0, 0
28643, 309, 787, 1361, 0, 0, 4.10%, 0, 0, 27, 2399.14, 69178738, 2685, 0, 0
28649, 309, 69, 1361, 0, 0, 4.10%, 0, 0, 27, 2380.37, 69190870, 2685, 0, 0
28654, 309, 900, 1361, 0, 0, 4.10%, 0, 0, 27, 2410.72, 69202869, 2685, 0, 0
28659, 309, 760, 1361, 0, 0, 4.10%, 0, 0, 27, 2043.74, 69212593, 2685, 0, 0
28664, 309, 149, 1361, 0, 0, 4.10%, 0, 0, 27, 2220.79, 69224091, 2685, 0, 0
28669, 310, 1255, 1361, 0, 0, 4.10%, 0, 0, 27, 2416.46, 69236413, 2685, 0, 0
28674, 310, 1228, 1361, 0, 0, 4.10%, 0, 0, 27, 2440.93, 69248642, 2685, 0, 0
28679, 310, 1156, 1361, 0, 0, 4.10%, 0, 0, 27, 2350.52, 69260645, 2685, 0, 0
28684, 310, 853, 1361, 0, 0, 4.10%, 0, 0, 27, 2364.81, 69272649, 2685, 0, 0
28689, 310, 1242, 1361, 0, 0, 4.10%, 0, 0, 27, 2385.65, 69285165, 2685, 0, 0
28694, 310, 853, 1361, 0, 0, 4.10%, 0, 0, 27, 2246.40, 69296292, 2685, 0, 0
28699, 310, 997, 1361, 0, 0, 4.10%, 0, 0, 27, 2241.62, 69307611, 2685, 0, 0
28704, 310, 886, 1361, 0, 0, 4.10%, 0, 0, 27, 2398.91, 69319977, 2685, 0, 0
28709, 310, 980, 1361, 0, 0, 4.10%, 0, 0, 27, 2418.86, 69332334, 2685, 0, 0
28715, 310, 624, 1361, 0, 0, 4.10%, 0, 0, 27, 2446.59, 69344822, 2685, 0, 0
28720, 310, 780, 1361, 0, 0, 4.10%, 0, 0, 27, 2430.33, 69357011, 2685, 0, 0
28725, 310, 752, 1361, 0, 0, 4.10%, 0, 0, 27, 2452.10, 69369371, 2685, 0, 0
28730, 310, 1268, 1361, 0, 0, 4.10%, 0, 0, 27, 2372.86, 69380861, 2685, 0, 0
28735, 310, 915, 1361, 0, 0, 4.10%, 0, 0, 27, 2342.06, 69392644, 2685, 0, 0
28740, 310, 715, 1361, 0, 0, 4.10%, 0, 0, 27, 2373.86, 69404686, 2685, 0, 0
28745, 310, 998, 1361, 0, 0, 4.10%, 0, 0, 27, 2454.43, 69417540, 2685, 0, 0
28750, 310, 1191, 1361, 0, 0, 4.10%, 0, 0, 27, 2258.97, 69428968, 2685, 0, 0
28755, 310, 257, 1361, 0, 0, 4.10%, 0, 0, 27, 2422.28, 69441469, 2685, 0, 0
28760, 310, 781, 1361, 0, 0, 4.10%, 0, 0, 27, 2396.69, 69453522, 2685, 0, 0
28765, 310, 204, 1361, 0, 0, 4.10%, 0, 0, 27, 2433.33, 69465824, 2685, 0, 0
28770, 310, 719, 1361, 0, 0, 4.10%, 0, 0, 27, 2380.08, 69478169, 2685, 0, 0
28775, 310, 1191, 1361, 0, 0, 4.10%, 0, 0, 27, 2374.24, 69489972, 2685, 0, 0
28780, 311, 1312, 1361, 0, 0, 4.10%, 0, 0, 27, 2408.35, 69502322, 2685, 0, 0
28786, 311, 1004, 1361, 0, 0, 4.10%, 0, 0, 27, 2469.32, 69515073, 2685, 0, 0
28791, 311, 997, 1362, 1, 0, 4.10%, 0, 0, 27, 2376.87, 69526759, 2685, 0, 0
28796, 311, 327, 1362, 1, 0, 4.10%, 0, 0, 27, 2379.21, 69538854, 2685, 0, 0
28801, 311, 1228, 1362, 1, 0, 4.10%, 0, 0, 27, 2432.15, 69551133, 2685, 0, 0
28806, 311, 84, 1362, 1, 0, 4.10%, 0, 0, 27, 2410.46, 69563183, 2685, 0, 0
28811, 311, 609, 1362, 1, 0, 4.10%, 0, 0, 27, 2335.53, 69574709, 2685, 0, 0
28816, 311, 754, 1362, 1, 0, 4.10%, 0, 0, 27, 2320.61, 69586023, 2685, 0, 0
28821, 311, 851, 1362, 1, 0, 4.10%, 0, 0, 27, 2424.24, 69598750, 2685, 0, 0
28826, 311, 1168, 1362, 1, 0, 4.10%, 0, 0, 27, 2432.30, 69611052, 2685, 0, 0
28831, 311, 972, 1362, 1, 0, 4.10%, 0, 0, 27, 2341.03, 69622648, 2685, 0, 0
28836, 311, 232, 1362, 1, 0, 4.10%, 0, 0, 27, 2339.46, 69634727, 2685, 0, 0
28841, 311, 735, 1362, 1, 0, 4.10%, 0, 0, 27, 2374.44, 69646682, 2685, 0, 0
28848, 311, 1361, 1362, 1, 0, 4.10%, 0, 0, 27, 2305.65, 69660432, 2685, 0, 0
28853, 311, 1351, 1362, 0, 0, 4.10%, 0, 0, 27, 2101.66, 69671455, 2685, 0, 0
28858, 311, 785, 1362, 0, 0, 4.10%, 0, 0, 27, 2280.59, 69682872, 2685, 0, 0
28863, 311, 628, 1362, 0, 0, 4.10%, 0, 0, 27, 2406.34, 69695499, 2685, 0, 0
28868, 311, 513, 1362, 0, 0, 4.10%, 0, 0, 27, 2259.69, 69706331, 2685, 0, 0
28873, 311, 1264, 1362, 0, 0, 4.10%, 0, 0, 27, 2260.48, 69717556, 2685, 0, 0
28878, 311, 1193, 1363, 0, 0, 4.10%, 0, 0, 27, 1981.41, 69726658, 2685, 0, 0
28883, 311, 1218, 1363, 0, 0, 4.10%, 0, 0, 27, 2240.15, 69738733, 2685, 0, 0
28889, 311, 882, 1363, 0, 0, 4.10%, 0, 0, 27, 2348.84, 69751202, 2685, 0, 0
28894, 311, 508, 1363, 0, 0, 4.10%, 0, 0, 27, 2405.38, 69763580, 2685, 0, 0
28899, 311, 853, 1363, 0, 0, 4.10%, 0, 0, 27, 2406.00, 69775553, 2685, 0, 0
28904, 311, 909, 1363, 0, 0, 4.10%, 0, 0, 27, 2241.96, 69787024, 2685, 0, 0
28909, 312, 896, 1363, 0, 0, 4.10%, 0, 0, 27, 2357.79, 69799387, 2685, 0, 0
28914, 312, 295, 1363, 0, 0, 4.10%, 0, 0, 27, 2181.97, 69810102, 2685, 0, 0
28919, 312, 1225, 1363, 0, 0, 4.10%, 0, 0, 27, 2385.67, 69822282, 2685, 0, 0
28924, 312, 1234, 1363, 0, 0, 4.10%, 0, 0, 27, 2217.57, 69833854, 2685, 0, 0
28929, 312, 754, 1363, 0, 0, 4.10%, 0, 0, 27, 2347.33, 69845875, 2685, 0, 0
28934, 312, 1213, 1363, 0, 0, 4.10%, 0, 0, 27, 2243.82, 69856990, 2685, 0, 0
28939, 312, 1149, 1363, 0, 0, 4.10%, 0, 0, 27, 2436.50, 69869564, 2685, 0, 0
28944, 312, 605, 1363, 0, 0, 4.10%, 0, 0, 27, 2398.97, 69881157, 2685, 0, 0
28949, 312, 1144, 1363, 0, 0, 4.10%, 0, 0, 27, 2337.88, 69892292, 2685, 0, 0
28954, 312, 144, 1363, 0, 0, 4.10%, 0, 0, 27, 2317.68, 69903912, 2685, 0, 0
28959, 312, 851, 1363, 0, 0, 4.10%, 0, 0, 27, 2411.00, 69916204, 2685, 0, 0
28965, 312, 715, 1363, 0, 0, 4.10%, 0, 0, 27, 2409.17, 69929010, 2685, 0, 0
28970, 312, 442, 1363, 0, 0, 4.10%, 0, 0, 27, 2414.02, 69941212, 2685, 0, 0
28975, 312, 84, 1363, 0, 0, 4.10%, 0, 0, 27, 2257.70, 69952912, 2685, 0, 0
28980, 312, 10, 1363, 0, 0, 4.10%, 0, 0, 27, 2303.28, 69964709, 2685, 0, 0
28985, 312, 677, 1363, 0, 0, 4.10%, 0, 0, 27, 2387.32, 69976655, 2685, 0, 0
28990, 312, 240, 1363, 0, 0, 4.10%, 0, 0, 27, 2425.09, 69989287, 2685, 0, 0
28995, 312, 1271, 1363, 0, 0, 4.10%, 0, 0, 27, 2401.72, 70001685, 2685, 0, 0
29000, 312, 1004, 1363, 0, 0, 4.10%, 0, 0, 27, 2411.33, 70014177, 2685, 0, 0
29005, 312, 909, 1363, 0, 0, 4.10%, 0, 0, 27, 2247.89, 70024828, 2685, 0, 0
29010, 312, 689, 1364, 1, 0, 4.10%, 0, 0, 27, 2309.14, 70036480, 2685, 0, 0
29016, 312, 814, 1364, 1, 0, 4.10%, 0, 0, 27, 2384.24, 70048690, 2685, 0, 0
29021, 312, 598, 1364, 1, 0, 4.10%, 0, 0, 27, 2474.27, 70061218, 2685, 0, 0
29026, 313, 851, 1364, 1, 0, 4.10%, 0, 0, 27, 2371.31, 70073184, 2685, 0, 0
29031, 313, 971, 1364, 1, 0, 4.10%, 0, 0, 27, 2426.64, 70085345, 2685, 0, 0
29036, 313, 1238, 1364, 1, 0, 4.10%, 0, 0, 27, 2448.32, 70097814, 2685, 0, 0
29041, 313, 248, 1364, 1, 0, 4.10%, 0, 0, 27, 2430.63, 70109967, 2685, 0, 0
29046, 313, 76, 1364, 1, 0, 4.10%, 0, 0, 27, 2204.05, 70120789, 2685, 0, 0
29051, 313, 537, 1364, 1, 0, 4.10%, 0, 0, 27, 2424.55, 70133286, 2685, 0, 0
29056, 313, 1363, 1364, 1, 0, 4.10%, 0, 0, 27, 2015.06, 70141459, 2685, 0, 0
29061, 313, 592, 1364, 0, 0, 4.10%, 0, 0, 27, 2200.04, 70152238, 2685, 0, 0
29066, 313, 1258, 1364, 0, 0, 4.10%, 0, 0, 27, 2346.41, 70163830, 2685, 0, 0
29071, 313, 735, 1364, 0, 0, 4.10%, 0, 0, 27, 2177.12, 70175103, 2685, 0, 0
29076, 313, 508, 1364, 0, 0, 4.10%, 0, 0, 27, 2381.63, 70187323, 2685, 0, 0
29081, 313, 1225, 1364, 0, 0, 4.10%, 0, 0, 27, 2356.20, 70198717, 2685, 0, 0
29086, 313, 1083, 1364, 0, 0, 4.10%, 0, 0, 27, 2164.89, 70209403, 2685, 0, 0
29091, 313, 791, 1364, 0, 0, 4.10%, 0, 0, 27, 2390.79, 70221401, 2685, 0, 0
29096, 313, 1350, 1365, 1, 0, 4.10%, 0, 0, 27, 2289.20, 70233376, 2685, 0, 0
29101, 313, 11, 1365, 1, 0, 4.10%, 0, 0, 27, 2237.63, 70244603, 2685, 0, 0
29107, 313, 120, 1365, 1, 0, 4.10%, 0, 0, 27, 2413.17, 70257232, 2685, 0, 0
29112, 313, 1364, 1365, 1, 0, 4.10%, 0, 0, 27, 2315.66, 70268735, 2685, 0, 0
29117, 313, 542, 1366, 1, 0, 4.10%, 0, 0, 27, 1860.27, 70275735, 2685, 0, 0
29122, 313, 843, 1366, 1, 0, 4.10%, 0, 0, 27, 2286.13, 70287843, 2685, 0, 0
29128, 313, 1365, 1366, 1, 0, 4.10%, 0, 0, 27, 2157.06, 70299172, 2685, 0, 0
29133, 313, 145, 1366, 0, 0, 4.10%, 0, 0, 27, 2391.93, 70311721, 2685, 0, 0
29138, 313, 103, 1366, 0, 0, 4.10%, 0, 0, 27, 2316.90, 70323364, 2685, 0, 0
29143, 313, 780, 1367, 1, 0, 4.10%, 0, 0, 27, 2422.23, 70335596, 2685, 0, 0
29148, 313, 387, 1367, 0, 0, 4.10%, 0, 0, 27, 2257.34, 70346988, 2685, 0, 0
29153, 313, 1151, 1367, 0, 0, 4.10%, 0, 0, 27, 2298.00, 70358904, 2685, 0, 0
29158, 313, 787, 1367, 0, 0, 4.10%, 0, 0, 27, 2413.75, 70371002, 2685, 0, 0
29163, 314, 969, 1367, 0, 0, 4.10%, 0, 0, 27, 2326.47, 70382663, 2685, 0, 0
29169, 314, 1336, 1367, 0, 0, 4.10%, 0, 0, 27, 2360.68, 70394913, 2685, 0, 0
29174, 314, 882, 1367, 0, 0, 4.10%, 0, 0, 27, 2345.37, 70406258, 2685, 0, 0
29179, 314, 1014, 1367, 0, 0, 4.10%, 0, 0, 27, 2492.52, 70418758, 2685, 0, 0
29184, 314, 588, 1367, 0, 0, 4.10%, 0, 0, 27, 2348.89, 70430871, 2685, 0, 0
29189, 314, 349, 1367, 0, 0, 4.10%, 0, 0, 27, 2356.55, 70442881, 2685, 0, 0
29194, 314, 787, 1368, 1, 0, 4.10%, 0, 0, 27, 2335.56, 70454561, 2685, 0, 0
29199, 314, 886, 1368, 1, 0, 4.10%, 0, 0, 27, 2377.19, 70466520, 2685, 0, 0
29204, 314, 139, 1368, 0, 0, 4.10%, 0, 0, 27, 2109.24, 70474911, 2685, 0, 0
29209, 314, 1365, 1368, 0, 0, 4.10%, 0, 0, 27, 2283.33, 70486702, 2685, 0, 0
29214, 314, 1141, 1368, 0, 0, 4.10%, 0, 0, 27, 2385.74, 70499368, 2685, 0, 0
29219, 314, 729, 1368, 0, 0, 4.10%, 0, 0, 27, 2430.02, 70511412, 2685, 0, 0
29224, 314, 177, 1368, 0, 0, 4.10%, 0, 0, 27, 2257.32, 70522710, 2685, 0, 0
29229, 314, 1360, 1368, 0, 0, 4.10%, 0, 0, 27, 2300.09, 70534534, 2685, 0, 0
29234, 314, 1211, 1368, 0, 0, 4.10%, 0, 0, 27, 2354.58, 70546408, 2685, 0, 0
29239, 314, 42, 1368, 0, 0, 4.10%, 0, 0, 27, 2253.61, 70557439, 2685, 0, 0
29244, 314, 628, 1368, 0, 0, 4.10%, 0, 0, 27, 2326.67, 70569208, 2685, 0, 0
29249, 314, 1013, 1368, 0, 0, 4.10%, 0, 0, 27, 2347.59, 70580858, 2685, 0, 0
29254, 314, 1341, 1368, 0, 0, 4.10%, 0, 0, 27, 2272.94, 70592070, 2685, 0, 0
29260, 314, 1238, 1368, 0, 0, 4.10%, 0, 0, 27, 2304.82, 70604079, 2685, 0, 0
29265, 314, 1007, 1368, 0, 0, 4.10%, 0, 0, 27, 2376.86, 70616192, 2685, 0, 0
29270, 314, 1191, 1368, 0, 0, 4.10%, 0, 0, 27, 2405.15, 70628452, 2685, 0, 0
29275, 314, 649, 1368, 0, 0, 4.10%, 0, 0, 27, 2393.69, 70640515, 2685, 0, 0
29280, 314, 1293, 1368, 0, 0, 4.10%, 0, 0, 27, 2414.26, 70653060, 2685, 0, 0
29285, 314, 167, 1368, 0, 0, 4.10%, 0, 0, 27, 2362.20, 70665189, 2685, 0, 0
29290, 315, 410, 1368, 0, 0, 4.10%, 0, 0, 27, 2361.75, 70676633, 2685, 0, 0
29295, 315, 442, 1368, 0, 0, 4.10%, 0, 0, 27, 2317.18, 70688788, 2685, 0, 0
29300, 315, 1330, 1368, 0, 0, 4.10%, 0, 0, 27, 2419.89, 70700964, 2685, 0, 0
29305, 315, 962, 1368, 0, 0, 4.10%, 0, 0, 27, 2425.06, 70713082, 2685, 0, 0
29310, 315, 672, 1368, 0, 0, 4.10%, 0, 0, 27, 2375.06, 70724799, 2685, 0, 0
29315, 315, 1058, 1368, 0, 0, 4.10%, 0, 0, 27, 2288.63, 70736316, 2685, 0, 0
29321, 315, 56, 1368, 0, 0, 4.10%, 0, 0, 27, 2374.94, 70748560, 2685, 0, 0
29326, 315, 689, 1368, 0, 0, 4.10%, 0, 0, 27, 2366.80, 70760380, 2685, 0, 0
29331, 315, 628, 1368, 0, 0, 4.10%, 0, 0, 27, 2363.92, 70772833, 2685, 0, 0
29336, 315, 997, 1368, 0, 0, 4.10%, 0, 0, 27, 2397.26, 70784874, 2685, 0, 0
29341, 315, 859, 1368, 0, 0, 4.10%, 0, 0, 27, 2458.92, 70797454, 2685, 0, 0
29346, 315, 1339, 1368, 0, 0, 4.10%, 0, 0, 27, 2425.67, 70809659, 2685, 0, 0
29351, 315, 909, 1368, 0, 0, 4.10%, 0, 0, 27, 2120.83, 70819433, 2685, 0, 0
29356, 315, 77, 1368, 0, 0, 4.10%, 0, 0, 27, 2359.58, 70831951, 2685, 0, 0
29361, 315, 1340, 1369, 1, 0, 4.10%, 0, 0, 27, 2351.93, 70843938, 2685, 0, 0
29366, 315, 787, 1369, 1, 0, 4.10%, 0, 0, 27, 2358.22, 70855912, 2685, 0, 0
29371, 315, 375, 1369, 1, 0, 4.10%, 0, 0, 27, 2379.94, 70868010, 2685, 0, 0
29376, 315, 512, 1369, 1, 0, 4.10%, 0, 0, 27, 2314.34, 70879175, 2685, 0, 0
29381, 315, 67, 1369, 1, 0, 4.10%, 0, 0, 27, 2443.08, 70891665, 2685, 0, 0
29386, 315, 823, 1369, 1, 0, 4.10%, 0, 0, 27, 2466.14, 70903937, 2685, 0, 0
29392, 315, 1368, 1369, 1, 0, 4.10%, 0, 0, 27, 2265.79, 70914157, 2685, 0, 0
29397, 315, 735, 1369, 0, 0, 4.10%, 0, 0, 27, 2408.92, 70926099, 2685, 0, 0
29402, 315, 1168, 1369, 0, 0, 4.10%, 0, 0, 27, 2393.53, 70938293, 2685, 0, 0
29407, 316, 882, 1369, 0, 0, 4.10%, 0, 0, 27, 2331.01, 70950020, 2685, 0, 0
29412, 316, 1345, 1369, 0, 0, 4.10%, 0, 0, 27, 2034.65, 70959952, 2685, 0, 0
29417, 316, 843, 1369, 0, 0, 4.10%, 0, 0, 27, 2315.02, 70971966, 2685, 0, 0
29422, 316, 1201, 1369, 0, 0, 4.10%, 0, 0, 27, 2240.66, 70983191, 2685, 0, 0
29427, 316, 134, 1369, 0, 0, 4.10%, 0, 0, 27, 2341.22, 70995294, 2685, 0, 0
29432, 316, 625, 1369, 0, 0, 4.10%, 0, 0, 27, 2407.85, 71007444, 2685, 0, 0
29437, 316, 145, 1369, 0, 0, 4.10%, 0, 0, 27, 2317.76, 71019042, 2685, 0, 0
29443, 316, 697, 1369, 0, 0, 4.10%, 0, 0, 27, 2219.70, 71030906, 2685, 0, 0
29448, 316, 781, 1369, 0, 0, 4.10%, 0, 0, 27, 2256.53, 71042420, 2685, 0, 0
29453, 316, 1134, 1369, 0, 0, 4.10%, 0, 0, 27, 2401.88, 71054533, 2685, 0, 0
29458, 316, 900, 1369, 0, 0, 4.10%, 0, 0, 27, 2420.06, 71066641, 2685, 0, 0
29463, 316, 761, 1369, 0, 0, 4.10%, 0, 0, 27, 2394.65, 71078630, 2685, 0, 0
29468, 316, 1363, 1369, 0, 0, 4.10%, 0, 0, 27, 2141.33, 71089776, 2685, 0, 0
29473, 316, 851, 1369, 0, 0, 4.10%, 0, 0, 27, 2228.31, 71100740, 2685, 0, 0
29478, 316, 715, 1369, 0, 0, 4.10%, 0, 0, 27, 2248.99, 71112027, 2685, 0, 0
29483, 316, 638, 1369, 0, 0, 4.10%, 0, 0, 27, 2288.82, 71123625, 2685, 0, 0
29488, 316, 1338, 1369, 0, 0, 4.10%, 0, 0, 27, 2276.54, 71135338, 2685, 0, 0
29493, 316, 896, 1369, 0, 0, 4.10%, 0, 0, 27, 2326.19, 71146697, 2685, 0, 0
29498, 316, 1348, 1369, 0, 0, 4.10%, 0, 0, 27, 2297.07, 71158305, 2685, 0, 0
29503, 316, 1360, 1369, 0, 0, 4.10%, 0, 0, 27, 2437.19, 71171160, 2685, 0, 0
29508, 316, 779, 1369, 0, 0, 4.10%, 0, 0, 27, 2354.82, 71182635, 2685, 0, 0
29513, 316, 736, 1369, 0, 0, 4.10%, 0, 0, 27, 2437.30, 71194881, 2685, 0, 0
29518, 316, 1334, 1369, 0, 0, 4.10%, 0, 0, 27, 2143.15, 71206040, 2685, 0, 0
29523, 316, 1351, 1369, 0, 0, 4.10%, 0, 0, 27, 1898.67, 71216159, 2685, 0, 0
29529, 316, 1233, 1369, 0, 0, 4.10%, 0, 0, 27, 2208.22, 71228208, 2685, 0, 0
29534, 317, 732, 1369, 0, 0, 4.10%, 0, 0, 27, 2421.59, 71241112, 2685, 0, 0
29539, 317, 422, 1369, 0, 0, 4.10%, 0, 0, 27, 2226.44, 71252387, 2685, 0, 0
29544, 317, 120, 1369, 0, 0, 4.10%, 0, 0, 27, 2385.65, 71264515, 2685, 0, 0
29549, 317, 1320, 1369, 0, 0, 4.10%, 0, 0, 27, 2436.06, 71276891, 2685, 0, 0
29554, 317, 793, 1369, 0, 0, 4.10%, 0, 0, 27, 2206.88, 71287554, 2685, 0, 0
29559, 317, 56, 1369, 0, 0, 4.10%, 0, 0, 27, 2197.84, 71298786, 2685, 0, 0
29564, 317, 525, 1369, 0, 0, 4.10%, 0, 0, 27, 2396.44, 71311565, 2685, 0, 0
29569, 317, 360, 1369, 0, 0, 4.10%, 0, 0, 27, 2298.41, 71322792, 2685, 0, 0
29574, 317, 998, 1369, 0, 0, 4.10%, 0, 0, 27, 2474.83, 71335431, 2685, 0, 0
29580, 317, 1332, 1369, 0, 0, 4.10%, 0, 0, 27, 2444.87, 71348179, 2685, 0, 0
29585, 317, 1223, 1369, 0, 0, 4.10%, 0, 0, 27, 2412.27, 71360356, 2685, 0, 0
29590, 317, 1364, 1369, 0, 0, 4.10%, 0, 0, 27, 2190.02, 71371497, 2685, 0, 0
29595, 317, 682, 1369, 0, 0, 4.10%, 0, 0, 27, 2257.45, 71382284, 2685, 0, 0
29600, 317, 765, 1369, 0, 0, 4.10%, 0, 0, 27, 2241.78, 71394167, 2685, 0, 0
29605, 317, 997, 1369, 0, 0, 4.10%, 0, 0, 27, 2454.30, 71406831, 2685, 0, 0
29610, 317, 1362, 1369, 0, 0, 4.10%, 0, 0, 27, 2313.97, 71418565, 2685, 0, 0
29615, 317, 583, 1369, 0, 0, 4.10%, 0, 0, 27, 2156.71, 71428809, 2685, 0, 0
29620, 317, 1144, 1369, 0, 0, 4.10%, 0, 0, 27, 2345.53, 71440836, 2685, 0, 0
29625, 317, 692, 1369, 0, 0, 4.10%, 0, 0, 27, 2414.95, 71453008, 2685, 0, 0
29630, 317, 998, 1369, 0, 0, 4.10%, 0, 0, 27, 2417.08, 71465154, 2685, 0, 0
29635, 317, 936, 1369, 0, 0, 4.10%, 0, 0, 27, 2427.67, 71477352, 2685, 0, 0
29640, 317, 1228, 1369, 0, 0, 4.10%, 0, 0, 27, 2471.63, 71489934, 2685, 0, 0
29645, 317, 145, 1369, 0, 0, 4.10%, 0, 0, 27, 2321.25, 71501584, 2685, 0, 0
29650, 318, 853, 1369, 0, 0, 4.10%, 0, 0, 27, 2429.70, 71513996, 2685, 0, 0
29656, 318, 1244, 1369, 0, 0, 4.10%, 0, 0, 27, 2405.20, 71526506, 2685, 0, 0
29661, 318, 1071, 1369, 0, 0, 4.10%, 0, 0, 27, 2198.68, 71537449, 2685, 0, 0
29666, 318, 999, 1369, 0, 0, 4.10%, 0, 0, 27, 2346.63, 71549634, 2685, 0, 0
29671, 318, 972, 1369, 0, 0, 4.10%, 0, 0, 27, 2368.39, 71561501, 2685, 0, 0
29676, 318, 928, 1369, 0, 0, 4.10%, 0, 0, 27, 2218.58, 71572218, 2685, 0, 0
29681, 318, 1364, 1369, 0, 0, 4.10%, 0, 0, 27, 2288.72, 71584154, 2685, 0, 0
29686, 318, 909, 1369, 0, 0, 4.10%, 0, 0, 27, 2286.10, 71594960, 2685, 0, 0
29691, 318, 90, 1369, 0, 0, 4.10%, 0, 0, 27, 2410.18, 71607008, 2685, 0, 0
29696, 318, 624, 1369, 0, 0, 4.10%, 0, 0, 27, 2393.77, 71618984, 2685, 0, 0
29701, 318, 84, 1370, 1, 0, 4.10%, 0, 0, 27, 2267.15, 71630785, 2685, 0, 0
29706, 318, 693, 1370, 1, 0, 4.10%, 0, 0, 27, 2372.47, 71642778, 2685, 0, 0
29711, 318, 150, 1370, 1, 0, 4.10%, 0, 0, 27, 2466.60, 71655239, 2685, 0, 0
29716, 318, 1201, 1370, 1, 0, 4.10%, 0, 0, 27, 2419.10, 71667403, 2685, 0, 0
29722, 318, 1369, 1370, 1, 0, 4.10%, 0, 0, 27, 2294.46, 71678619, 2685, 0, 0
29727, 318, 1138, 1370, 0, 0, 4.10%, 0, 0, 27, 2256.43, 71689734, 2685, 0, 0
29732, 318, 682, 1370, 0, 0, 4.10%, 0, 0, 27, 1880.73, 71698588, 2685, 0, 0
29737, 318, 566, 1370, 0, 0, 4.10%, 0, 0, 27, 2283.61, 71710739, 2685, 0, 0
29742, 318, 76, 1370, 0, 0, 4.10%, 0, 0, 27, 2414.87, 71722992, 2685, 0, 0
29747, 318, 1119, 1370, 0, 0, 4.10%, 0, 0, 27, 2186.65, 71734043, 2685, 0, 0
29752, 318, 996, 1370, 0, 0, 4.10%, 0, 0, 27, 2410.99, 71746838, 2685, 0, 0
29757, 318, 760, 1370, 0, 0, 4.10%, 0, 0, 27, 2375.07, 71758682, 2685, 0, 0
29762, 318, 1369, 1370, 0, 0, 4.10%, 0, 0, 27, 2317.03, 71770244, 2685, 0, 0
29767, 318, 693, 1370, 0, 0, 4.10%, 0, 0, 27, 2395.97, 71782316, 2685, 0, 0
29772, 318, 33, 1370, 0, 0, 4.10%, 0, 0, 27, 2358.17, 71794186, 2685, 0, 0
29778, 319, 1218, 1370, 0, 0, 4.10%, 0, 0, 27, 2380.42, 71806602, 2685, 0, 0
29783, 319, 844, 1370, 0, 0, 4.10%, 0, 0, 27, 2380.12, 71819131, 2685, 0, 0
29788, 319, 62, 1370, 0, 0, 4.10%, 0, 0, 27, 2198.41, 71829851, 2685, 0, 0
29793, 319, 1228, 1370, 0, 0, 4.10%, 0, 0, 27, 2275.66, 71841653, 2685, 0, 0
29798, 319, 1243, 1370, 0, 0, 4.10%, 0, 0, 27, 2373.87, 71853843, 2685, 0, 0
29803, 319, 605, 1370, 0, 0, 4.10%, 0, 0, 27, 2369.60, 71865877, 2685, 0, 0
29808, 319, 736, 1370, 0, 0, 4.10%, 0, 0, 27, 2369.54, 71877749, 2685, 0, 0
29813, 319, 1170, 1370, 0, 0, 4.10%, 0, 0, 27, 2317.72, 71889242, 2685, 0, 0
29818, 319, 774, 1370, 0, 0, 4.10%, 0, 0, 27, 2383.50, 71901668, 2685, 0, 0
29824, 319, 548, 1370, 0, 0, 4.10%, 0, 0, 27, 2257.37, 71912102, 2685, 0, 0
29829, 319, 1350, 1370, 0, 0, 4.10%, 0, 0, 27, 2358.19, 71924080, 2685, 0, 0
29834, 319, 977, 1370, 0, 0, 4.10%, 0, 0, 27, 2428.60, 71936004, 2685, 0, 0
29839, 319, 896, 1370, 0, 0, 4.10%, 0, 0, 27, 2452.36, 71948346, 2685, 0, 0
29844, 319, 1005, 1370, 0, 0, 4.10%, 0, 0, 27, 2440.02, 71960975, 2685, 0, 0
29849, 319, 989, 1370, 0, 0, 4.10%, 0, 0, 27, 2433.74, 71973652, 2685, 0, 0
29854, 319, 1169, 1370, 0, 0, 4.10%, 0, 0, 27, 2426.23, 71985596, 2685, 0, 0
29859, 319, 781, 1370, 0, 0, 4.10%, 0, 0, 27, 2425.77, 71997675, 2685, 0, 0
29864, 319, 145, 1370, 0, 0, 4.10%, 0, 0, 27, 2373.32, 72009705, 2685, 0, 0
29869, 319, 1364, 1370, 0, 0, 4.10%, 0, 0, 27, 2072.64, 72020215, 2685, 0, 0
29874, 319, 689, 1370, 0, 0, 4.10%, 0, 0, 27, 2125.93, 72031101, 2685, 0, 0
29879, 319, 795, 1370, 0, 0, 4.10%, 0, 0, 27, 2348.25, 72043287, 2685, 0, 0
29884, 319, 1040, 1370, 0, 0, 4.10%, 0, 0, 27, 2404.35, 72055484, 2685, 0, 0
29889, 319, 1004, 1370, 0, 0, 4.10%, 0, 0, 27, 2130.86, 72066290, 2685, 0, 0
29895, 320, 572, 1370, 0, 0, 4.10%, 0, 0, 27, 2237.12, 72077764, 2685, 0, 0
29900, 320, 1369, 1370, 0, 0, 4.10%, 0, 0, 27, 2331.07, 72089797, 2685, 0, 0
29905, 320, 554, 1370, 0, 0, 4.10%, 0, 0, 27, 2201.60, 72100814, 2685, 0, 0
29910, 320, 782, 1370, 0, 0, 4.10%, 0, 0, 27, 2251.18, 72112087, 2685, 0, 0
29915, 320, 225, 1370, 0, 0, 4.10%, 0, 0, 27, 2372.88, 72124060, 2685, 0, 0
29920, 320, 853, 1370, 0, 0, 4.10%, 0, 0, 27, 2410.99, 72136707, 2685, 0, 0
29925, 320, 288, 1370, 0, 0, 4.10%, 0, 0, 27, 2400.57, 72149159, 2685, 0, 0
29930, 320, 1369, 1370, 0, 0, 4.10%, 0, 0, 27, 2277.05, 72160941, 2685, 0, 0
29935, 320, 886, 1370, 0, 0, 4.10%, 0, 0, 27, 2394.16, 72172899, 2685, 0, 0
29940, 320, 936, 1370, 0, 0, 4.10%, 0, 0, 27, 2380.68, 72184535, 2685, 0, 0
29945, 320, 760, 1370, 0, 0, 4.10%, 0, 0, 27, 2337.31, 72196168, 2685, 0, 0
29950, 320, 600, 1370, 0, 0, 4.10%, 0, 0, 27, 2329.92, 72208122, 2685, 0, 0
29955, 320, 1103, 1370, 0, 0, 4.10%, 0, 0, 27, 2439.72, 72220480, 2685, 0, 0
29961, 320, 1191, 1370, 0, 0, 4.10%, 0, 0, 27, 2410.46, 72232645, 2685, 0, 0
29966, 320, 24, 1370, 0, 0, 4.10%, 0, 0, 27, 2446.57, 72245308, 2685, 0, 0
29971, 320, 468, 1370, 0, 0, 4.10%, 0, 0, 27, 2398.53, 72257230, 2685, 0, 0
29976, 320, 440, 1370, 0, 0, 4.10%, 0, 0, 27, 2276.32, 72268304, 2685, 0, 0
29981, 320, 843, 1370, 0, 0, 4.10%, 0, 0, 27, 2372.68, 72280328, 2685, 0, 0
29986, 320, 802, 1370, 0, 0, 4.10%, 0, 0, 27, 2355.68, 72292572, 2685, 0, 0
29991, 320, 1328, 1370, 0, 0, 4.10%, 0, 0, 27, 2295.83, 72304651, 2685, 0, 0
29996, 320, 1255, 1370, 0, 0, 4.10%, 0, 0, 27, 2265.12, 72315761, 2685, 0, 0
30002, 320, 1168, 1370, 0, 0, 4.10%, 0, 0, 27, 2401.66, 72328171, 2685, 0, 0
30007, 320, 269, 1370, 0, 0, 4.10%, 0, 0, 27, 2306.57, 72339744, 2685, 0, 0
30012, 320, 851, 1370, 0, 0, 4.10%, 0, 0, 27, 2256.05, 72351048, 2685, 0, 0
30017, 321, 638, 1370, 0, 0, 4.10%, 0, 0, 27, 2456.06, 72363646, 2685, 0, 0
30022, 321, 358, 1370, 0, 0, 4.10%, 0, 0, 27, 2454.73, 72375768, 2685, 0, 0
30027, 321, 287, 1370, 0, 0, 4.10%, 0, 0, 27, 2445.40, 72388470, 2685, 0, 0
30032, 321, 257, 1370, 0, 0, 4.10%, 0, 0, 27, 2360.82, 72400414, 2685, 0, 0
30037, 321, 980, 1370, 0, 0, 4.10%, 0, 0, 27, 2339.38, 72412189, 2685, 0, 0
30042, 321, 396, 1370, 0, 0, 4.10%, 0, 0, 27, 2343.55, 72424018, 2685, 0, 0
30047, 321, 1362, 1370, 0, 0, 4.10%, 0, 0, 27, 2283.13, 72435809, 2685, 0, 0
30052, 321, 121, 1370, 0, 0, 4.10%, 0, 0, 27, 2442.79, 72448445, 2685, 0, 0
30057, 321, 1033, 1370, 0, 0, 4.10%, 0, 0, 27, 2405.70, 72460541, 2685, 0, 0
30062, 321, 76, 1370, 0, 0, 4.10%, 0, 0, 27, 2359.06, 72472437, 2685, 0, 0
30067, 321, 1366, 1370, 0, 0, 4.10%, 0, 0, 27, 2329.03, 72484111, 2685, 0, 0
30072, 321, 1228, 1370, 0, 0, 4.10%, 0, 0, 27, 2328.07, 72495957, 2685, 0, 0
30077, 321, 1336, 1370, 0, 0, 4.10%, 0, 0, 27, 2294.68, 72507185, 2685, 0, 0
30082, 321, 600, 1370, 0, 0, 4.10%, 0, 0, 27, 2247.18, 72518978, 2685, 0, 0
30088, 321, 1134, 1370, 0, 0, 4.10%, 0, 0, 27, 2329.68, 72530412, 2685, 0, 0
30093, 321, 96, 1370, 0, 0, 4.10%, 0, 0, 27, 2336.33, 72542161, 2685, 0, 0
30098, 321, 512, 1370, 0, 0, 4.10%, 0, 0, 27, 2387.65, 72554387, 2685, 0, 0
30103, 321, 823, 1370, 0, 0, 4.10%, 0, 0, 27, 2420.87, 72566534, 2685, 0, 0
30108, 321, 236, 1370, 0, 0, 4.10%, 0, 0, 27, 2287.72, 72578030, 2685, 0, 0
30113, 321, 1357, 1370, 0, 0, 4.10%, 0, 0, 27, 2244.66, 72589640, 2685, 0, 0
30118, 321, 295, 1370, 0, 0, 4.10%, 0, 0, 27, 2315.02, 72601505, 2685, 0, 0
30123, 321, 781, 1370, 0, 0, 4.10%, 0, 0, 27, 2384.51, 72614078, 2685, 0, 0
30128, 321, 886, 1370, 0, 0, 4.10%, 0, 0, 27, 2377.23, 72626453, 2685, 0, 0
30133, 322, 896, 1370, 0, 0, 4.10%, 0, 0, 27, 2417.05, 72638809, 2685, 0, 0
30138, 322, 1134, 1370, 0, 0, 4.10%, 0, 0, 27, 2407.06, 72650903, 2685, 0, 0
30143, 322, 1134, 1370, 0, 0, 4.10%, 0, 0, 27, 2417.96, 72663186, 2685, 0, 0
30149, 322, 54, 1370, 0, 0, 4.10%, 0, 0, 27, 2338.23, 72675386, 2685, 0, 0
30154, 322, 851, 1370, 0, 0, 4.10%, 0, 0, 27, 2323.83, 72687566, 2685, 0, 0
30159, 322, 603, 1370, 0, 0, 4.10%, 0, 0, 27, 2226.43, 72698766, 2685, 0, 0
30164, 322, 165, 1370, 0, 0, 4.10%, 0, 0, 27, 2417.13, 72711163, 2685, 0, 0
30169, 322, 537, 1370, 0, 0, 4.10%, 0, 0, 27, 2371.98, 72723309, 2685, 0, 0
30174, 322, 752, 1370, 0, 0, 4.10%, 0, 0, 27, 2356.29, 72734864, 2685, 0, 0
30179, 322, 578, 1370, 0, 0, 4.10%, 0, 0, 27, 2355.72, 72746976, 2685, 0, 0
30184, 322, 1013, 1370, 0, 0, 4.10%, 0, 0, 27, 2350.56, 72758855, 2685, 0, 0
30189, 322, 785, 1370, 0, 0, 4.10%, 0, 0, 27, 2420.68, 72771284, 2685, 0, 0
30194, 322, 1307, 1370, 0, 0, 4.10%, 0, 0, 27, 2478.26, 72784008, 2685, 0, 0
30199, 322, 1228, 1370, 0, 0, 4.10%, 0, 0, 27, 2368.96, 72796260, 2685, 0, 0
30205, 322, 736, 1370, 0, 0, 4.10%, 0, 0, 27, 2478.22, 72809184, 2685, 0, 0
30210, 322, 893, 1370, 0, 0, 4.10%, 0, 0, 27, 2299.22, 72820378, 2685, 0, 0
30215, 322, 1278, 1370, 0, 0, 4.10%, 0, 0, 27, 2356.43, 72832484, 2685, 0, 0
30220, 322, 823, 1370, 0, 0, 4.10%, 0, 0, 27, 2250.74, 72843839, 2685, 0, 0
30225, 322, 236, 1370, 0, 0, 4.10%, 0, 0, 27, 2441.86, 72856786, 2685, 0, 0
30230, 322, 1007, 1370, 0, 0, 4.10%, 0, 0, 27, 2412.53, 72869184, 2685, 0, 0
30235, 322, 1343, 1370, 0, 0, 4.10%, 0, 0, 27, 2377.47, 72881251, 2685, 0, 0
30240, 322, 1083, 1370, 0, 0, 4.10%, 0, 0, 27, 2295.77, 72892803, 2685, 0, 0
30246, 322, 843, 1370, 0, 0, 4.10%, 0, 0, 27, 2399.29, 72905382, 2685, 0, 0
30251, 323, 857, 1370, 0, 0, 4.10%, 0, 0, 27, 2375.28, 72917067, 2685, 0, 0
30256, 323, 785, 1370, 0, 0, 4.10%, 0, 0, 27, 2408.16, 72929557, 2685, 0, 0
30261, 323, 236, 1370, 0, 0, 4.10%, 0, 0, 27, 2384.02, 72941555, 2685, 0, 0
30266, 323, 1058, 1370, 0, 0, 4.10%, 0, 0, 27, 2410.84, 72954127, 2685, 0, 0
30271, 323, 689, 1370, 0, 0, 4.10%, 0, 0, 27, 2351.05, 72965582, 2685, 0, 0
30276, 323, 738, 1370, 0, 0, 4.10%, 0, 0, 27, 2335.26, 72977232, 2685, 0, 0
30281, 323, 998, 1370, 0, 0, 4.10%, 0, 0, 27, 2289.76, 72989002, 2685, 0, 0
30286, 323, 797, 1370, 0, 0, 4.10%, 0, 0, 27, 2344.58, 73000795, 2685, 0, 0
30291, 323, 1320, 1370, 0, 0, 4.10%, 0, 0, 27, 2189.50, 73012198, 2685, 0, 0
30296, 323, 1078, 1370, 0, 0, 4.10%, 0, 0, 27, 2393.23, 73024574, 2685, 0, 0
30301, 323, 375, 1370, 0, 0, 4.10%, 0, 0, 27, 2450.66, 73036834, 2685, 0, 0
30306, 323, 896, 1370, 0, 0, 4.10%, 0, 0, 27, 2391.37, 73048423, 2685, 0, 0
30311, 323, 1360, 1370, 0, 0, 4.10%, 0, 0, 27, 2355.17, 73059960, 2685, 0, 0
30316, 323, 991, 1370, 0, 0, 4.10%, 0, 0, 27, 2378.14, 73071719, 2685, 0, 0
30321, 323, 144, 1370, 0, 0, 4.10%, 0, 0, 27, 2061.23, 73081988, 2685, 0, 0
30326, 323, 663, 1370, 0, 0, 4.10%, 0, 0, 27, 2170.47, 73092931, 2685, 0, 0
30331, 323, 1320, 1370, 0, 0, 4.10%, 0, 0, 27, 2044.55, 73103660, 2685, 0, 0
30337, 323, 1083, 1370, 0, 0, 4.10%, 0, 0, 27, 2193.28, 73115035, 2685, 0, 0
30342, 323, 1323, 1370, 0, 0, 4.10%, 0, 0, 27, 2162.37, 73125917, 2685, 0, 0
30347, 323, 780, 1370, 0, 0, 4.10%, 0, 0, 27, 2295.57, 73138015, 2685, 0, 0
30352, 323, 508, 1370, 0, 0, 4.10%, 0, 0, 27, 2326.94, 73149544, 2685, 0, 0
30357, 323, 882, 1370, 0, 0, 4.10%, 0, 0, 27, 2370.35, 73161577, 2685, 0, 0
30362, 323, 1170, 1370, 0, 0, 4.10%, 0, 0, 27, 2216.18, 73172702, 2685, 0, 0
30367, 323, 752, 1370, 0, 0, 4.10%, 0, 0, 27, 2371.79, 73184630, 2685, 0, 0
30372, 324, 861, 1370, 0, 0, 4.10%, 0, 0, 27, 2394.24, 73196558, 2685, 0, 0
30377, 324, 969, 1370, 0, 0, 4.10%, 0, 0, 27, 2125.41, 73207008, 2685, 0, 0
30382, 324, 444, 1370, 0, 0, 4.10%, 0, 0, 27, 2260.73, 73218600, 2685, 0, 0
30387, 324, 600, 1370, 0, 0, 4.10%, 0, 0, 27, 2301.49, 73230228, 2685, 0, 0
30392, 324, 1161, 1370, 0, 0, 4.10%, 0, 0, 27, 2370.35, 73242567, 2685, 0, 0
30397, 324, 1074, 1370, 0, 0, 4.10%, 0, 0, 27, 2430.06, 73254576, 2685, 0, 0
30402, 324, 1351, 1370, 0, 0, 4.10%, 0, 0, 27, 2376.44, 73267051, 2685, 0, 0
30407, 324, 1191, 1370, 0, 0, 4.10%, 0, 0, 27, 2341.79, 73278279, 2685, 0, 0
30412, 324, 787, 1370, 0, 0, 4.10%, 0, 0, 27, 2299.46, 73289872, 2685, 0, 0
30418, 324, 646, 1370, 0, 0, 4.10%, 0, 0, 27, 2466.68, 73302828, 2685, 0, 0
30423, 324, 177, 1370, 0, 0, 4.10%, 0, 0, 27, 2399.33, 73315178, 2685, 0, 0
30428, 324, 1343, 1370, 0, 0, 4.10%, 0, 0, 27, 2382.49, 73326978, 2685, 0, 0
30433, 324, 780, 1370, 0, 0, 4.10%, 0, 0, 27, 2352.71, 73338516, 2685, 0, 0
30438, 324, 1003, 1370, 0, 0, 4.10%, 0, 0, 27, 2359.82, 73350386, 2685, 0, 0
30443, 324, 684, 1370, 0, 0, 4.10%, 0, 0, 27, 2327.52, 73362112, 2685, 0, 0
30448, 324, 853, 1370, 0, 0, 4.10%, 0, 0, 27, 2329.87, 73373837, 2685, 0, 0
30453, 324, 1168, 1370, 0, 0, 4.10%, 0, 0, 27, 2277.72, 73385477, 2685, 0, 0
30458, 324, 782, 1370, 0, 0, 4.10%, 0, 0, 27, 2375.30, 73397476, 2685, 0, 0
30463, 324, 569, 1370, 0, 0, 4.10%, 0, 0, 27, 2207.98, 73408761, 2685, 0, 0
30468, 324, 805, 1370, 0, 0, 4.10%, 0, 0, 27, 2376.78, 73420752, 2685, 0, 0
30474, 324, 1168, 1370, 0, 0, 4.10%, 0, 0, 27, 2336.14, 73433028, 2685, 0, 0
30479, 324, 456, 1370, 0, 0, 4.10%, 0, 0, 27, 2470.47, 73445648, 2685, 0, 0
30484, 324, 1272, 1370, 0, 0, 4.10%, 0, 0, 27, 2335.65, 73457044, 2685, 0, 0
30489, 324, 622, 1370, 0, 0, 4.10%, 0, 0, 27, 2390.98, 73469215, 2685, 0, 0
30494, 325, 645, 1370, 0, 0, 4.10%, 0, 0, 27, 2447.39, 73481571, 2685, 0, 0
30499, 325, 42, 1370, 0, 0, 4.10%, 0, 0, 27, 2466.45, 73494001, 2685, 0, 0
30504, 325, 527, 1370, 0, 0, 4.10%, 0, 0, 27, 2439.09, 73506301, 2685, 0, 0
30509, 325, 944, 1370, 0, 0, 4.10%, 0, 0, 27, 2160.13, 73517403, 2685, 0, 0
30514, 325, 787, 1370, 0, 0, 4.10%, 0, 0, 27, 2266.61, 73529172, 2685, 0, 0
30519, 325, 980, 1370, 0, 0, 4.10%, 0, 0, 27, 2406.76, 73541350, 2685, 0, 0
30524, 325, 1228, 1370, 0, 0, 4.10%, 0, 0, 27, 2090.30, 73550991, 2685, 0, 0
30529, 325, 14, 1370, 0, 0, 4.10%, 0, 0, 27, 2261.71, 73562221, 2685, 0, 0
30534, 325, 1351, 1370, 0, 0, 4.10%, 0, 0, 27, 2315.29, 73574048, 2685, 0, 0
30539, 325, 735, 1370, 0, 0, 4.10%, 0, 0, 27, 2343.04, 73585486, 2685, 0, 0
30545, 325, 1070, 1370, 0, 0, 4.10%, 0, 0, 27, 2410.13, 73598069, 2685, 0, 0
30550, 325, 1004, 1370, 0, 0, 4.10%, 0, 0, 27, 2375.22, 73610549, 2685, 0, 0
30555, 325, 900, 1370, 0, 0, 4.10%, 0, 0, 27, 2384.19, 73622524, 2685, 0, 0
30560, 325, 191, 1370, 0, 0, 4.10%, 0, 0, 27, 2401.61, 73634671, 2685, 0, 0
30565, 325, 1168, 1370, 0, 0, 4.10%, 0, 0, 27, 2411.59, 73646817, 2685, 0, 0
30570, 325, 1076, 1370, 0, 0, 4.10%, 0, 0, 27, 2235.23, 73657016, 2685, 0, 0
30575, 325, 750, 1370, 0, 0, 4.10%, 0, 0, 27, 2295.41, 73668740, 2685, 0, 0
30580, 325, 802, 1370, 0, 0, 4.10%, 0, 0, 27, 2341.26, 73680614, 2685, 0, 0
30585, 325, 1213, 1370, 0, 0, 4.10%, 0, 0, 27, 2196.13, 73691577, 2685, 0, 0
30590, 325, 672, 1370, 0, 0, 4.10%, 0, 0, 27, 2387.71, 73704142, 2685, 0, 0
30595, 325, 787, 1370, 0, 0, 4.10%, 0, 0, 27, 2406.23, 73716102, 2685, 0, 0
30600, 325, 1096, 1370, 0, 0, 4.10%, 0, 0, 27, 2461.66, 73728537, 2685, 0, 0
30605, 325, 948, 1370, 0, 0, 4.10%, 0, 0, 27, 2474.10, 73740911, 2685, 0, 0
30610, 326, 1171, 1370, 0, 0, 4.10%, 0, 0, 27, 2389.52, 73752836, 2685, 0, 0
30615, 326, 636, 1370, 0, 0, 4.10%, 0, 0, 27, 2374.40, 73764764, 2685, 0, 0
30620, 326, 1023, 1370, 0, 0, 4.10%, 0, 0, 27, 2415.56, 73776866, 2685, 0, 0
30625, 326, 689, 1370, 0, 0, 4.10%, 0, 0, 27, 2337.93, 73788600, 2685, 0, 0
30631, 326, 630, 1370, 0, 0, 4.10%, 0, 0, 27, 2394.11, 73800792, 2685, 0, 0
30636, 326, 785, 1370, 0, 0, 4.10%, 0, 0, 27, 2424.32, 73812866, 2685, 0, 0
30641, 326, 969, 1370, 0, 0, 4.10%, 0, 0, 27, 2313.31, 73824994, 2685, 0, 0
30646, 326, 1366, 1370, 0, 0, 4.10%, 0, 0, 27, 2392.78, 73836957, 2685, 0, 0
30651, 326, 481, 1370, 0, 0, 4.10%, 0, 0, 27, 2439.79, 73849412, 2685, 0, 0
30656, 326, 342, 1370, 0, 0, 4.10%, 0, 0, 27, 2378.66, 73861089, 2685, 0, 0
30661, 326, 1119, 1370, 0, 0, 4.10%, 0, 0, 27, 2199.98, 73872136, 2685, 0, 0
30666, 326, 749, 1370, 0, 0, 4.10%, 0, 0, 27, 2420.52, 73884610, 2685, 0, 0
30671, 326, 1251, 1370, 0, 0, 4.10%, 0, 0, 27, 2371.31, 73896652, 2685, 0, 0
30676, 326, 1112, 1370, 0, 0, 4.10%, 0, 0, 27, 2330.45, 73908490, 2685, 0, 0
30681, 326, 600, 1370, 0, 0, 4.10%, 0, 0, 27, 2422.83, 73920810, 2685, 0, 0
30686, 326, 689, 1370, 0, 0, 4.10%, 0, 0, 27, 2291.72, 73932389, 2685, 0, 0
30691, 326, 600, 1370, 0, 0, 4.10%, 0, 0, 27, 2449.38, 73944832, 2685, 0, 0
30696, 326, 1083, 1370, 0, 0, 4.10%, 0, 0, 27, 2430.33, 73957059, 2685, 0, 0
30701, 326, 1237, 1370, 0, 0, 4.10%, 0, 0, 27, 2342.18, 73968910, 2685, 0, 0
30706, 326, 1313, 1370, 0, 0, 4.10%, 0, 0, 27, 2426.86, 73981307, 2685, 0, 0
30711, 326, 735, 1370, 0, 0, 4.10%, 0, 0, 27, 2390.75, 73992916, 2685, 0, 0
30716, 326, 1228, 1370, 0, 0, 4.10%, 0, 0, 27, 2501.31, 74005661, 2685, 0, 0
30722, 326, 1125, 1370, 0, 0, 4.10%, 0, 0, 27, 2239.44, 74016884, 2685, 0, 0
30727, 327, 139, 1370, 0, 0, 4.10%, 0, 0, 27, 2297.80, 74028289, 2685, 0, 0
30732, 327, 1330, 1370, 0, 0, 4.10%, 0, 0, 27, 2450.33, 74041040, 2685, 0, 0
30737, 327, 158, 1370, 0, 0, 4.10%, 0, 0, 27, 2277.53, 74052234, 2685, 0, 0
30742, 327, 1344, 1370, 0, 0, 4.10%, 0, 0, 27, 2415.96, 74064584, 2685, 0, 0
30747, 327, 1198, 1370, 0, 0, 4.10%, 0, 0, 27, 2408.41, 74076886, 2685, 0, 0
30752, 327, 545, 1370, 0, 0, 4.10%, 0, 0, 27, 2344.02, 74088436, 2685, 0, 0
30757, 327, 729, 1370, 0, 0, 4.10%, 0, 0, 27, 2356.39, 74100432, 2685, 0, 0
30762, 327, 1194, 1370, 0, 0, 4.10%, 0, 0, 27, 2245.65, 74111902, 2685, 0, 0
30767, 327, 1007, 1370, 0, 0, 4.10%, 0, 0, 27, 2228.50, 74123020, 2685, 0, 0
30772, 327, 1007, 1370, 0, 0, 4.10%, 0, 0, 27, 2354.13, 74135165, 2685, 0, 0
30777, 327, 1295, 1370, 0, 0, 4.10%, 0, 0, 27, 2407.05, 74147731, 2685, 0, 0
30782, 327, 1337, 1370, 0, 0, 4.10%, 0, 0, 27, 2294.34, 74159129, 2685, 0, 0
30787, 327, 583, 1370, 0, 0, 4.10%, 0, 0, 27, 2352.29, 74170783, 2685, 0, 0
30792, 327, 1007, 1370, 0, 0, 4.10%, 0, 0, 27, 2354.51, 74182534, 2685, 0, 0
30797, 327, 1020, 1370, 0, 0, 4.10%, 0, 0, 27, 2361.35, 74194326, 2685, 0, 0
30802, 327, 223, 1370, 0, 0, 4.10%, 0, 0, 27, 2433.23, 74206633, 2685, 0, 0
30807, 327, 316, 1370, 0, 0, 4.10%, 0, 0, 27, 2110.77, 74216126, 2685, 0, 0
30813, 327, 1168, 1370, 0, 0, 4.10%, 0, 0, 27, 2177.13, 74227364, 2685, 0, 0
30818, 327, 735, 1370, 0, 0, 4.10%, 0, 0, 27, 2338.86, 74239277, 2685, 0, 0
30823, 327, 1368, 1370, 0, 0, 4.10%, 0, 0, 27, 2276.38, 74250938, 2685, 0, 0
30828, 327, 936, 1370, 0, 0, 4.10%, 0, 0, 27, 2414.43, 74263552, 2685, 0, 0
30833, 327, 1196, 1370, 0, 0, 4.10%, 0, 0, 27, 2412.26, 74275656, 2685, 0, 0
30838, 327, 843, 1370, 0, 0, 4.10%, 0, 0, 27, 2295.65, 74287050, 2685, 0, 0
30843, 327, 257, 1370, 0, 0, 4.10%, 0, 0, 27, 2359.45, 74299729, 2685, 0, 0
30848, 328, 602, 1370, 0, 0, 4.10%, 0, 0, 27, 2392.80, 74311682, 2685, 0, 0
30853, 328, 997, 1370, 0, 0, 4.10%, 0, 0, 27, 2402.70, 74323445, 2685, 0, 0
30858, 328, 486, 1370, 0, 0, 4.10%, 0, 0, 27, 2437.56, 74335550, 2685, 0, 0
30863, 328, 605, 1370, 0, 0, 4.10%, 0, 0, 27, 2450.52, 74347706, 2685, 0, 0
30868, 328, 1334, 1370, 0, 0, 4.10%, 0, 0, 27, 2375.76, 74359977, 2685, 0, 0
30873, 328, 851, 1370, 0, 0, 4.10%, 0, 0, 27, 2399.04, 74371949, 2685, 0, 0
30879, 328, 1056, 1370, 0, 0, 4.10%, 0, 0, 27, 2444.46, 74384755, 2685, 0, 0
30884, 328, 1081, 1370, 0, 0, 4.10%, 0, 0, 27, 2450.66, 74397252, 2685, 0, 0
30889, 328, 672, 1370, 0, 0, 4.10%, 0, 0, 27, 2443.96, 74409521, 2685, 0, 0
30894, 328, 719, 1370, 0, 0, 4.10%, 0, 0, 27, 2396.13, 74421630, 2685, 0, 0
30899, 328, 882, 1370, 0, 0, 4.10%, 0, 0, 27, 2444.29, 74433850, 2685, 0, 0
30904, 328, 810, 1370, 0, 0, 4.10%, 0, 0, 27, 2309.21, 74445177, 2685, 0, 0
30909, 328, 1243, 1370, 0, 0, 4.10%, 0, 0, 27, 2426.32, 74457971, 2685, 0, 0
30914, 328, 649, 1370, 0, 0, 4.10%, 0, 0, 27, 2348.51, 74469673, 2685, 0, 0
30919, 328, 569, 1370, 0, 0, 4.10%, 0, 0, 27, 2149.63, 74480636, 2685, 0, 0
30924, 328, 1364, 1370, 0, 0, 4.10%, 0, 0, 27, 2073.92, 74492126, 2685, 0, 0
30930, 328, 1262, 1370, 0, 0, 4.10%, 0, 0, 27, 2380.91, 74505068, 2685, 0, 0
30935, 328, 1314, 1370, 0, 0, 4.10%, 0, 0, 27, 2310.75, 74516740, 2685, 0, 0
30940, 328, 889, 1370, 0, 0, 4.10%, 0, 0, 27, 2338.14, 74528332, 2685, 0, 0
30945, 328, 1339, 1370, 0, 0, 4.10%, 0, 0, 27, 2225.04, 74540137, 2685, 0, 0
30950, 328, 503, 1370, 0, 0, 4.10%, 0, 0, 27, 1931.48, 74549078, 2685, 0, 0
30955, 328, 46, 1370, 0, 0, 4.10%, 0, 0, 27, 2298.71, 74561142, 2685, 0, 0
30960, 328, 1315, 1370, 0, 0, 4.10%, 0, 0, 27, 2256.89, 74572654, 2685, 0, 0
30965, 328, 609, 1370, 0, 0, 4.10%, 0, 0, 27, 2337.78, 74584598, 2685, 0, 0
30970, 329, 1286, 1370, 0, 0, 4.10%, 0, 0, 27, 2419.76, 74596861, 2685, 0, 0
30975, 329, 903, 1370, 0, 0, 4.10%, 0, 0, 27, 2407.61, 74608965, 2685, 0, 0
30980, 329, 667, 1370, 0, 0, 4.10%, 0, 0, 27, 2418.07, 74621023, 2685, 0, 0
30985, 329, 969, 1370, 0, 0, 4.10%, 0, 0, 27, 2437.74, 74633160, 2685, 0, 0
30990, 329, 1183, 1370, 0, 0, 4.10%, 0, 0, 27, 2250.95, 74644754, 2685, 0, 0
30996, 329, 823, 1370, 0, 0, 4.10%, 0, 0, 27, 2360.20, 74656968, 2685, 0, 0
31001, 329, 1007, 1370, 0, 0, 4.10%, 0, 0, 27, 2364.83, 74668512, 2685, 0, 0
31006, 329, 1058, 1370, 0, 0, 4.10%, 0, 0, 27, 2432.44, 74681151, 2685, 0, 0
31011, 329, 11, 1370, 0, 0, 4.10%, 0, 0, 27, 2403.45, 74693174, 2685, 0, 0
31016, 329, 936, 1370, 0, 0, 4.10%, 0, 0, 27, 2445.93, 74705463, 2685, 0, 0
31021, 329, 693, 1370, 0, 0, 4.10%, 0, 0, 27, 2356.79, 74717194, 2685, 0, 0
31026, 329, 1016, 1370, 0, 0, 4.10%, 0, 0, 27, 2425.53, 74729137, 2685, 0, 0
31031, 329, 605, 1370, 0, 0, 4.10%, 0, 0, 27, 2323.07, 74740716, 2685, 0, 0
31036, 329, 775, 1370, 0, 0, 4.10%, 0, 0, 27, 2382.58, 74752911, 2685, 0, 0
31041, 329, 285, 1370, 0, 0, 4.10%, 0, 0, 27, 2206.23, 74763156, 2685, 0, 0
31046, 329, 752, 1370, 0, 0, 4.10%, 0, 0, 27, 2238.30, 74774577, 2685, 0, 0
31051, 329, 774, 1370, 0, 0, 4.10%, 0, 0, 27, 2390.12, 74786682, 2685, 0, 0
31056, 329, 1134, 1370, 0, 0, 4.10%, 0, 0, 27, 2391.96, 74798426, 2685, 0, 0
31061, 329, 1342, 1370, 0, 0, 4.10%, 0, 0, 27, 2452.89, 74811095, 2685, 0, 0
31066, 329, 1134, 1370, 0, 0, 4.10%, 0, 0, 27, 2361.22, 74823026, 2685, 0, 0
31071, 329, 144, 1371, 1, 0, 4.10%, 0, 0, 27, 2159.04, 74833881, 2685, 0, 0
31077, 329, 1192, 1371, 1, 0, 4.10%, 0, 0, 27, 2345.98, 74846162, 2685, 0, 0
31082, 329, 1058, 1371, 1, 0, 4.10%, 0, 0, 27, 2161.40, 74857511, 2685, 0, 0
31087, 330, 1036, 1371, 1, 0, 4.10%, 0, 0, 27, 2307.89, 74869179, 2685, 0, 0
31093, 330, 1370, 1371, 1, 0, 4.10%, 0, 0, 27, 2086.90, 74880784, 2685, 0, 0
31098, 330, 537, 1371, 0, 0, 4.10%, 0, 0, 27, 2209.41, 74891728, 2685, 0, 0
31103, 330, 787, 1371, 0, 0, 4.10%, 0, 0, 27, 2292.00, 74903354, 2685, 0, 0
31108, 330, 1150, 1371, 0, 0, 4.10%, 0, 0, 27, 2400.83, 74915757, 2685, 0, 0
31113, 330, 572, 1371, 0, 0, 4.10%, 0, 0, 27, 2280.64, 74926729, 2685, 0, 0
31118, 330, 793, 1371, 0, 0, 4.10%, 0, 0, 27, 2430.78, 74939455, 2685, 0, 0
31123, 330, 77, 1371, 0, 0, 4.10%, 0, 0, 27, 2347.33, 74951205, 2685, 0, 0
31129, 330, 1201, 1371, 0, 0, 4.10%, 0, 0, 27, 2340.23, 74963030, 2685, 0, 0
31134, 330, 604, 1371, 0, 0, 4.10%, 0, 0, 27, 2441.10, 74975772, 2685, 0, 0
31139, 330, 174, 1371, 0, 0, 4.10%, 0, 0, 27, 2382.00, 74988056, 2685, 0, 0
31144, 330, 1364, 1371, 0, 0, 4.10%, 0, 0, 27, 2482.22, 75000733, 2685, 0, 0
31149, 330, 1201, 1371, 0, 0, 4.10%, 0, 0, 27, 2396.58, 75012619, 2685, 0, 0
31154, 330, 589, 1371, 0, 0, 4.10%, 0, 0, 27, 2297.10, 75024101, 2685, 0, 0
31159, 330, 215, 1371, 0, 0, 4.10%, 0, 0, 27, 2288.88, 75035856, 2685, 0, 0
31164, 330, 1344, 1371, 0, 0, 4.10%, 0, 0, 27, 2290.73, 75047457, 2685, 0, 0
31169, 330, 1257, 1371, 0, 0, 4.10%, 0, 0, 27, 2228.45, 75058887, 2685, 0, 0
31174, 330, 1363, 1371, 0, 0, 4.10%, 0, 0, 27, 2014.65, 75069293, 2685, 0, 0
31179, 330, 324, 1371, 0, 0, 4.10%, 0, 0, 27, 2184.98, 75080898, 2685, 0, 0
31184, 330, 693, 1371, 0, 0, 4.10%, 0, 0, 27, 2231.47, 75092249, 2685, 0, 0
31189, 330, 774, 1371, 0, 0, 4.10%, 0, 0, 27, 2296.10, 75103935, 2685, 0, 0
31194, 330, 1342, 1371, 0, 0, 4.10%, 0, 0, 27, 2276.42, 75115605, 2685, 0, 0
31200, 330, 207, 1371, 0, 0, 4.10%, 0, 0, 27, 2342.35, 75127526, 2685, 0, 0
31205, 330, 1191, 1371, 0, 0, 4.10%, 0, 0, 27, 2299.87, 75139295, 2685, 0, 0
31210, 330, 687, 1371, 0, 0, 4.10%, 0, 0, 27, 2277.40, 75150795, 2685, 0, 0
31215, 330, 1368, 1371, 0, 0, 4.10%, 0, 0, 27, 2203.50, 75162040, 2685, 0, 0
31220, 331, 701, 1371, 0, 0, 4.10%, 0, 0, 27, 2303.04, 75173825, 2685, 0, 0
31225, 331, 1338, 1371, 0, 0, 4.10%, 0, 0, 27, 2210.57, 75185530, 2685, 0, 0
31230, 331, 732, 1371, 0, 0, 4.10%, 0, 0, 27, 2283.13, 75197295, 2685, 0, 0
31235, 331, 424, 1371, 0, 0, 4.10%, 0, 0, 27, 2180.90, 75208559, 2685, 0, 0
31240, 331, 578, 1371, 0, 0, 4.10%, 0, 0, 27, 2339.17, 75220343, 2685, 0, 0
31246, 331, 729, 1371, 0, 0, 4.10%, 0, 0, 27, 2414.53, 75232977, 2685, 0, 0
31251, 331, 1255, 1371, 0, 0, 4.10%, 0, 0, 27, 2405.47, 75245172, 2685, 0, 0
31256, 331, 934, 1371, 0, 0, 4.10%, 0, 0, 27, 2443.74, 75257466, 2685, 0, 0
31261, 331, 600, 1371, 0, 0, 4.10%, 0, 0, 27, 2279.03, 75268715, 2685, 0, 0
31266, 331, 779, 1371, 0, 0, 4.10%, 0, 0, 27, 2348.60, 75280435, 2685, 0, 0
31271, 331, 729, 1371, 0, 0, 4.10%, 0, 0, 27, 2250.56, 75291168, 2685, 0, 0
31276, 331, 1276, 1371, 0, 0, 4.10%, 0, 0, 27, 2358.98, 75303046, 2685, 0, 0
31281, 331, 843, 1371, 0, 0, 4.10%, 0, 0, 27, 2354.55, 75314968, 2685, 0, 0
31286, 331, 843, 1371, 0, 0, 4.10%, 0, 0, 27, 2384.64, 75327424, 2685, 0, 0
31291, 331, 1142, 1371, 0, 0, 4.10%, 0, 0, 27, 2166.49, 75338604, 2685, 0, 0
31296, 331, 1345, 1371, 0, 0, 4.10%, 0, 0, 27, 2232.57, 75350508, 2685, 0, 0
31302, 331, 1228, 1371, 0, 0, 4.10%, 0, 0, 27, 2217.77, 75362045, 2685, 0, 0
31307, 331, 327, 1371, 0, 0, 4.10%, 0, 0, 27, 2382.12, 75374577, 2685, 0, 0
31312, 331, 1168, 1371, 0, 0, 4.10%, 0, 0, 27, 2429.47, 75387301, 2685, 0, 0
31317, 331, 823, 1371, 0, 0, 4.10%, 0, 0, 27, 2410.67, 75399726, 2685, 0, 0
31322, 331, 682, 1372, 1, 0, 4.10%, 0, 0, 27, 2155.37, 75410638, 2685, 0, 0
31327, 331, 462, 1372, 1, 0, 4.10%, 0, 0, 27, 2297.68, 75422377, 2685, 0, 0
31333, 331, 1371, 1372, 1, 0, 4.10%, 0, 0, 27, 2119.65, 75433545, 2685, 0, 0
31338, 332, 572, 1372, 0, 0, 4.10%, 0, 0, 27, 2262.47, 75445230, 2685, 0, 0
31343, 332, 524, 1372, 0, 0, 4.10%, 0, 0, 27, 2350.50, 75457087, 2685, 0, 0
31348, 332, 1054, 1372, 0, 0, 4.10%, 0, 0, 27, 2374.22, 75469192, 2685, 0, 0
31354, 332, 780, 1372, 0, 0, 4.10%, 0, 0, 27, 2273.82, 75480990, 2685, 0, 0
31359, 332, 524, 1372, 0, 0, 4.10%, 0, 0, 27, 2445.66, 75493316, 2685, 0, 0
31364, 332, 531, 1372, 0, 0, 4.10%, 0, 0, 27, 2399.83, 75505244, 2685, 0, 0
31369, 332, 642, 1372, 0, 0, 4.10%, 0, 0, 27, 2436.20, 75517369, 2685, 0, 0
31374, 332, 782, 1372, 0, 0, 4.10%, 0, 0, 27, 2382.60, 75529230, 2685, 0, 0
31379, 332, 1097, 1372, 0, 0, 4.10%, 0, 0, 27, 2301.53, 75540505, 2685, 0, 0
31384, 332, 1335, 1373, 1, 0, 4.10%, 0, 0, 27, 2198.38, 75551581, 2685, 0, 0
31391, 332, 1372, 1373, 1, 0, 4.10%, 0, 0, 27, 1996.49, 75564588, 2685, 0, 0
31396, 332, 900, 1373, 0, 0, 4.10%, 0, 0, 27, 2293.19, 75575945, 2685, 0, 0
31401, 332, 682, 1373, 0, 0, 4.10%, 0, 0, 27, 2339.38, 75587670, 2685, 0, 0
31406, 332, 1134, 1373, 0, 0, 4.10%, 0, 0, 27, 2446.33, 75600141, 2685, 0, 0
31411, 332, 1255, 1373, 0, 0, 4.10%, 0, 0, 27, 2373.08, 75612210, 2685, 0, 0
31416, 332, 1255, 1373, 0, 0, 4.10%, 0, 0, 27, 2428.79, 75624287, 2685, 0, 0
31421, 332, 244, 1373, 0, 0, 4.10%, 0, 0, 27, 2130.93, 75635087, 2685, 0, 0
31426, 332, 145, 1373, 0, 0, 4.10%, 0, 0, 27, 2206.14, 75646548, 2685, 0, 0
31431, 332, 231, 1373, 0, 0, 4.10%, 0, 0, 27, 2373.46, 75658675, 2685, 0, 0
31436, 332, 604, 1373, 0, 0, 4.10%, 0, 0, 27, 2424.07, 75670851, 2685, 0, 0
31441, 332, 531, 1373, 0, 0, 4.10%, 0, 0, 27, 2441.68, 75683197, 2685, 0, 0
31446, 332, 605, 1373, 0, 0, 4.10%, 0, 0, 27, 2409.08, 75695675, 2685, 0, 0
31452, 332, 628, 1373, 0, 0, 4.10%, 0, 0, 27, 2432.03, 75708349, 2685, 0, 0
31457, 332, 1272, 1373, 0, 0, 4.10%, 0, 0, 27, 2195.57, 75719758, 2685, 0, 0
31462, 332, 615, 1373, 0, 0, 4.10%, 0, 0, 27, 2274.66, 75731008, 2685, 0, 0
31467, 333, 1191, 1373, 0, 0, 4.10%, 0, 0, 27, 2163.55, 75742550, 2685, 0, 0
31472, 333, 1175, 1373, 0, 0, 4.10%, 0, 0, 27, 2043.06, 75753258, 2685, 0, 0
31477, 333, 1365, 1373, 0, 0, 4.10%, 0, 0, 27, 2241.84, 75764883, 2685, 0, 0
31482, 333, 438, 1373, 0, 0, 4.10%, 0, 0, 27, 2386.61, 75777252, 2685, 0, 0
31488, 333, 1118, 1373, 0, 0, 4.10%, 0, 0, 27, 2279.55, 75788971, 2685, 0, 0
31493, 333, 77, 1373, 0, 0, 4.10%, 0, 0, 27, 2331.77, 75801075, 2685, 0, 0
31498, 333, 407, 1373, 0, 0, 4.10%, 0, 0, 27, 2438.48, 75813801, 2685, 0, 0
31503, 333, 1202, 1373, 0, 0, 4.10%, 0, 0, 27, 2262.26, 75825068, 2685, 0, 0
31508, 333, 1118, 1373, 0, 0, 4.10%, 0, 0, 27, 2350.68, 75837329, 2685, 0, 0
31513, 333, 1262, 1373, 0, 0, 4.10%, 0, 0, 27, 2334.59, 75848866, 2685, 0, 0
31518, 333, 231, 1373, 0, 0, 4.10%, 0, 0, 27, 2246.84, 75859216, 2685, 0, 0
31523, 333, 54, 1373, 0, 0, 4.10%, 0, 0, 27, 2336.19, 75871844, 2685, 0, 0
31529, 333, 165, 1373, 0, 0, 4.10%, 0, 0, 27, 2216.16, 75882715, 2685, 0, 0
31534, 333, 537, 1373, 0, 0, 4.10%, 0, 0, 27, 2273.76, 75894315, 2685, 0, 0
31539, 333, 638, 1373, 0, 0, 4.10%, 0, 0, 27, 2250.00, 75906044, 2685, 0, 0
31544, 333, 1105, 1373, 0, 0, 4.10%, 0, 0, 27, 2217.49, 75916740, 2685, 0, 0
31549, 333, 1237, 1373, 0, 0, 4.10%, 0, 0, 27, 2360.09, 75928864, 2685, 0, 0
31554, 333, 780, 1373, 0, 0, 4.10%, 0, 0, 27, 2383.71, 75940874, 2685, 0, 0
31559, 333, 715, 1373, 0, 0, 4.10%, 0, 0, 27, 2440.32, 75953087, 2685, 0, 0
31564, 333, 69, 1373, 0, 0, 4.10%, 0, 0, 27, 2224.20, 75964308, 2685, 0, 0
31569, 333, 1193, 1373, 0, 0, 4.10%, 0, 0, 27, 2383.62, 75976093, 2685, 0, 0
31574, 333, 108, 1373, 0, 0, 4.10%, 0, 0, 27, 2361.12, 75988208, 2685, 0, 0
31579, 333, 86, 1373, 0, 0, 4.10%, 0, 0, 27, 2301.50, 75999759, 2685, 0, 0
31584, 333, 823, 1373, 0, 0, 4.10%, 0, 0, 27, 2404.01, 76012085, 2685, 0, 0
31589, 334, 1067, 1373, 0, 0, 4.10%, 0, 0, 27, 2153.99, 76022813, 2685, 0, 0
31594, 334, 1234, 1373, 0, 0, 4.10%, 0, 0, 27, 2236.46, 76034402, 2685, 0, 0
31599, 334, 900, 1373, 0, 0, 4.10%, 0, 0, 27, 2374.36, 76046977, 2685, 0, 0
31604, 334, 1366, 1373, 0, 0, 4.10%, 0, 0, 27, 2403.03, 76059037, 2685, 0, 0
31609, 334, 1168, 1373, 0, 0, 4.10%, 0, 0, 27, 2355.67, 76070827, 2685, 0, 0
31614, 334, 422, 1373, 0, 0, 4.10%, 0, 0, 27, 2369.28, 76082861, 2685, 0, 0
31620, 334, 121, 1373, 0, 0, 4.10%, 0, 0, 27, 2474.42, 76095788, 2685, 0, 0
31625, 334, 853, 1373, 0, 0, 4.10%, 0, 0, 27, 2507.07, 76108514, 2685, 0, 0
31630, 334, 1007, 1373, 0, 0, 4.10%, 0, 0, 27, 1989.48, 76118817, 2685, 0, 0
31635, 334, 775, 1373, 0, 0, 4.10%, 0, 0, 27, 2165.13, 76130411, 2685, 0, 0
31640, 334, 787, 1373, 0, 0, 4.10%, 0, 0, 27, 2362.43, 76142502, 2685, 0, 0
31645, 334, 763, 1373, 0, 0, 4.10%, 0, 0, 27, 2345.45, 76154402, 2685, 0, 0
31650, 334, 1334, 1373, 0, 0, 4.10%, 0, 0, 27, 2301.35, 76166352, 2685, 0, 0
31655, 334, 542, 1373, 0, 0, 4.10%, 0, 0, 27, 2273.52, 76177638, 2685, 0, 0
31660, 334, 1195, 1373, 0, 0, 4.10%, 0, 0, 27, 2434.92, 76190087, 2685, 0, 0
31665, 334, 214, 1373, 0, 0, 4.10%, 0, 0, 27, 2206.33, 76201032, 2685, 0, 0
31671, 334, 1009, 1373, 0, 0, 4.10%, 0, 0, 27, 2438.73, 76213929, 2685, 0, 0
31676, 334, 823, 1373, 0, 0, 4.10%, 0, 0, 27, 2468.86, 76226310, 2685, 0, 0
31681, 334, 1100, 1373, 0, 0, 4.10%, 0, 0, 27, 2372.78, 76237871, 2685, 0, 0
31686, 334, 732, 1373, 0, 0, 4.10%, 0, 0, 27, 2339.48, 76249427, 2685, 0, 0
31691, 334, 548, 1373, 0, 0, 4.10%, 0, 0, 27, 2350.99, 76261231, 2685, 0, 0
31696, 334, 236, 1373, 0, 0, 4.10%, 0, 0, 27, 2041.80, 76271678, 2685, 0, 0
31701, 334, 1201, 1373, 0, 0, 4.10%, 0, 0, 27, 2319.34, 76283901, 2685, 0, 0
31706, 334, 712, 1373, 0, 0, 4.10%, 0, 0, 27, 2362.94, 76295811, 2685, 0, 0
31711, 335, 672, 1373, 0, 0, 4.10%, 0, 0, 27, 2434.91, 76307965, 2685, 0, 0
31716, 335, 68, 1373, 0, 0, 4.10%, 0, 0, 27, 2460.18, 76320341, 2685, 0, 0
31721, 335, 1255, 1373, 0, 0, 4.10%, 0, 0, 27, 2419.86, 76332240, 2685, 0, 0
31726, 335, 1144, 1373, 0, 0, 4.10%, 0, 0, 27, 2209.02, 76343235, 2685, 0, 0
31731, 335, 512, 1373, 0, 0, 4.10%, 0, 0, 27, 2427.72, 76355963, 2685, 0, 0
31737, 335, 1165, 1373, 0, 0, 4.10%, 0, 0, 27, 2287.98, 76367288, 2685, 0, 0
31742, 335, 281, 1373, 0, 0, 4.10%, 0, 0, 27, 2371.03, 76379014, 2685, 0, 0
31747, 335, 1201, 1373, 0, 0, 4.10%, 0, 0, 27, 2286.91, 76390797, 2685, 0, 0
31752, 335, 1254, 1373, 0, 0, 4.10%, 0, 0, 27, 2427.89, 76403607, 2685, 0, 0
31757, 335, 1364, 1373, 0, 0, 4.10%, 0, 0, 27, 2116.82, 76414728, 2685, 0, 0
31762, 335, 1193, 1373, 0, 0, 4.10%, 0, 0, 27, 1987.29, 76424391, 2685, 0, 0
31767, 335, 689, 1373, 0, 0, 4.10%, 0, 0, 27, 2146.43, 76435509, 2685, 0, 0
31772, 335, 900, 1373, 0, 0, 4.10%, 0, 0, 27, 2259.08, 76447259, 2685, 0, 0
31777, 335, 782, 1373, 0, 0, 4.10%, 0, 0, 27, 2314.19, 76459260, 2685, 0, 0
31782, 335, 605, 1373, 0, 0, 4.10%, 0, 0, 27, 2326.51, 76471037, 2685, 0, 0
31787, 335, 177, 1373, 0, 0, 4.10%, 0, 0, 27, 2359.16, 76483409, 2685, 0, 0
31792, 335, 682, 1373, 0, 0, 4.10%, 0, 0, 27, 2368.09, 76495276, 2685, 0, 0
31797, 335, 545, 1373, 0, 0, 4.10%, 0, 0, 27, 2397.88, 76507310, 2685, 0, 0
31803, 335, 787, 1373, 0, 0, 4.10%, 0, 0, 27, 2408.36, 76519501, 2685, 0, 0
31808, 335, 994, 1373, 0, 0, 4.10%, 0, 0, 27, 2458.54, 76532311, 2685, 0, 0
31813, 335, 1127, 1373, 0, 0, 4.10%, 0, 0, 27, 1805.74, 76543421, 2685, 0, 0
31818, 335, 548, 1373, 0, 0, 4.10%, 0, 0, 27, 2254.65, 76555275, 2685, 0, 0
31823, 335, 1367, 1373, 0, 0, 4.10%, 0, 0, 27, 2340.57, 76567326, 2685, 0, 0
31828, 335, 108, 1373, 0, 0, 4.10%, 0, 0, 27, 2296.13, 76578508, 2685, 0, 0
31833, 336, 327, 1373, 0, 0, 4.10%, 0, 0, 27, 2325.95, 76590435, 2685, 0, 0
31838, 336, 537, 1373, 0, 0, 4.10%, 0, 0, 27, 2427.24, 76602541, 2685, 0, 0
31843, 336, 780, 1373, 0, 0, 4.10%, 0, 0, 27, 2121.90, 76613107, 2685, 0, 0
31849, 336, 619, 1373, 0, 0, 4.10%, 0, 0, 27, 2405.19, 76625962, 2685, 0, 0
31854, 336, 578, 1373, 0, 0, 4.10%, 0, 0, 27, 2370.14, 76637740, 2685, 0, 0
31859, 336, 1040, 1373, 0, 0, 4.10%, 0, 0, 27, 2180.64, 76648683, 2685, 0, 0
31864, 336, 1228, 1373, 0, 0, 4.10%, 0, 0, 27, 2408.56, 76661485, 2685, 0, 0
31869, 336, 1360, 1373, 0, 0, 4.10%, 0, 0, 27, 2413.54, 76673536, 2685, 0, 0
31874, 336, 1044, 1373, 0, 0, 4.10%, 0, 0, 27, 2435.42, 76685706, 2685, 0, 0
31879, 336, 669, 1373, 0, 0, 4.10%, 0, 0, 27, 2200.75, 76696286, 2685, 0, 0
31884, 336, 231, 1373, 0, 0, 4.10%, 0, 0, 27, 2434.50, 76708764, 2685, 0, 0
31889, 336, 633, 1373, 0, 0, 4.10%, 0, 0, 27, 2477.04, 76721140, 2685, 0, 0
31894, 336, 1142, 1373, 0, 0, 4.10%, 0, 0, 27, 2342.42, 76733085, 2685, 0, 0
31899, 336, 76, 1373, 0, 0, 4.10%, 0, 0, 27, 2355.42, 76745014, 2685, 0, 0
31904, 336, 1149, 1373, 0, 0, 4.10%, 0, 0, 27, 2422.77, 76757665, 2685, 0, 0
31910, 336, 1211, 1373, 0, 0, 4.10%, 0, 0, 27, 2262.59, 76769292, 2685, 0, 0
31915, 336, 10, 1373, 0, 0, 4.10%, 0, 0, 27, 2344.73, 76781114, 2685, 0, 0
31920, 336, 969, 1373, 0, 0, 4.10%, 0, 0, 27, 2359.85, 76792881, 2685, 0, 0
31925, 336, 1360, 1373, 0, 0, 4.10%, 0, 0, 27, 2361.82, 76804730, 2685, 0, 0
31927, 336, 422, 1373, 0, 0, 4.10%, 0, 0, 27, 2354.41, 76811117, 2685, 0, 0
